date,Omega,AbsorptionRatio,H1_norm,n_loops,Omega_memory
2021-02-02,0.4518700560772882,0.7878213057300761,0.0,0,0.4518700560772882
2021-02-05,0.1674875090826827,0.760292936512231,0.0661483318187248,2,0.42911945231771975
2021-02-10,0.1689709187412496,0.7799263864397993,0.0844211035395071,1,0.40830756963160214
2021-02-16,0.2271364265093934,0.8236201451057277,0.21961928653327,5,0.39381387818182545
2021-02-19,0.1537021965919518,0.8518483376168096,0.3091632842314652,4,0.3746049436546356
2021-02-24,0.3290850360799645,0.8081266720916405,0.4183386775076024,5,0.3709633510486619
2021-03-01,0.6900058217883519,0.8159938236835441,0.1014951676703667,2,0.5623888334924759
2021-03-04,1.0999690359232728,0.852167062527254,0.0853898427686812,1,0.884936954950954
2021-03-09,1.145206377416055,0.8498342364450026,0.0601819644295813,1,1.0410986084300147
2021-03-12,2.401187628550308,0.8506640410833116,0.0442776750274379,1,1.8571520205021907
2021-03-17,2.5511999020625287,0.8560743454944896,0.0804659648534649,1,2.2735807494383935
2021-03-22,2.578406028938184,0.8761167940699346,0.1021876876184565,2,2.4564759171382677
2021-03-25,2.0992358769489234,0.8420897539074108,0.0400294778995916,1,2.4278967139231202
2021-03-30,1.6515229501488713,0.8285184870004139,0.0220759918134264,1,2.3657868128211805
2021-04-05,2.123525659290093,0.8218023003893792,0.0,0,2.3464059205386936
2021-04-08,1.171975436997738,0.7664821120560229,0.0,0,2.2524514818554175
2021-04-13,0.6283052346529407,0.7361852713200211,0.1102103422986124,2,2.1225197820792197
2021-04-16,0.3278797729464054,0.6757468687873358,0.0681898535067422,3,1.9789485813485945
2021-04-21,0.614862747847204,0.6991345930868526,0.0497146411522921,1,1.8698217146684832
2021-04-26,0.9629788497568378,0.7216462054432413,0.044061322165342,2,1.7972742854755517
2021-04-29,0.4359080345324338,0.6716949365774542,0.0692085658193657,2,1.6883649854001024
2021-05-04,0.2313945516253289,0.6796255346074835,0.1681839590920462,3,1.5718073506981207
2021-05-07,0.236819433254896,0.6819785273287752,0.1307336349707434,2,1.4650083173026627
2021-05-12,0.879382141991047,0.7849577074532205,0.0168938127595665,1,1.4181582232777334
2021-05-17,1.3625608242914022,0.8239576888130412,0.0,0,1.4137104313588271
2021-05-20,1.3180953890553635,0.8241733289322923,0.0,0,1.40606122797455
2021-05-25,1.269008263689627,0.8214879719995556,0.0,0,1.395096990831756
2021-05-28,1.704344646812846,0.8451039161774461,0.0,0,1.5806455844204101
2021-06-03,1.8704593434976675,0.8536928603698402,0.075465700891561,2,1.7545338398667647
2021-06-08,0.9599360763702744,0.7938481492145463,0.0377457000793547,3,1.6909660187870454
2021-06-11,0.406508216273757,0.6907741834752533,0.0446621013749074,1,1.5882093945859825
2021-06-16,0.3607126084549332,0.5773083187554616,0.1358031608833881,2,1.4900096516954986
2021-06-21,0.2824001534763761,0.6319085755873389,0.2184185764443079,3,1.3934008918379688
2021-06-24,0.2159674868992202,0.6072415235157624,0.1367370928113986,2,1.299206219442869
2021-06-29,0.4378510924696612,0.6249446655129006,0.0176952086115982,1,1.2302978092850123
2021-07-02,0.1533605938345177,0.5800750152176908,0.0,0,1.1441428320489728
2021-07-08,0.2073048421264383,0.6391448249258131,0.0201886064671915,1,1.06919579285517
2021-07-13,0.1513064487049518,0.6398192389525045,0.0,0,0.9957646453231527
2021-07-16,0.1416565937426825,0.6760445200294452,0.0914708920085649,2,0.9274360011967151
2021-07-21,0.1294697325141833,0.6956502817448853,0.1292138486914255,3,0.8635986997021126
2021-07-26,0.1420913272037727,0.6388283506355252,0.096882201546824,2,0.8058781099022454
2021-07-29,0.1472771891403906,0.6307653904311328,0.0445418124872503,1,0.7531900362412971
2021-08-03,0.139320099875967,0.5941770627003042,0.0343513269595141,2,0.7040804413320707
2021-08-06,0.1092916487686364,0.6004838669492629,0.0133145550490183,1,0.6564973379269959
2021-08-11,0.1334318881536505,0.6127700294651446,0.0165715962207417,2,0.6146521019451284
2021-08-16,0.0612102276887736,0.6454357615923988,0.065164505734041,2,0.5703767520046201
2021-08-19,0.1067494648953188,0.6455769812259728,0.0317868255940815,1,0.533286569035876
2021-08-24,0.0839190018795841,0.6695439370748412,0.0254815810465822,1,0.4973371636633727
2021-08-27,0.2481057967259354,0.7067255103057589,0.1290651707997987,1,0.4773986543083778
2021-09-01,0.2784079186584178,0.705057974602763,0.044673232379826,1,0.46147939545638106
2021-09-07,0.2591508373359267,0.7015733626419873,0.0825656541559756,1,0.4452931108067447
2021-09-10,0.2216255861257797,0.6979352223258937,0.1661196039434206,2,0.4273997088322675
2021-09-15,0.1476612642570051,0.6723220900328036,0.0,0,0.40502063326624654
2021-09-20,0.4895064662566688,0.7614092851422518,0.0335764372235757,3,0.45571213306049996
2021-09-23,0.6018712257457047,0.7168530492996742,0.0731929517088048,1,0.5434075886716229
2021-09-28,1.225973455321299,0.785169128602892,0.084379709620887,2,0.9529471086614285
2021-10-01,1.0356887928231489,0.7473499010509483,0.005507789004808,2,1.0025921191584608
2021-10-06,1.6719892461160863,0.773903154880378,0.0,0,1.4042303953330362
2021-10-11,2.1613259818595387,0.781426799169684,0.0,0,1.8584877472489376
2021-10-14,2.3695713074872784,0.784715514991524,0.0,0,2.165137883391942
2021-10-19,1.6607454394562704,0.7459282819202834,0.0159050625971273,1,2.1247864878770883
2021-10-22,1.2235937727052868,0.7599046938279638,0.0182320240989358,1,2.0526910706633443
2021-10-27,0.2056619736092908,0.6176030188420307,8.884323712921027e-05,1,1.9049287428990203
2021-11-01,0.0297579852218277,0.533763986123319,0.0363701419727275,2,1.754915082284845
2021-11-04,0.041989417575452,0.59293566742026,0.0613064352562385,2,1.6178810291080936
2021-11-09,0.0202070068764629,0.5805251779941446,0.1540017488783422,2,1.4900671073295633
2021-11-12,0.0732811306330443,0.6453655107620729,0.0219278356169714,2,1.3767242291938417
2021-11-17,0.0694911956307094,0.6470284572501508,0.0149129257678772,1,1.2721455865087912
2021-11-22,0.0421943169227372,0.6640572526516422,0.160263322551259,1,1.1737494849419068
2021-11-26,0.2602318530427228,0.7283624855617465,0.3164865854942871,3,1.1006680743899722
2021-12-01,0.9104573865189508,0.7696179992176779,0.0309335395273608,2,1.0854512193602905
2021-12-06,0.5983019203580505,0.7441242610547549,0.0684890095745449,1,1.0464792754401113
2021-12-09,0.88664363989157,0.7511569795713333,0.1803081078090697,1,1.033692424596228
2021-12-14,0.4842738457586952,0.7238198238804504,0.2167355293539341,2,0.9897389382892254
2021-12-17,0.923022866129914,0.7813620827581226,0.0312451075591979,2,0.9844016525164805
2021-12-22,1.1490647446110889,0.7857279513774983,0.0051199474191987,1,1.0831995077732457
2021-12-28,0.8332604108962558,0.7743760031988666,0.0418776944035839,2,1.0632043800230866
2021-12-31,1.0403272342662686,0.7868299509275481,0.0,0,1.0613742083625413
2022-01-05,0.799263946149152,0.7703660937258394,0.0493762886688896,1,1.0404053873854702
2022-01-10,0.9694933267534932,0.7430510249065361,0.0,0,1.0347324225349122
2022-01-13,0.9489784395153984,0.717076983638561,0.0546566772337882,1,1.0278721038933512
2022-01-19,1.4912432489443912,0.7849824008303072,0.0174631832577345,2,1.305894790923975
2022-01-24,0.909734510411307,0.7727748858093749,0.0579603091473532,3,1.2742019684829615
2022-01-27,0.7540688345120408,0.7655685847733693,0.0165460491883284,1,1.232591317765288
2022-02-01,1.5084607294633017,0.822883135935231,0.0,0,1.3981129647840962
2022-02-04,1.007006502252044,0.799661583335543,0.0,0,1.3668244477815321
2022-02-09,0.9238316773739356,0.8004644484353377,0.0,0,1.3313850261489244
2022-02-14,1.1585650851394682,0.8155520821042073,0.0016047921635626,1,1.317559430868168
2022-02-17,1.3355408931334896,0.8139882842175682,0.0252524252918504,1,1.3283483082273608
2022-02-23,1.2209392485259076,0.7979308510515194,0.0228731094211475,1,1.3197555834512447
2022-02-28,1.6305940341955478,0.7981744812838691,0.0,0,1.5062586538978264
2022-03-03,1.7745849416963186,0.7866520842474615,0.0,0,1.6672544265769216
2022-03-08,2.392219921769852,0.845878359063196,0.0,0,2.10223372369268
2022-03-11,2.354665188291348,0.8465460220528683,0.0,0,2.253692602451881
2022-03-16,2.428013739220262,0.867210604112913,0.0,0,2.3582852845129096
2022-03-21,2.410308180673044,0.8420491712749737,0.0,0,2.3894990222089905
2022-03-24,2.1088447546777043,0.8414870869145071,0.0,0,2.3670466808064874
2022-03-29,2.0378393090885387,0.8471145596498925,0.0102531020856895,1,2.340710091069052
2022-04-01,2.276565069277056,0.8504333971774429,0.0,0,2.3355784893256923
2022-04-06,1.4897804565332118,0.8602204809275863,0.0185977851707624,1,2.267914646702294
2022-04-11,0.7357147088762588,0.864040765351387,0.0171469785612707,1,2.1453386516762114
2022-04-14,0.4444092664082798,0.8449195983015394,0.0837355788307833,4,2.009264300854777
2022-04-20,0.7666301836535744,0.8265958881369164,0.0369912441063653,1,1.9098535714786808
2022-04-25,1.2775443922355476,0.8412238661886992,0.0325491101873705,1,1.8592688371392303
2022-04-28,1.483949144943943,0.8634640957380929,0.0,0,1.8292432617636074
2022-05-03,1.4439840011743414,0.8621351707653163,0.0710428630843664,1,1.7984225209164661
2022-05-06,1.175530895523959,0.8727143127889516,0.0748820871963924,1,1.7485911908850658
2022-05-11,1.4816491521081658,0.8729572162605478,0.0330255555455487,1,1.7272358277829138
2022-05-16,1.6168917119077943,0.884133698610413,0.0,0,1.7184082985129043
2022-05-19,1.639351627913528,0.8915287895662604,0.0222919919845023,1,1.7120837648649543
2022-05-24,1.526066271238954,0.8734227885504579,0.0699098886789263,1,1.6972023653748745
2022-05-27,1.264742498966862,0.915688878698906,0.0,0,1.6626055760622336
2022-06-02,1.2689588558714906,0.9125358292724478,0.0399497141022958,1,1.6311138384469743
2022-06-07,1.1023246195576062,0.8714185439719846,0.0451367671092696,2,1.588810700935825
2022-06-10,1.0285473534201754,0.8925635148974839,0.0037780710046138,1,1.543989633134573
2022-06-15,2.058920451956096,0.8690796280054676,0.0155123796110283,1,1.852948124427487
2022-06-21,2.6771230636133465,0.8687107172133903,0.0,0,2.3474530879390025
2022-06-24,2.539049397681033,0.8765281482651035,0.0,0,2.4624108737842207
2022-06-29,2.2354176159755106,0.861732632172504,0.0125014530543789,1,2.444251413159524
2022-07-05,2.406168947086885,0.8463293677465085,0.0,0,2.441204815873713
2022-07-08,2.590388940154759,0.8553125906871794,0.0,0,2.5307152904423402
2022-07-13,1.779377350956192,0.8027856817349635,0.0,0,2.4706082552834485
2022-07-18,0.945444591680926,0.8102539404002749,0.047852026792916,2,2.348595162195247
2022-07-21,1.1597997082908855,0.8539736056102256,0.0334750333661048,2,2.2534915258828985
2022-07-26,1.2410365274177964,0.8450709686108591,0.043986793252473,1,2.172495126005691
2022-07-29,1.26060946378829,0.8167765296345303,0.0531923331814044,2,2.099544273028299
2022-08-03,1.0954435484651344,0.8076760446672605,0.0046453527083923,2,2.019216215063246
2022-08-08,0.7568022087869032,0.785406126823732,0.0363951043560123,2,1.9182230945611387
2022-08-11,0.7638857141673518,0.8220481729740194,0.0304011473121658,3,1.8258761041296356
2022-08-16,0.8805324849222703,0.8232347410180155,0.0189454629621367,2,1.7502486145930465
2022-08-19,0.8212183125336223,0.820461419802896,0.0005581156850369,1,1.6759261904282927
2022-08-24,1.119971881639812,0.8030596149596608,0.0005638253475825,1,1.6314498457252142
2022-08-29,1.5296258976179071,0.90051412499095,0.0,0,1.6233039298766296
2022-09-01,1.3512828933915575,0.8832604878986412,0.0082782129621598,1,1.6015422469578238
2022-09-07,0.6170368147296057,0.8966249979001479,0.0,0,1.5227818123795662
2022-09-12,0.3764007670941584,0.8841027729798309,0.0686086378588856,1,1.4310713287567338
2022-09-15,3.076948687090593,0.8772866803661806,0.055822455118804,3,2.4185977437570494
2022-09-20,2.9629157217984066,0.8763641819593015,0.0190301740503942,2,2.7451885305818635
2022-09-23,1.9958426409995569,0.8501236711331737,0.0197318163321241,2,2.6852408594152792
2022-09-28,1.3724806068998314,0.8181379586713883,0.0618862196534404,1,2.5802200392140437
2022-10-03,2.4077771884261607,0.8342500761157161,0.0102275365390854,1,2.566424611151013
2022-10-06,2.4546776968157897,0.8369931712890927,0.0,0,2.557484858004195
2022-10-11,1.4804683455290224,0.7708167530465624,0.046428324527399,2,2.4713235370061812
2022-10-14,1.530313768866959,0.8090100095795525,0.0334375401639293,1,2.3960427555550434
2022-10-19,1.787314415343363,0.8195983529633482,0.0,0,2.3473444883381087
2022-10-24,1.8574075394359344,0.8206559919261993,0.0,0,2.3081495324259347
2022-10-27,1.2007769672955793,0.8227715975142154,0.0497554159138756,1,2.2195597272155063
2022-11-01,0.7339842126804452,0.775500272376126,0.0155180578793481,1,2.1007136860527016
2022-11-04,0.6771902869930344,0.7618163350990029,0.1873770280998873,2,1.9868318141279284
2022-11-09,0.8257776690054442,0.7596154371301165,0.0154212584815244,1,1.89394748251813
2022-11-14,1.7545049719802956,0.8023072525827585,0.0,0,1.8827920816751031
2022-11-17,1.546221134739641,0.7904378081461575,0.0,0,1.8558664059202663
2022-11-22,1.8814755316301928,0.8117231723671455,0.0,0,1.871231881346222
2022-11-28,2.344995716618473,0.8355004136326196,0.0,0,2.1554901825095727
2022-12-01,2.5320385335104896,0.8517893858616822,0.0005659675194477,1,2.3814191931101227
2022-12-06,2.751978723173142,0.8548079935461317,0.0265861428566367,1,2.6037549111479343
2022-12-09,0.8431423995802418,0.7958217099956455,0.0990815550066652,2,2.4629059102225193
2022-12-14,1.1020921529446217,0.8037093981876219,0.0035232788752247,1,2.3540408096402876
2022-12-19,1.3547591837196225,0.8298301577602603,0.0,0,2.2740982795666347
2022-12-22,1.4768195344699615,0.8332692744063241,0.0034812098634139,1,2.210315979958901
2022-12-28,1.5434436564699163,0.8182719440030428,0.0131779211479624,2,2.1569661940797826
2023-01-03,1.2795898624355178,0.795933041240524,0.0,0,2.0867760875482415
2023-01-06,0.8325601166817459,0.7912441187123248,0.0223339457479444,1,1.986438809878922
2023-01-11,0.888740728437291,0.7812926156095341,0.0539033746680421,2,1.8986229633635916
2023-01-17,0.5352776080629704,0.7326552469461066,0.1108823062133436,3,1.7895553349395419
2023-01-20,0.5027418046941441,0.7575548380914431,0.0883907069884541,3,1.68661025251991
2023-01-25,0.2452919554007799,0.7302644001219649,0.1775282607578034,5,1.5713047887503797
2023-01-30,0.2657140896838324,0.7169496019414384,0.2961637455573366,3,1.466857532825056
2023-02-02,0.594183285463287,0.7975120794236841,0.0885864867589371,2,1.3970435930361145
2023-02-07,0.7917952732544111,0.7929491568308078,0.1082978076954375,2,1.3486237274535784
2023-02-10,0.8043677479963288,0.8186922026942265,0.0642960960419174,2,1.3050832490969986
2023-02-15,0.7307255884675696,0.7532690662812263,0.1021047122729996,2,1.2591346362466445
2023-02-21,0.9049046716750724,0.7965747159419628,0.0398606253762964,1,1.2307962390809186
2023-02-24,0.7795275989989316,0.7466710097909549,0.0136675285324648,1,1.19469474787436
2023-03-01,0.7711923525860449,0.7432745110645816,0.0052491511653708,1,1.1608145562512948
2023-03-06,0.6913214627477308,0.773329878086311,0.0013377571749294,1,1.1232551087710099
2023-03-09,0.6060480123802174,0.8194524434294723,0.056797787021761,2,1.0818785410597465
2023-03-14,0.6378369769666479,0.8255247248285106,0.0756633987993408,2,1.0463552159322986
2023-03-17,0.616472301411283,0.7860157289361154,0.0552955014445821,1,1.0119645827706174
2023-03-22,0.2544503728160561,0.742311603228723,0.2551705253987177,2,0.9513634459742526
2023-03-27,0.568968145553443,0.7351553564209216,0.0331373671347543,2,0.9207718219405879
2023-03-30,0.655573666786588,0.7411577250395371,0.0327028900803287,3,0.899555969528268
2023-04-04,0.7344336070747776,0.7308131718382682,0.1472884277685215,2,0.8863461805319888
2023-04-10,0.3630376172243564,0.6725457914037798,0.0848001310157972,3,0.8444814954673783
2023-04-13,0.4294729523241002,0.7117197183843745,0.1288177158994896,3,0.8112808120159161
2023-04-18,0.2401320572575991,0.7222575236840857,0.1073262223946951,1,0.7655889116352507
2023-04-21,0.1403868667463472,0.6470887258026505,0.0249072535773462,2,0.7155727480441385
2023-04-26,0.2662712431261583,0.6807644141521784,0.0666147805696814,1,0.6796286276507001
2023-05-01,0.0715121071644785,0.6461748131469772,0.0578526559044962,1,0.6309793060118024
2023-05-04,0.0519301184106156,0.5915088397341784,0.2734043161824462,5,0.5846553710037076
2023-05-09,0.0540503527433232,0.6413816621106783,0.2899655361141253,5,0.5422069695428768
2023-05-12,0.0313360466089079,0.6317556819519266,0.1911097052419117,2,0.5013372957081593
2023-05-17,0.0563284718754349,0.6343018503899178,0.2510323673918617,3,0.4657365898015414
2023-05-22,0.1267214981986356,0.6707342133262012,0.1669634945686793,3,0.438615382473309
2023-05-25,0.5373065968091308,0.7933162836694988,0.1261519289264192,2,0.49783011107480213
2023-05-31,0.4509937921707533,0.7770991818075772,0.0468090749148675,2,0.49408320556247826
2023-06-05,0.4366234299939212,0.7906663484961793,0.0812774961387357,4,0.4894864235169937
2023-06-08,0.5533687197288979,0.7547744833998762,0.0916888809417824,3,0.5278158012441362
2023-06-13,0.5349363849383655,0.7488334637585928,0.0934174417546627,3,0.5320881514606738
2023-06-16,0.406254499526316,0.7382411072484474,0.0193022426563921,2,0.5220214593059253
2023-06-22,0.4811907483051996,0.7528312620288691,0.0086697096713922,1,0.5187550024258673
2023-06-27,0.2542303371879103,0.6613666356613752,0.1494469170305222,3,0.4975930292068307
2023-06-30,0.2317879505547056,0.6533954397739139,0.1244293282207643,3,0.4763286229146607
2023-07-06,0.1728067620308978,0.6623410938365885,0.0870814103744047,2,0.4520468740439597
2023-07-11,0.0886285194061391,0.6490320448876277,0.3197678609631693,3,0.42297340567293407
2023-07-14,0.1463349007958976,0.6770931047341159,0.0919644624595187,2,0.4008423252827712
2023-07-19,0.1725727076771553,0.7081729291931937,0.0664364601025195,1,0.38258075587432194
2023-07-24,0.3600485730626706,0.7148599473939818,0.1780816141168735,3,0.38077818124938984
2023-07-27,0.1834206753894746,0.591279448937488,0.1865580885632628,3,0.3649895807805966
2023-08-01,0.1921298869365863,0.6545487724359041,0.1218821491157787,2,0.35116080527307586
2023-08-04,0.3799081319994383,0.684043804032622,0.0459274420587215,2,0.3684092013088933
2023-08-09,0.4717222424793679,0.7359957199228992,0.0424700001152156,1,0.430397026011178
2023-08-14,0.5707550491414166,0.7403958710297955,0.0,0,0.5146118398893211
2023-08-17,0.4612011857537352,0.7439425967442719,0.1059602273167855,1,0.5103389875584743
2023-08-22,0.4920746522364003,0.7484339800377907,0.0702312801494796,3,0.5088778407327084
2023-08-25,1.1422075282446995,0.8042809927801627,0.0,0,0.8888756532399031
2023-08-30,1.3094718413070272,0.7972687325684731,0.0,0,1.1412333660801777
2023-09-05,0.7695902012409673,0.8217100161541228,0.0,0,1.1115019128930408
2023-09-08,0.6722347492973755,0.792268178040519,0.0246837156399466,1,1.0763605398053877
2023-09-13,0.5267479332209613,0.6739891026426166,0.1246984533774764,3,1.0323915312786336
2023-09-18,0.8103633649433395,0.6960152549838668,0.0550567836954249,2,1.0146292779718102
2023-09-21,0.6909012665630688,0.7179662542106166,0.1453978400521371,3,0.9887310370591109
2023-09-26,0.6679719515455572,0.6983072882507553,0.1041480250929898,4,0.9630703102180266
2023-09-29,0.6248744751698195,0.715648060107988,0.0347059928321399,3,0.9360146434141701
2023-10-04,1.5231138835733344,0.7806829822917046,0.0289397096957294,2,1.2882741875096686
2023-10-09,2.423461062592396,0.8040764903385229,0.0346398597771607,1,1.969386312559305
2023-10-12,1.978632264844032,0.817836414604554,0.0181743824826307,2,1.9749338839301411
2023-10-17,1.683582225830536,0.8059507025063418,0.0116453905123279,1,1.9516257512821726
2023-10-20,0.8892349090082488,0.7710367609163551,0.1326961708995344,3,1.8666344839002589
2023-10-25,1.2196651234241822,0.7710499684170454,0.0007763477163026,1,1.8148769350621727
2023-10-30,0.9315576821192296,0.7653156434275509,0.0,0,1.7442113948267375
2023-11-02,0.8128970674156198,0.796236322245677,0.0243096131427141,1,1.669706248633848
2023-11-07,0.7736611986678187,0.7903830882203158,0.0126934590446339,1,1.5980226446365657
2023-11-10,0.8228884259798379,0.7908979119040861,0.0,0,1.5360119071440275
2023-11-15,1.1076427792819583,0.7988860340912368,0.0,0,1.501742376915062
2023-11-20,1.2704338946543232,0.8220988870165321,0.0023855542977482,1,1.483237698334203
2023-11-24,0.3813925258205836,0.8201654279846947,0.0,0,1.3950900845331136
2023-11-29,0.3761796786082997,0.8371261102524039,0.0455896899385522,2,1.3135772520591285
2023-12-04,0.4914759538754227,0.7722771537607557,0.0,0,1.247809148204432
2023-12-07,0.2803620866586236,0.7916845827904434,0.1359884688691284,3,1.1704133832807673
2023-12-12,0.1656583892335296,0.6318456139925775,0.1459023823258223,4,1.0900329837569884
2023-12-15,0.0968150134077183,0.6308930513524833,0.1465445492311075,3,1.0105755461290469
2023-12-20,0.0856232106444463,0.5998804522343402,0.0773868326700315,3,0.9365793592902789
2023-12-26,0.1442532944039309,0.6192747595350154,0.1255609391674886,3,0.8731932740993712
2023-12-29,0.186601934342186,0.6466095762205697,0.1417919820875365,3,0.8182659669187964
2024-01-04,0.2426941225627043,0.6757945838924749,0.2103820537489314,3,0.772220219370309
2024-01-09,0.3422018934693456,0.7023871819706053,0.1120309404010835,1,0.737818753298232
2024-01-12,0.5378171371456456,0.7678506730006661,0.0984631050834412,2,0.721818624006025
2024-01-18,0.8487830182315826,0.7445272188385657,0.0135243781973914,1,0.7979972605413596
2024-01-23,0.6447668723421072,0.7242989207269473,0.0978056748491352,3,0.7857388294854194
2024-01-26,0.6058022752480242,0.7250136861389148,0.045944270936687,1,0.7713439051464278
2024-01-31,0.653233587195031,0.6980872926101436,0.0233763055526992,1,0.761895079710316
2024-02-05,0.3368271346129046,0.702424879016918,0.0202138625779988,1,0.7278896441025231
2024-02-08,0.2837380727723654,0.7360914985551483,0.0631781562933786,3,0.6923575183961106
2024-02-13,0.4002528164807174,0.7516684849147205,0.0310778704705332,1,0.6689891422428792
2024-02-16,0.4276717033829575,0.7910263069330311,0.0514661875742812,1,0.6496837471340855
2024-02-22,0.6932686503775236,0.7677579192516847,0.0341974651853294,1,0.6758346890801483
2024-02-27,0.702897538048495,0.7557701433544954,0.0271438658040005,1,0.6920723984611563
2024-03-01,0.4261716536392306,0.7449601741619878,0.0,0,0.6708003388754022
2024-03-06,0.9303472956473754,0.7499268292787822,0.025753852909504,2,0.8265285129385862
2024-03-11,0.9825012355894336,0.75734584573262,0.1162263298535941,3,0.9201121465290947
2024-03-14,0.6728714252281155,0.7343061214977677,0.0840693012337702,4,0.9003328888250164
2024-03-19,0.6573208530682714,0.7062579757718094,0.0060209229810531,1,0.8808919259644769
2024-03-22,0.3956663672573774,0.6046478410595645,0.0825838235434224,1,0.8420738812679089
2024-03-27,0.418818308331945,0.6133440574623064,0.0760068884535403,1,0.8082134354330318
2024-04-02,0.358141322384738,0.6259167804245657,0.1877353598812645,2,0.7722076663891683
2024-04-05,0.3012254433922359,0.6521151008329193,0.1143481414273619,1,0.7345290885494138
2024-04-10,0.0968548945657252,0.6470110187135428,0.1496023244902502,3,0.6835151530307186
2024-04-15,0.473796091875976,0.7235553597673905,0.1402400431501945,3,0.6667376281383393
2024-04-18,0.6741189677954924,0.7616087781380857,0.0,0,0.6711664319326311
2024-04-23,1.1573505118066003,0.7940303660220698,0.0908405046188947,2,0.9628768798570126
2024-04-26,1.4131220350432674,0.7844963018536621,0.0,0,1.2330239729687655
2024-05-01,1.0008835228692328,0.7880255785778038,0.0057371439832224,1,1.2144527369608031
2024-05-06,1.136675129674844,0.7893308835889347,0.0,0,1.2082305283779264
2024-05-09,0.8399511750605118,0.7142581668400142,0.0009400327968295,1,1.1787681801125331
2024-05-14,0.5445774519498636,0.6905699450738723,0.0352496714817892,2,1.1280329218595195
2024-05-17,0.2534459517790809,0.6505989172935471,0.081189834540474,3,1.0580659642530843
2024-05-22,0.2389882921199819,0.6455468723214356,0.0890291796755646,3,0.9925397504824361
2024-05-28,0.136236296367273,0.7170486047507955,0.0356193887292568,2,0.9240354741532232
2024-05-31,0.4429105020985107,0.7232554346671627,0.0231039564881377,2,0.8855454763888462
2024-06-05,0.3478279099778595,0.7109412906339654,0.1649797874901822,2,0.8425280710759673
2024-06-10,0.3769714407053102,0.6898619651655209,0.0428764764057367,2,0.8052835406463148
2024-06-13,0.175114982993479,0.5957543873560059,0.221006392985868,2,0.754870056034088
2024-06-18,0.1495351672166547,0.5761750030629289,0.045048932298973,2,0.7064432649286934
2024-06-24,0.1284066199537686,0.6248744960346085,0.0,0,0.6602003333306995
2024-06-27,0.1120672519132044,0.6124552077964676,0.0365934898329434,1,0.6163496868173
2024-07-02,0.0751415121150644,0.5690473688424666,0.0125568945579623,2,0.5730530328411212
2024-07-08,0.0392324336224047,0.5589287945566604,0.0,0,0.5303473849036239
2024-07-11,0.0857115367044531,0.5882790220461175,0.026889415373531,1,0.49477651704769027
2024-07-16,0.0738066609562136,0.6410566742832309,0.0610697260982306,2,0.46109892856037216
2024-07-19,0.2659979409226862,0.6967869929800115,0.0240484003888377,2,0.4454908495493573
2024-07-24,0.8531161952290638,0.7865881292952027,0.0074506284995056,1,0.6900660569571812
2024-07-29,0.4775498970588352,0.8003712222658768,0.0,0,0.6730647641653135
2024-08-01,0.783455147228764,0.8504266051435044,0.0,0,0.7392989940033838
2024-08-06,0.7421504671849386,0.8130309795031374,0.0569152007282877,2,0.7410098779123167
2024-08-09,0.8202736404766346,0.8324899113306484,0.0323582289865178,2,0.7885681354509074
2024-08-14,0.8051862563184156,0.8316830030455374,0.0583853244233522,1,0.7985390079714123
2024-08-19,0.8555193914223225,0.8350424755127853,0.0165470419198903,2,0.8327272380419584
2024-08-22,1.2039220056249602,0.8365680244079748,0.0,0,1.0554440985917595
2024-08-27,1.077527461411599,0.829764294084085,0.0,0,1.0686941162836634
2024-08-30,0.6688226652100848,0.7912479306736926,0.1319068308936809,2,1.0367044001977772
2024-09-05,1.1164957768156047,0.8650346210938826,0.0,0,1.0845792261684737
2024-09-10,2.0315761694554504,0.7966563363896425,0.0,0,1.6527773921406597
2024-09-13,1.881888365055448,0.7842603784227488,0.0,0,1.7902439758895328
2024-09-18,1.8214519955720496,0.7648375181699473,0.0,0,1.8089687876990428
2024-09-23,1.884543515664155,0.7657774718079173,0.0,0,1.8543136244781102
2024-09-26,1.3506886601450987,0.7209267172282127,0.0,0,1.8140236273314694
2024-10-01,0.8826696196744371,0.6802307257466104,0.0,0,1.7395153067189069
2024-10-04,0.3673665203909982,0.6454476011074174,0.0,0,1.6297434038126744
2024-10-09,0.1992313623309777,0.6919414301418066,0.0957035717066433,2,1.5153024404941389
2024-10-14,0.1853809879875691,0.6656734954321208,0.2624583421791145,4,1.4089087242936134
2024-10-17,0.1079500221492248,0.658284098943121,0.2448248333446302,3,1.3048320281220624
2024-10-22,0.1051675237194129,0.6774153765050323,0.0738659299932151,1,1.2088588677698506
2024-10-25,0.1249216902013243,0.6444318728618408,0.1039337638621038,3,1.1221438935643686
2024-10-30,0.0956533067195434,0.6214517060955189,0.0657367644424194,1,1.0400246466167826
2024-11-04,0.4791737691901229,0.6303538190220813,0.0,0,0.99515657642265
2024-11-07,0.6726018103919779,0.7057857854244931,0.0826824243290238,1,0.9693521951401962
2024-11-12,0.6803598104955577,0.6915579593609775,0.0778767732069762,2,0.9462328043686252
2024-11-15,1.0604536709804404,0.7499389482687127,0.0836179798505395,2,1.0147653243357144
2024-11-20,0.9028068020130128,0.7636568445397227,0.0043674649093508,1,1.0058086425498984
2024-11-25,0.5882726656933595,0.7294516352169997,0.0,0,0.9724057644013754
2024-11-29,0.2711567243433779,0.7346367162851118,0.0742419830337202,2,0.9163058411967356
2024-12-04,0.3019122998320259,0.664680536195653,0.0966724997593524,2,0.8671543578875589
2024-12-09,0.1104409118787174,0.6045054208272448,0.1465375485158311,2,0.8066172822068516
2024-12-12,0.1637453377606742,0.623019083023347,0.1056602180099552,3,0.7551875266511575
2024-12-17,0.0288746739200089,0.6557044528093334,0.146029668481384,4,0.6970824984326656
2024-12-20,0.0927125521785533,0.6652388290277407,0.0592839180211115,3,0.6487329027323366
2024-12-26,0.1453112590471377,0.672071302787013,0.18627608873216,3,0.6084591712375207
2024-12-31,0.1415636603241891,0.6979153263893091,0.2528829656509054,3,0.5711075303644542
2025-01-06,0.2391797525358752,0.6892022269437021,0.0366373618847823,2,0.5445533081381679
2025-01-10,0.5579211524268458,0.7080822634693886,0.0951730183159398,2,0.5525740147113747
2025-01-15,0.933861561783131,0.753935168019284,0.0145184472645766,1,0.7813465429544284
2025-01-21,0.9498184100252696,0.7585491534418286,0.0428543065400902,1,0.8824296631969331
2025-01-24,0.8497153052553985,0.7475878205350661,0.1072733830065768,2,0.8798125145616104
2025-01-29,1.0757992699143508,0.8292011918848715,0.0,0,0.9974045677732546
2025-02-03,0.916208743911432,0.8141307744665998,0.0269515784845585,1,0.9909089018643089
2025-02-06,0.3477645580403805,0.8013347739706356,0.1941606465325522,2,0.9394573543583947
2025-02-11,0.4009896928657653,0.8050654521925248,0.1694786393679301,2,0.8963799414389844
2025-02-14,0.479856383806936,0.8094889733316947,0.1359469471005798,1,0.8630580568284205
2025-02-20,0.3765769929253046,0.8054130247024462,0.2328015210019449,2,0.8241395717161714
2025-02-25,0.0908097769059528,0.7185743479404315,0.1801199324838662,3,0.7654731881313539
2025-02-28,0.3967603878961057,0.8042603999066715,0.0591655831492197,1,0.7359761641125341
2025-03-05,0.6364579703082479,0.7659859583204897,0.0993664131861269,1,0.7280147086081912
2025-03-10,0.7242489781490973,0.8513879044988628,0.1615886814154079,2,0.7277134501714637
2025-03-13,0.6731129118903842,0.8543604756017851,0.1116759190910767,2,0.7233454071089774
2025-03-18,0.8089666292141247,0.8723791296817182,0.1201073730416317,2,0.7747181403720658
2025-03-21,0.4912014148567579,0.8480410199784681,0.2435762674900022,5,0.7520368023308411
2025-03-26,0.5101396538676028,0.8526882640616807,0.1380502453332625,3,0.7326850304537821
2025-03-31,0.9229661989351368,0.8514353077349219,0.0528013542442143,1,0.8468537315425949
2025-04-03,0.7266340894841882,0.8720767071904368,0.0463775076192314,2,0.8372361601779224
2025-04-08,0.5495877124477064,0.8778791868521632,0.0182364727469532,2,0.8142242843595051
2025-04-11,0.3260685443019658,0.9282403483264432,0.0127986291408942,1,0.775171825154902
2025-04-16,0.4847194394114406,0.9240627549047394,0.0292513062500308,1,0.7519356342954251
2025-04-22,0.2864965331037954,0.9291098627006766,0.0292138307942695,3,0.7147005062000947
2025-04-25,0.2122308975631676,0.9393240677898916,0.1249420623598372,3,0.6745029375091406
2025-04-30,0.183091733724965,0.9431682148055384,0.1061348678192266,3,0.6351900412064065
2025-05-05,0.5263842501289555,0.9217698140831484,0.0140176139930346,2,0.6264855779202105
2025-05-08,2.2278974315495,0.8400835971295694,6.1937672820922e-05,1,1.5873326900977842
2025-05-13,2.8089532544400297,0.8576461626348498,0.0238704907713422,1,2.3203050287031317
2025-05-16,2.2533310427243403,0.814042282435975,0.0,0,2.3149471098248284
2025-05-21,1.8147093881826564,0.7841811879831415,0.0128953694300311,1,2.2749280920934547
2025-05-27,1.9860815956410096,0.7725959535527989,0.0,0,2.251820372377259
2025-05-30,1.9310857757191584,0.7902992915435425,0.002237133849272,1,2.2261616046446115
2025-06-04,1.473868734279975,0.7266081189688678,0.0305494755281878,3,2.1659781750154408
2025-06-09,0.9562455112967856,0.7420881908190303,0.0,0,2.0691995619179484
2025-06-12,0.1678421684331301,0.5614610559633535,0.0,0,1.917090970439163
2025-06-17,0.3027195567397589,0.5686899068848046,0.0185233360282713,3,1.7879412573432107
2025-06-23,0.272250534892175,0.5597934811681642,0.0405785807370503,1,1.666685999547128
2025-06-26,0.1129612341371587,0.5624367276276655,0.0,0,1.5423880183143306
2025-07-01,0.1508233106935771,0.6131549963803945,0.0151831442058798,1,1.4310628417046702
2025-07-07,0.1516846328295618,0.5927687160219612,0.080481821014394,3,1.3287125849946617
2025-07-10,0.1772087077874871,0.6168547944882221,0.0780107577966089,1,1.2365922748180878
2025-07-15,0.2092159729239631,0.6532282999479254,0.0996969025283873,1,1.1544021706665577
2025-07-18,0.1382443139255431,0.6402069880208503,0.1063898201726905,1,1.0731095421272765
2025-07-23,0.1070060262549281,0.6555462699626422,0.0792176541647036,1,0.9958212608574887
2025-07-28,0.2007134053002116,0.6570239338014446,0.0672045468989911,2,0.9322126324129065
2025-07-31,0.0794699207738666,0.6276951427380147,0.0913461490025926,1,0.8639932154817834
2025-08-05,0.2258373908614194,0.6206968937931439,0.0,0,0.8129407495121543
2025-08-08,0.099287337666781,0.5699894543648626,0.0686462247036134,2,0.7558484765645245
2025-08-13,0.1139226797708771,0.5612272519966301,0.0857199200345113,2,0.7044944128210326
2025-08-18,0.1300946626792906,0.5796260930457601,0.0,0,0.6585424328096933
2025-08-21,0.2460330422411644,0.612299220212427,0.0,0,0.625541681564211
2025-08-26,0.3054589980625817,0.6257366431565685,0.0,0,0.5999350668840806
2025-08-29,0.5983917423699563,0.6642831726018793,0.0,0,0.5998116009229507
2025-09-04,0.5480735515134024,0.6528617424031778,0.0485350428007449,1,0.5956725569701868
2025-09-09,0.2760176425896324,0.7029693392202739,0.0564049955886081,2,0.5701001638197425
2025-09-12,0.1564125323672164,0.7850948289365238,0.0533229229597997,1,0.5370051533035404
2025-09-17,0.0539215839890971,0.7642215493652599,0.0240360925864191,1,0.49835846775838494
2025-09-22,0.0202546389946128,0.7476552650054776,0.2580917574290593,3,0.4601101614572832
2025-09-25,0.01398598675877,0.7494445633538332,0.1460450169495413,2,0.4244202274814022
2025-09-30,0.0128420872522207,0.7456043437917643,0.2167560451235428,3,0.39149397626306764
2025-10-03,0.0323010483910925,0.7888198444630294,0.0,0,0.36275854203330965
2025-10-08,0.0099611621120997,0.6254852446981002,0.2665838697346523,6,0.3345347516396128
2025-10-13,0.1905091850885799,0.7134912569859687,0.1434170522105446,4,0.3230127063155302
2025-10-16,0.1814869524858192,0.7428873649541786,0.2456633940662883,3,0.31169064600915336
2025-10-21,0.314278616993573,0.7754354624258275,0.134816923390968,1,0.31324342859980514
2025-10-24,0.3574198148145077,0.7859440993069707,0.1444747293109448,1,0.3397492603286267
2025-10-29,0.5093009454748436,0.7810632838594928,0.117474407552757,2,0.4414802714163568
2025-11-03,0.4978699979070062,0.6606690364525328,0.059689576385996,1,0.4753141073107464
2025-11-06,0.5794621564004362,0.6916974891569095,0.1012634687972697,2,0.5378029367645603
2025-11-11,0.6153793489708924,0.6717042840736187,0.0781221819657466,2,0.5843487840883596
2025-11-14,0.9005971144055538,0.6967846594003507,0.0869082083823484,1,0.7740977822786761
2025-11-19,0.7825964774368682,0.6849139713112171,0.1555199902670924,2,0.7791969993735914
2025-11-24,0.8188078112515853,0.6956857200365872,0.002535785537437,1,0.8029634865003877
2025-11-28,0.8955720466203604,0.7185131771471537,0.004348489012798,1,0.8585286225723714
2025-12-03,0.6712788432208209,0.7162561439132965,0.0350815797187309,1,0.8435486402242474
2025-12-08,0.6844745051182546,0.7243891649666435,0.0255536608689546,1,0.830822709415768
2025-12-11,0.5730437421095762,0.7301085260367208,0.1504788950659171,2,0.8102003920312727
2025-12-16,0.5734643325412341,0.7383361816879911,0.1442662726457014,3,0.7912615072720697
2025-12-19,0.8311342031243367,0.7795325065941087,0.0893567088055364,1,0.8151851247834299
2025-12-24,0.6921819591537247,0.7686753782814925,0.0860453549991067,2,0.8053448715330535
2025-12-30,0.7019503746716054,0.7668278379497273,0.0334683260062412,2,0.7970733117841375
2026-01-05,0.4241222279668579,0.7561392853023898,0.0043598000700628,1,0.7672372250787552
2026-01-08,0.3082266192952816,0.727221420918948,0.0565406507678865,2,0.7305163766160774
2026-01-13,0.1287816524545599,0.699421131062799,0.0,0,0.6823775986831561
2026-01-16,0.070567734477565,0.6561163006622842,0.1078280146689367,2,0.6334328095467089
2026-01-22,0.0773155488072202,0.6104994132221858,0.079575198960766,2,0.5889434286875499
2026-01-27,0.0495217289447375,0.5980555957023339,0.1113444639931637,3,0.5457896927081249
2026-01-30,0.0313611860060791,0.5289080814640896,0.0498363195497015,2,0.5046354121719613
2026-02-04,0.1511573903853588,0.6427700964395762,0.0,0,0.47635717042903314
2026-02-09,0.1070317554767691,0.6559070575393176,0.3162774791615368,4,0.44681113723285204
2026-02-12,0.1016340598652134,0.6680275995000772,0.2165306046251809,3,0.41919697104344095
2026-02-18,0.0977119455059375,0.6764220320241476,0.1548755318694401,3,0.3934781690004407
2026-02-23,0.1013502033589856,0.6679765222006204,0.0742721979402296,2,0.37010793174912426
2026-02-26,0.0851410449521699,0.6623541945855951,0.0678080847117503,2,0.347310580805368
2026-03-03,0.1150405458767168,0.7041210115592925,0.0847572680423862,2,0.3287289780110759
2026-03-06,0.0795447955368638,0.6565207468923444,0.0981692710469408,1,0.30879424341313894
2026-03-11,0.0838125523056716,0.6302835633903419,0.2198321184625544,4,0.2907957081245416
2026-03-16,0.1351948462618896,0.6460284201919456,0.075239171861893,2,0.2783476391755294
2026-03-19,0.1168632970184545,0.6477856563650832,0.1687281916419434,3,0.2654288918029634
2026-03-24,0.1431429596337768,0.7018805107110136,0.1345603055136159,3,0.2556460172294285
2026-03-27,0.4993750166421525,0.7336475741341001,0.0359637339677316,3,0.4018834168770629
2026-04-01,1.1428986598550004,0.771084641476005,0.1308574233151135,2,0.8464925626638254
2026-04-07,1.2989826347186293,0.7677751997853598,0.0,0,1.1179866058967078
2026-04-10,1.3052193803561074,0.7533923267186398,0.0,0,1.2303262705723477
2026-04-15,0.9639088907349735,0.7604587423924343,0.0,0,1.209012880185358
2026-04-20,0.7412363835519646,0.7226724676837065,0.0124548383894655,1,1.1715907604546867
2026-04-23,0.7183476129774236,0.7645887801202773,0.0087953420028434,1,1.1353313086565058
2026-04-28,0.3118273889031897,0.6776950320248479,0.0373962601549107,2,1.0694509950762405
2026-05-01,0.0645439591295791,0.5953121796388017,0.0800454053968631,2,0.9890584322005076
2026-05-06,0.0379334345854976,0.5887518833922157,0.2653620204433182,5,0.9129684323913069
2026-05-11,0.0396398787416269,0.5978927725582792,0.1013586702945634,5,0.8431021480993325
2026-05-14,0.052000164571342,0.6013890373971857,0.117846311057322,3,0.7798139894170932
2026-05-19,0.0737785767683267,0.6472515856051025,0.1534260975587396,2,0.723331156405192
2026-05-22,0.0509478531578016,0.6623166417166654,0.0496094946095924,2,0.6695404921454007
2026-05-28,0.0270112773791562,0.6679841947566988,0.3257023960755449,3,0.6181381549641012
2026-06-02,0.0132954199170992,0.6722515124997196,0.082245824597616,2,0.569750736160341
2026-06-05,0.0767307730458207,0.7491388805711623,0.0721480244469234,3,0.5303091391111794
2026-06-10,0.1116329552144039,0.7482720789938301,0.1454280451635616,2,0.49681504439943736
2026-06-15,0.1404747971898106,0.7723049948426326,0.0925825515750558,2,0.46830782462266723
2026-06-18,0.1281027062170605,0.7709050772551039,0.0498440054794175,1,0.4410914151502187
2026-06-24,0.1212472503210662,0.7728358588023923,0.1020836452725668,2,0.4155038819638865
2026-06-29,0.1453170293320706,0.7694294945106841,0.1188244134022922,1,0.3938889337533412
2026-07-02,0.1267436832666487,0.8099167486654277,0.0,0,0.37251731371440583
2026-07-08,0.0502583044063367,0.7995108465720926,0.0,0,0.3467365929697603
2026-07-13,0.0662691847505535,0.7846883674265168,0.0,0,0.32429920031222376
2026-07-16,0.0680345269346679,0.7770713879124757,0.0,0,0.30379802644201925
