Omega,kappa,kappa_bin,erank,AR,fwd,now
9194.949939636736,0.6819983314765181,0.9404571231211866,16.56031298318915,1.0000000000000004,0.0010811413416559514,0.004452819093240714
8309.678587497727,0.5954449669959575,0.9260163488205665,17.833083038445395,1.0000000000000007,0.0007124432290954944,0.0018788150350378906
8889.252080775126,0.4214799390272118,0.8597081678124533,19.04756411292485,1.0000000000000004,-0.0003087769199819567,0.0010811413416559514
7255.507280207318,0.2095465757883661,0.721203275075156,21.2680086823637,1.0000000000000004,0.0007680283707613611,0.0007124432290954944
6015.346994906472,0.10318791491133354,0.5856173638705092,23.907158570644782,1.0000000000000007,0.0005487905831077618,-0.0003087769199819567
3932.393349682071,0.027705847992937824,0.29657723704538735,25.047558315458758,1.0000000000000004,-0.0016443240604919814,0.0007680283707613611
2881.5300083666484,0.01564023777535108,0.18454554107496987,25.877386659801783,1.0000000000000004,0.0021008563784116817,0.0005487905831077618
16687.7702376746,0.16101003187874247,0.35934379915054115,17.28709353139523,1.0000000000000007,0.0036787851587341274,-0.0016443240604919814
15072.556541077822,0.1583232086513937,0.29295226040731115,16.34577192775327,1.0000000000000002,0.0007091508035715284,0.0021008563784116817
17015.23128791576,0.17447038378889435,0.3014407754362306,16.25751257810617,1.0000000000000002,0.00048454982053482284,0.0036787851587341274
15292.775001236521,0.1516342552226004,0.3150327631222057,17.4158580579879,1.0000000000000004,0.0005004453955337557,0.0007091508035715284
14502.341273247559,0.1788398583237856,0.30781316230076006,17.564992194163587,1.0000000000000004,0.00031065019004564815,0.00048454982053482284
14462.782135777154,0.16011598013474937,0.3219376101868767,17.953817602448336,1.0000000000000004,-0.00040034101727368245,0.0005004453955337557
6863.700709685224,0.30181230574161444,0.7376916111916032,21.754821126769606,1.0000000000000004,-0.0010667957399325071,0.00031065019004564815
5093.100459172089,0.22337733102542465,0.7638439810214588,24.90351871156025,1.0000000000000004,-0.0019059523922769412,-0.00040034101727368245
5138.121435927487,0.28842102017719323,0.8283424853148,23.767418577850542,1.0000000000000004,0.0015833967944473377,-0.0010667957399325071
4474.957344649331,0.2857829285366105,0.742957415173205,25.198937525863567,1.0000000000000007,0.0029190115989431047,-0.0019059523922769412
2572.573249140298,0.012308884614086574,0.24813233314717437,24.108819463198238,1.0000000000000004,0.0013929498960036353,0.0015833967944473377
5.771614058786554e-05,0.0019639737095756863,0.057981227159677774,24.406919224854317,1.0000000000000007,0.0013642858297836444,0.0029190115989431047
992.7368762768727,2.3630853846759045e-07,7.1413013166106e-06,29.46619840458532,1.0000000000000004,0.0006990962600318362,0.0013929498960036353
996.2659586156957,2.240854361458311e-08,1.0492069695944912e-07,28.890342617700696,1.0000000000000004,0.0009457313187669607,0.0013642858297836444
975.190198933914,7.480524916823815e-09,9.378765183874221e-08,29.245074532424212,1.0000000000000004,0.0019831919554980466,0.0006990962600318362
1078.2369861777588,3.97813829265086e-08,1.7286016262513067e-06,28.767001378863885,1.0000000000000004,0.0022190643818285312,0.0009457313187669607
680.9757863139274,8.369240536250444e-06,0.0021765005656535657,33.45441700179323,1.0000000000000002,0.0004996905544023181,0.0019831919554980466
1141.7998112396413,0.001049272694973832,0.22858813465976308,33.89578104512271,1.0000000000000004,-0.00013772445795564805,0.0022190643818285312
977.9126288575097,0.0009190394988154299,0.182174919907819,33.91829259053373,1.0000000000000004,-0.0009279948494063726,0.0004996905544023181
1328.826867000882,0.001455626087784729,0.21231435558988931,34.0253252845773,1.0000000000000004,0.0005613379545980961,-0.00013772445795564805
1535.3598354470253,0.0024214097922248146,0.23764719845534238,32.62323227096955,1.0000000000000004,0.0014055042016855761,-0.0009279948494063726
1998.5337366853864,0.00851027704009858,0.4167365810609965,32.26325680933363,1.0000000000000004,0.0008830345199256698,0.0005613379545980961
1682.731192984607,0.005163853617255362,0.3838366099204237,32.526011080923055,1.0000000000000004,0.001307270523466503,0.0014055042016855761
2046.3640060239372,0.012886977965080867,0.43297997500224367,30.992425753208117,1.0000000000000007,0.0007668659481787645,0.0008830345199256698
1404.6321702407588,0.0033149151648928167,0.35878573394073277,32.116774455423496,1.0000000000000004,3.15246616443465e-06,0.001307270523466503
1162.8134411214726,0.0012282352770341914,0.2738967243220515,33.035234036537545,1.0000000000000004,0.0008637299490826286,0.0007668659481787645
1307.104672716356,0.002265534044268492,0.25257278884899204,31.183475440993714,1.0000000000000004,0.0008741709312589673,3.15246616443465e-06
837.7698346394646,0.00042592155010006175,0.1268102098456295,31.92071543561453,1.0000000000000004,-0.0006697686660222385,0.0008637299490826286
633.1172503373213,0.00013178444802380525,0.0958805429494415,33.52185704526576,1.0000000000000004,9.717742503634157e-06,0.0008741709312589673
960.4508638732988,0.0015537307755608648,0.24491649859736797,32.066358149480024,1.0000000000000004,0.0013043557867754893,-0.0006697686660222385
1227.1585794493737,0.007222622835648047,0.43443371068061226,32.1577682303878,1.0000000000000004,0.0017643459827131937,9.717742503634157e-06
1061.0366362496482,0.002565295244880045,0.2994978779840452,32.927712129852765,1.0000000000000004,0.001266655311333462,0.0013043557867754893
589.7954287996522,0.00027034631795559976,0.2783851426028985,36.60668857841286,1.0000000000000004,0.000714501111951334,0.0017643459827131937
676.1979522405691,0.0004905254435147708,0.3414418574707315,36.67658886646188,1.0000000000000004,0.00033541828637935776,0.001266655311333462
799.6722386361727,0.0008597103084813943,0.37470100738652806,36.148133670636675,1.0000000000000004,0.0017391039572408706,0.000714501111951334
138.78652244330783,4.5831166742595e-08,0.01993695301207918,41.44644563420368,1.0000000000000004,0.0015615936178329144,0.00033541828637935776
129.57711262490741,7.894497337245766e-10,0.0003879466392274462,40.42745689454774,1.0000000000000002,0.0004605222373213168,0.0017391039572408706
158.3204862332073,5.621996848933084e-10,4.9361068642754645e-05,39.42232252386898,1.0000000000000002,0.002150880751031357,0.0015615936178329144
193.6490383128188,3.4544858899376697e-09,0.0001573761506578197,37.79329547445681,1.0000000000000004,0.0023771975525419013,0.0004605222373213168
247.5998427645289,3.783790138359048e-08,0.0016543453722758644,37.15532329630025,1.0000000000000004,-0.002010355946434589,0.002150880751031357
445.7998937486794,1.9443732929375537e-06,0.016086197532029053,35.334134672436804,1.0000000000000004,-0.002025083177478337,0.0023771975525419013
8674.572359677239,0.48026841358663724,0.9156284703012859,20.027062748558574,1.0000000000000004,0.0019934672588825353,-0.002010355946434589
9323.625896809255,0.6620685211994718,0.9710557269718618,19.076496301975894,1.0000000000000002,-0.000903094036686163,-0.002025083177478337
12116.319607028656,0.7245945139726723,0.973346228528389,18.145291895026617,1.0000000000000002,-0.0012692155600555876,0.0019934672588825353
15517.38781281772,0.8392168357181298,0.9895673285775621,16.079270789089396,1.0000000000000007,0.0009915068025937801,-0.000903094036686163
19941.354891896408,0.907062590222549,0.9899058157713142,13.639034118650667,1.0000000000000004,0.0010102065294680129,-0.0012692155600555876
20812.618330805642,0.9045021899806629,0.9867500134879235,13.746273482144032,1.0000000000000004,0.0010698535825083867,0.0009915068025937801
13649.900833620439,0.5762732943136165,0.9310139963060398,18.535613766260642,1.0000000000000004,0.0012130506993636284,0.0010102065294680129
12179.662280609517,0.4390448422795069,0.8923489054879122,20.008563301370266,1.0000000000000004,0.0007956819916887374,0.0010698535825083867
11458.657307980064,0.3682118034016807,0.8643525773637972,19.827203932041403,1.0000000000000002,0.00028528610016996476,0.0012130506993636284
4115.031888984351,0.12571312343168783,0.7478626797822265,25.54888674105849,1.0000000000000004,0.0006724675723320646,0.0007956819916887374
1362.8717806711452,0.007974878330112237,0.2463948797022736,30.644632917504687,1.0000000000000004,0.00100740904100323,0.00028528610016996476
1400.3267239508798,0.00666570740927392,0.2389826112671033,31.3112505009624,1.0000000000000004,0.0010789850796191908,0.0006724675723320646
846.7615897880664,0.0012284761502598537,0.21699412811269117,32.53875973937416,1.0000000000000004,0.0008894897968611505,0.00100740904100323
1164.9032820570735,0.003040242402257462,0.2533502258674485,31.575425830242587,1.0000000000000004,0.0009721819216007588,0.0010789850796191908
670.8907445319668,0.00014012794456802838,0.11389392975531815,33.523999536176184,1.0000000000000002,-2.3768469691520974e-05,0.0008894897968611505
601.6956343543949,4.324067843336898e-05,0.054655708373985055,33.503912567024045,1.0000000000000002,-0.0024599299582886446,0.0009721819216007588
261.29039384367127,1.262713993098741e-07,0.0017921821307488267,35.77659311889052,1.0000000000000004,-0.004267324684438081,-2.3768469691520974e-05
2791.5397173714023,0.04387608152571491,0.5565762300281647,25.704306535225648,1.0000000000000004,-0.0011066036630112432,-0.0024599299582886446
5415.580193205675,0.046092253943186945,0.3529544544841062,20.91591194923108,1.0000000000000007,0.0016017944850463303,-0.004267324684438081
5842.629482889033,0.05900831965407995,0.4106422845386849,21.150895368683287,1.0000000000000004,-0.0014648949410041622,-0.0011066036630112432
7591.396643920433,0.09024339615923821,0.4606422920225838,20.3158783088772,1.0000000000000007,-0.004966735989678019,0.0016017944850463303
10647.195691819366,0.19178834515034285,0.606794767497154,18.478598069848466,1.0000000000000004,-0.0007425684888340985,-0.0014648949410041622
15944.049396118942,0.5766445524844962,0.9382517282164629,14.532044808594575,1.0000000000000007,0.0038939689828246986,-0.004966735989678019
16664.173207641008,0.617053181631415,0.9726607568850583,14.47055848139842,1.0000000000000004,0.0038451433029802464,-0.0007425684888340985
16098.60932451264,0.7744701321331252,0.9912504333080736,14.520546130230235,1.0000000000000007,0.0032044863155931552,0.0038939689828246986
14067.946212799063,0.8390686010038741,0.9886802398077899,14.5886405219843,1.0000000000000007,0.0010683928297802877,0.0038451433029802464
12403.901034535207,0.857754266213509,0.9788468462516433,15.248041283060289,1.0000000000000004,-0.00012216383060341773,0.0032044863155931552
10939.398022339848,0.85633941799653,0.9667944354779954,16.159076518245772,1.0000000000000007,0.0014479959510515803,0.0010683928297802877
5620.65368266332,0.13832469010797907,0.71114782687408,24.13138093142444,1.0000000000000004,0.0019313805773010864,-0.00012216383060341773
2631.7800242416665,0.04137002497888302,0.6868151597108407,29.4392730203826,1.0000000000000004,-0.0003306463595683585,0.0014479959510515803
1691.9945381172672,0.008667648442681244,0.42739195764278165,30.739507119291265,1.0000000000000004,-0.0015293575511386081,0.0019313805773010864
2345.635231643432,0.03085542175521938,0.568840391628416,29.41419730834073,1.0000000000000004,0.0003086599398603141,-0.0003306463595683585
6793.817441123706,0.07596256072788928,0.5109771011939614,24.427433217522243,1.0000000000000007,0.002443177934367634,-0.0015293575511386081
6501.529362564544,0.06459367800116589,0.47134970324917475,23.11554533625137,1.0000000000000004,0.001791940541814623,0.0003086599398603141
5591.427939266837,0.023917608660175855,0.2977020490950957,25.09407781729123,1.0000000000000004,0.0005481021265189417,0.002443177934367634
4641.82870118432,0.01110688480685831,0.15653167263537843,24.743830663895206,1.0000000000000007,-0.002329730710652946,0.001791940541814623
4863.748113847129,0.01372839158205886,0.15465118445440268,23.98104376541208,1.0000000000000004,-0.0010397036393458708,0.0005481021265189417
6219.123473466577,0.02939074145346994,0.17781642649513255,22.69033273440976,1.0000000000000004,0.0009801796788891216,-0.002329730710652946
8781.596314399867,0.20403950520972125,0.6591627126584076,20.163726739872523,1.0000000000000002,0.001740592933563893,-0.0010397036393458708
10858.202286748681,0.3735844873787685,0.8155378394329124,18.952258319645633,1.0000000000000007,0.0007370521426796302,0.0009801796788891216
7746.4530513685495,0.13895569992173684,0.4773836377590772,19.12414172931191,1.0000000000000004,-0.0006745890766347195,0.001740592933563893
7903.1047758623345,0.1588704466952518,0.4936987018371741,19.574111873612974,1.0000000000000004,0.0014672522391255317,0.0007370521426796302
12714.802548112533,0.33025073759180573,0.7148543907852742,17.095956163214314,1.0000000000000004,0.0014922147597593988,-0.0006745890766347195
10154.9870894281,0.18436485630980662,0.5668798398137324,18.790414137734942,1.0000000000000007,0.0015849351980592133,0.0014672522391255317
2780.9792920373757,0.003619539727848969,0.05242399063426943,24.710913192006956,1.0000000000000007,0.0009102896725566473,0.0014922147597593988
1751.2651836298269,2.4624218337895435e-05,0.0008534800973616885,28.401619320520048,1.0000000000000004,0.0013554089809985905,0.0015849351980592133
2145.9675286892434,0.002543242601204825,0.11514037221423284,28.756284059090962,1.0000000000000004,0.0016383548409919326,0.0009102896725566473
1787.9552533195176,0.0006571985187268524,0.05187818815828869,29.519553045802745,1.0000000000000004,2.323218702126434e-05,0.0013554089809985905
688.7695575104832,6.925712266688459e-06,0.021663939523273917,34.470834851901024,1.0000000000000004,0.0008318638310898639,0.0016383548409919326
1585.9363167056774,9.499800779455796e-05,0.017142234955330255,31.292730356487624,1.0000000000000004,-0.0018319450721143455,2.323218702126434e-05
3066.3697857546576,0.011983819434143018,0.41237957210859383,28.534052449732574,1.0000000000000002,-0.008505973261633123,0.0008318638310898639
9247.160346949968,0.32838599660442463,0.8215403375704851,21.269844403500482,1.0000000000000007,-0.01620507435262991,-0.0018319450721143455
48086.551032994525,0.9378712130591417,0.979240558855068,7.876937029342715,1.0000000000000007,-0.006194589535599644,-0.008505973261633123
109435.91463823753,0.9824487422994397,1.0,5.0713347512201254,1.0000000000000007,0.00644355292565267,-0.01620507435262991
88989.4367282918,0.9825081118455671,0.9944662139556601,5.503389202847751,1.0000000000000007,0.003084454507426512,-0.006194589535599644
85152.3882644049,0.9868802890504992,1.0,5.712054042781011,1.0000000000000009,0.003653326162461425,0.00644355292565267
76908.6870990206,0.9830725024008528,1.0,5.869010228988238,1.0000000000000007,0.006867042618350359,0.003084454507426512
73776.9771541559,0.9788440702506631,0.9966937800788267,5.971728407552233,1.0000000000000007,0.0034101189279221963,0.003653326162461425
63377.06604270137,0.937873752803569,0.9894051420358724,6.575781895033771,1.0000000000000007,-0.001452299386790127,0.006867042618350359
28454.68150062463,0.6909538942363163,0.8566674002309855,9.766226847343567,1.0000000000000009,0.0010474246619476583,0.0034101189279221963
35794.392534655526,0.6758669464849962,0.8644696819200659,11.368501595454012,1.0000000000000007,0.0020832417186088296,-0.001452299386790127
30863.366891437407,0.5994834904917762,0.8878922701710456,13.247450586044442,1.0000000000000007,0.002285796770805903,0.0010474246619476583
25876.936028908058,0.5843845627290989,0.8587253802384117,13.846313516000867,1.0000000000000007,0.002527216593122752,0.0020832417186088296
17532.30580048989,0.3421216153641202,0.7301387225630128,16.00068959033006,1.0000000000000009,-0.0002656361637963545,0.002285796770805903
16377.10863188519,0.5180464158264856,0.8923337558684219,15.998553067189599,1.0000000000000009,-0.001655854892661871,0.002527216593122752
3846.9856729488156,0.11219401293509551,0.6670895960019437,20.5370721748375,1.0000000000000004,0.002031033748596477,-0.0002656361637963545
3437.907044353234,0.05622322098812634,0.589415794360789,21.16148473265416,1.0000000000000004,0.0013516338332010644,-0.001655854892661871
3301.461329765824,0.0834249976394017,0.6285760544808696,21.67544300602503,1.0000000000000004,0.0015677051727691514,0.002031033748596477
4625.1151020563375,0.20763709698850116,0.7696191730294808,20.475871691446027,1.0000000000000004,0.00440336536015489,0.0013516338332010644
7931.847479557126,0.004822704261409843,0.008456892197269679,16.379735883583784,1.0000000000000004,0.002982255618838933,0.0015677051727691514
8100.233043553383,0.010188672185399093,0.03353174549307745,16.07486456332841,1.0000000000000004,0.0012549385156637462,0.00440336536015489
8298.557153365196,0.003938493815671066,0.009379898953386187,18.081792412604077,1.0000000000000007,0.0017364986919875761,0.002982255618838933
7559.523471971186,0.0016161753732056843,0.002931428553073059,19.357674509835398,1.0000000000000004,0.0021740699096545702,0.0012549385156637462
8631.071614471792,0.0019500678665827853,0.003557199755539394,18.956785682928636,1.0000000000000007,0.0006131959980195759,0.0017364986919875761
7874.270511188297,0.0009106171769503612,0.0014119927237681916,20.16413416788552,1.0000000000000004,0.0013924946204454947,0.0021740699096545702
4371.692723538723,0.014514737746062127,0.24523020796763156,23.879514660494404,1.0000000000000007,0.0011596680135262738,0.0006131959980195759
2669.8916671217153,0.0035727850052618645,0.15684418970766298,26.766808995299208,1.0000000000000004,0.0015380015714829757,0.0013924946204454947
3944.155430681445,0.022438252092178885,0.32254500811083564,24.343807162288254,1.0000000000000007,0.002880023658960427,0.0011596680135262738
2709.941664781785,0.0072033672428291826,0.18581342538097534,24.358999956086638,1.0000000000000004,0.0019305184861126944,0.0015380015714829757
2604.882149901393,0.0060745669844277156,0.2234263049250947,24.79692541172283,1.0000000000000004,0.001406110108911345,0.002880023658960427
2795.834585169741,0.007675984682438024,0.1897961865848817,23.186094081227168,1.0000000000000004,0.0009094808418400885,0.0019305184861126944
1632.157692000114,0.00016162698187172016,0.03366510039876345,25.494303640793984,1.0000000000000002,0.0008417128486076263,0.001406110108911345
3859.7329613379884,0.016252630830188238,0.3516948749808685,21.496142198152835,1.0000000000000004,0.0007563500260634098,0.0009094808418400885
1967.34286721178,0.00038423871287184095,0.03860029718688155,24.588774468426585,1.0000000000000007,6.402695938768383e-06,0.0008417128486076263
2893.201562937685,0.003467059492421983,0.12146849186027514,24.188526569769394,1.0000000000000007,0.00023403241223113005,0.0007563500260634098
3315.372498055926,0.009465116614705164,0.2493476024829962,23.446626019166708,1.0000000000000004,0.0008326823420974852,6.402695938768383e-06
4691.386692833413,0.033025151996224945,0.3575090455174907,22.049224395882476,1.0000000000000004,0.0014970249141332353,0.00023403241223113005
7442.865382332747,0.05253319374148026,0.3440538531233242,19.962397348363595,1.0000000000000004,0.0005528836322689412,0.0008326823420974852
5625.249986729429,0.017820765225507837,0.29500485726357356,24.105978200870602,1.0000000000000004,-0.00034765745981722913,0.0014970249141332353
6037.152042324282,0.012934904776221338,0.16577321790309288,23.006780132488764,1.0000000000000004,-0.0001367886744149082,0.0005528836322689412
6511.321962321652,0.010936301712965927,0.13468962392530226,22.38976306492753,1.0000000000000007,-0.00019828468787780673,-0.00034765745981722913
5528.8526443107585,0.00797502646648818,0.06439454330657303,23.631307338389423,1.0000000000000004,0.001558308293366451,-0.0001367886744149082
4256.218119431155,0.004179945603644499,0.05007492935620129,22.6798038979524,1.0000000000000007,0.002808532941083061,-0.00019828468787780673
2600.241301818821,0.0033001763246362677,0.150448252530544,24.871607505191665,1.0000000000000007,0.0004817747984971899,0.001558308293366451
1781.3199302477428,0.0022516026683465163,0.1425847375009837,26.03805502518546,1.0000000000000007,-0.0013882317309303772,0.002808532941083061
1514.4505486798596,0.002172194266711025,0.196569963195021,28.359257323968013,1.0000000000000004,-0.0012842085286604876,0.0004817747984971899
5085.644085519503,0.15441344529945478,0.6550323979859936,23.11180504086496,1.0000000000000004,0.002464694720008344,-0.0013882317309303772
4692.562599334716,0.11252163235993587,0.6063010703928411,23.04485748834278,1.0000000000000004,0.00046131346955263113,-0.0012842085286604876
4941.856815629337,0.06335334376875128,0.42548604628076236,22.5925642526843,1.0000000000000004,-0.002064672989657976,0.002464694720008344
4924.297995478313,0.03914954826879128,0.30012088432155876,22.00013920780472,1.0000000000000004,-0.00032567473366481133,0.00046131346955263113
7393.1050352025295,0.10130059718250094,0.5505869604837722,19.91451253553408,1.0000000000000004,-0.0014071041907518442,-0.002064672989657976
8583.995465505646,0.1810526432268769,0.6876110295076059,18.866952283560003,1.0000000000000004,-0.00023440065002854868,-0.00032567473366481133
10029.102033605594,0.11774119517491238,0.6046528714783317,19.4344439079129,1.0000000000000004,0.0014127396331299867,-0.0014071041907518442
13752.890140340836,0.14213953211848662,0.6492994361091664,17.962599312975808,1.0000000000000004,0.0001844572483056637,-0.00023440065002854868
14604.927322061367,0.17313582856484913,0.7350272343905834,18.14600816744467,1.0000000000000002,-0.0034704644424795052,0.0014127396331299867
13613.850907230606,0.11541455237250585,0.6580298577915802,17.995644630870586,1.0000000000000004,-0.0038288100708160655,0.0001844572483056637
18550.855525228373,0.2823314064656106,0.7170993846749084,15.838364502603682,1.0000000000000004,0.0008878564835694127,-0.0034704644424795052
22766.452898223637,0.4644522561492371,0.8416257896181256,14.712149308443411,1.0000000000000007,-0.003410904466994777,-0.0038288100708160655
27497.122777942768,0.4967371214235427,0.9123198086614078,14.149314119291475,1.0000000000000004,-0.004794025589786032,0.0008878564835694127
14783.721775835427,0.9256537047287257,0.9905739405272336,12.548131442902847,1.0000000000000007,1.2926737629831482e-06,-0.003410904466994777
18472.84217954535,0.9548192599870569,0.9940078337789665,11.870238730606916,1.0000000000000004,0.002353593242133041,-0.004794025589786032
22131.950674788382,0.9492988636115645,0.9917912524614937,11.588563747384859,1.0000000000000004,0.005160459098023696,1.2926737629831482e-06
26347.71110271974,0.9143617292644332,0.9993492864495749,11.79026135517224,1.0000000000000004,0.0018198796419513666,0.002353593242133041
22152.302974471433,0.8715322961249558,0.9909870383155146,13.059544781215092,1.0000000000000007,-0.0014880654619850349,0.005160459098023696
22467.614123166837,0.7642345707832046,0.974740826605388,13.50335016625789,1.0000000000000004,-0.004762221291321946,0.0018198796419513666
20822.413816169203,0.5289699809882928,0.9257994683230996,14.634009459127883,1.0000000000000004,-0.0034608121086826945,-0.0014880654619850349
24121.448588303578,0.7239514361925782,0.954103718502313,14.754601224631084,1.0000000000000004,-0.0010475611000441635,-0.004762221291321946
41394.104573324774,0.9429157948370402,0.9789997921391379,11.867183797249858,1.0000000000000007,0.0009452949125076512,-0.0034608121086826945
51652.36973154614,0.967399488212328,0.9927799116804714,11.218093418532305,1.0000000000000007,0.005061972738891043,-0.0010475611000441635
22784.285242828137,0.9660126381651774,0.9953496639757371,10.970732747035674,1.0000000000000004,0.00469516657582675,0.0009452949125076512
35740.17951656057,0.9452652208439467,0.9842243002939591,10.955169037323854,1.0000000000000007,-0.0007858234607902235,0.005061972738891043
30817.681577036823,0.9289060816902567,0.9811248938787535,11.642167894312063,1.0000000000000007,-0.00265473516535473,0.00469516657582675
25094.091836117885,0.9037944651748385,0.9699205459324701,12.393072082524029,1.0000000000000004,0.0017472640374801172,-0.0007858234607902235
23804.971802261385,0.7680417887799615,0.943424302644845,13.520778232875914,1.0000000000000009,0.003932308921965886,-0.00265473516535473
22397.003328467297,0.6675807094381604,0.9331076921658223,14.81035373965314,1.0000000000000004,0.0021478801920890543,0.0017472640374801172
22378.536113604667,0.6017377418952248,0.905416485762434,15.219487103246273,1.0000000000000004,-0.0018101683225309043,0.003932308921965886
10401.180957314531,0.564143771733479,0.9191247628374746,19.32646904025068,1.0000000000000004,-0.0037514004610358226,0.0021478801920890543
9414.323176174905,0.4322061579121503,0.8851682132982175,20.501601314948537,1.0000000000000004,-0.0010003766935394412,-0.0018101683225309043
10414.116288330228,0.40539265548578685,0.8682007580762222,19.908650053240695,1.0000000000000002,0.0017764481189865603,-0.0037514004610358226
9031.126783285576,0.38945294028917254,0.8874452881178068,19.540856384031372,1.0000000000000002,0.0009893794858726595,-0.0010003766935394412
6955.685595338909,0.2364755333904166,0.7980782350531681,20.25527687218845,1.0000000000000002,-0.000895887263290935,0.0017764481189865603
6888.47257760542,0.20640175189583818,0.7513274764132618,20.635992472454177,1.0000000000000004,-0.0012158955627596672,0.0009893794858726595
7130.895872711183,0.30902832788253537,0.8022196401764186,21.19246715399748,1.0000000000000004,0.001644301567311461,-0.000895887263290935
6703.2864521933025,0.21231654035127553,0.7417602614756545,20.912465024019646,1.0000000000000007,0.002477213457832096,-0.0012158955627596672
5635.439555283332,0.08321102506333586,0.6224551458109205,23.262666200938703,1.0000000000000004,0.002238458367498914,0.001644301567311461
3330.387466060712,0.037668572542086796,0.5129219280697763,25.84453382792029,1.0000000000000004,0.0024873282067997284,0.002477213457832096
4168.529193459687,0.05653933421034697,0.575491929626451,25.812151962948953,1.0000000000000002,-4.160178504350962e-05,0.002238458367498914
2715.2564073713297,0.008477764794520466,0.3796836351897464,28.065330469642056,1.0000000000000007,-0.0020754559127648853,0.0024873282067997284
1632.1961455159935,0.0022920103624129847,0.20843454675285197,29.389767420597575,1.0000000000000007,-0.0011287631748485405,-4.160178504350962e-05
1324.27346227531,0.002711389384758364,0.26557552560047804,30.54752600309581,1.0000000000000004,-0.001316857133687178,-0.0020754559127648853
930.9746263339824,0.0030396412213993932,0.26253266651038154,31.371602538044105,1.0000000000000004,-0.002773707625623907,-0.0011287631748485405
1004.7237240022997,0.0027372015218956867,0.24735651505292003,31.567774659813587,1.0000000000000004,-0.001487746246420205,-0.001316857133687178
1038.9311428084006,0.003038976606463818,0.26775736993166427,31.614961819413434,1.0000000000000004,0.00036436067566401485,-0.002773707625623907
2966.2800133876995,0.0677136443823483,0.65206426623081,27.843807574779465,1.0000000000000004,0.0022830283372843913,-0.001487746246420205
4949.511970632976,0.17457146000470616,0.7313521742240563,24.844703759143677,1.0000000000000007,0.0038845783703505,0.00036436067566401485
6838.950141780203,0.2570832106889907,0.7668117553958514,23.18753871932209,1.0000000000000004,0.0037293531733846,0.0022830283372843913
7176.586290979569,0.21924445243352256,0.7324148980309015,23.27476740227412,1.0000000000000004,0.002329108258418744,0.0038845783703505
6024.6344885772605,0.09909946096647904,0.5609983507204739,23.303109477565098,1.0000000000000004,-0.0005440100003249363,0.0037293531733846
5908.0709800023515,0.07486506312606563,0.4692830579415274,22.698229338867424,1.0000000000000004,-0.00020704677991634788,0.002329108258418744
5863.9430146392315,0.05176584468597434,0.38431866522140445,22.923590856880757,1.0000000000000004,0.0016166608399115242,-0.0005440100003249363
5474.180328929481,0.03391753621851926,0.3932786577898648,23.80733565990685,1.0000000000000004,0.0020016105502735754,-0.00020704677991634788
3119.6931513210025,0.007396025393231526,0.283289557644679,26.581043664260026,1.0000000000000007,0.0018516920860670552,0.0016166608399115242
2475.5320589976554,0.005135143917391771,0.2713794203228578,27.825555341773516,1.0000000000000007,0.002153429733556863,0.0020016105502735754
1694.6771277173984,0.0041055061401098466,0.30594828429580845,30.663810343611352,1.0000000000000004,-0.0006132165196193995,0.0018516920860670552
1549.841589135486,0.004559888072280579,0.3390651252331133,32.604986728513005,1.0000000000000004,-0.002082277861869683,0.002153429733556863
1991.2635581094119,0.016299342617120908,0.4860878995457846,31.011060548567215,1.0000000000000004,0.0011700446532481091,-0.0006132165196193995
1756.4400760370584,0.00605071335428127,0.24471814227792021,31.413503090384516,1.0000000000000004,0.0009532616602464949,-0.002082277861869683
1403.5846003620354,0.005376341179296143,0.18701934039607448,32.33198347368375,1.0000000000000004,-0.0003560593766419799,0.0011700446532481091
1545.9193159341282,0.007312372666551706,0.25744744112325346,31.691813051672696,1.0000000000000004,-8.618795374835812e-05,0.0009532616602464949
2065.5250169484616,0.013569541607727338,0.1793900648038116,29.61710401982242,1.0000000000000007,0.00036631355744315766,-0.0003560593766419799
1546.451696891831,0.0034774190070520493,0.08580190041840256,30.857202062522642,1.0000000000000004,0.0008070150726544915,-8.618795374835812e-05
970.684045862778,0.0005738680050380672,0.051422002870393016,33.73012774494368,1.0000000000000004,-0.0007742289071599647,0.00036631355744315766
1326.7507186123987,0.0005911472840298327,0.025914978962945704,31.08767484445169,1.0000000000000004,0.0015051295270896593,0.0008070150726544915
1696.753172162788,0.0004578665874688218,0.010299099604472619,27.308928305510822,1.0000000000000004,0.002645246095070622,-0.0007742289071599647
2227.709321035715,0.0011602155949507708,0.019937027483368765,26.083583471108263,1.0000000000000002,0.0014502795461606714,0.0015051295270896593
2269.7720463115274,0.0015434118776080385,0.03310090450623271,26.013439750026347,1.0000000000000002,0.001521627024688168,0.002645246095070622
2687.6433023494556,0.002187016622505022,0.046019110864780645,25.052974769391,1.0000000000000002,0.0009501609278585347,0.0014502795461606714
2546.1771103906776,0.0015817680222376396,0.03737191069973254,24.969027515945,1.0000000000000002,-0.00031155246427087304,0.001521627024688168
2279.7162122113796,0.0022649483515136317,0.06742799909951788,25.541916036822528,1.0000000000000004,0.00020038236202632966,0.0009501609278585347
1221.9616514034822,0.001122194503273639,0.11319805108715683,30.471439366305173,1.0000000000000004,0.0030982792303596318,-0.00031155246427087304
1330.7632861153031,7.201549866359526e-05,0.016084921166132474,29.984434378881396,1.0000000000000004,-6.719992191564626e-06,0.00020038236202632966
1019.0168473875649,3.32205670636473e-05,0.011207892370956396,30.919136193885983,1.0000000000000004,-0.0033665497452863707,0.0030982792303596318
773.8157758507723,6.075002952522214e-06,0.006666649183597122,32.16931998245455,1.0000000000000004,-0.0011790492140836162,-6.719992191564626e-06
1817.493693765759,0.0015751053603515214,0.0929517460519606,27.896625952009384,1.0000000000000002,0.0020449639482539063,-0.0033665497452863707
2460.1449333753976,0.0034293351775170826,0.1162340786232235,26.67753427014836,1.0000000000000002,0.0008313654481488769,-0.0011790492140836162
2503.9509277590355,0.0011980623466792335,0.04744281957009727,25.386742584867946,1.0000000000000004,-0.0008072587991189978,0.0020449639482539063
2369.774114074785,0.007508648256559436,0.19301096797373907,28.012805052428657,1.0000000000000004,-0.0025448187683631265,0.0008313654481488769
1727.243847583365,0.000746494581141715,0.03293967250144891,28.44538055840064,1.0000000000000002,-0.0022963866274871366,-0.0008072587991189978
2280.6767916814642,0.0008763368663837564,0.01772014437707769,24.343962290309488,1.0000000000000002,-0.0030480388475450544,-0.0025448187683631265
1593.7712322027282,2.0073516191631772e-05,0.00036312813968304253,25.85708152298377,1.0000000000000004,-0.0012292876224442525,-0.0022963866274871366
24833.4417457255,0.21396293176195966,0.3786642112513723,12.282561738472557,1.0000000000000004,0.0043994190016054605,-0.0030480388475450544
27792.438735761705,0.3519409223212383,0.5636083873457647,11.101568941451848,1.0000000000000004,0.0025922291162923995,-0.0012292876224442525
30422.46529976273,0.2913816253091607,0.4179436689266476,10.495694419872418,1.0000000000000007,0.0005707534063840277,0.0043994190016054605
27383.791783902507,0.3497125640191605,0.4438276994331767,9.446293297167244,1.0000000000000009,0.00041961817009627666,0.0025922291162923995
32708.386734141543,0.4029197040778186,0.46027637842640934,9.249642242369596,1.0000000000000009,0.0016789565458421314,0.0005707534063840277
31752.1698760285,0.4570842417481854,0.5735915606847418,9.460018142677487,1.0000000000000007,0.0021195287614646937,0.00041961817009627666
8122.3753653715285,0.032752066917950184,0.17353768006099993,20.382051575664875,1.0000000000000002,-0.0008396432771430406,0.0016789565458421314
4895.2524515659015,0.004043532693082751,0.04743783477252961,23.79339476812887,1.0000000000000004,-0.00012493302917963934,0.0021195287614646937
2855.143260783399,0.0045559537431357966,0.1927065693513998,27.408443100946872,1.0000000000000004,0.0015831238724811165,-0.0008396432771430406
1623.6302400428435,0.001060353995761719,0.13951413228596196,30.358934041348988,1.0000000000000004,0.0006276833292538913,-0.00012493302917963934
1996.8448359511788,0.0019572338362911883,0.14984638946448486,29.440357128902015,1.0000000000000002,0.0006711895079584996,0.0015831238724811165
1462.6035338526137,0.0011555932231374303,0.14706096914077268,30.910411162801605,1.0000000000000004,-0.00020386562706552715,0.0006276833292538913
1286.9123388193666,0.0009487661233214852,0.17998218572689445,32.72787140641229,1.0000000000000004,-0.0010719574917941923,0.0006711895079584996
1378.6579257744727,0.000616300321710829,0.11853520361404919,31.33272986101002,1.0000000000000004,-0.0002947394409448089,-0.00020386562706552715
1540.4436318464784,0.0007887290295733882,0.09039084584902042,30.876582628049402,1.0000000000000004,0.0006834485876752513,-0.0010719574917941923
947.4413267315367,0.00012532788795161708,0.026019337665491943,32.72683073375096,1.0000000000000004,0.0016368543058452088,-0.0002947394409448089
