date,Omega,Gini_pressure,H1_norm,n_loops,AbsorptionRatio,Omega_memory
2006-02-01,0.5077636254997384,0.3375058850297543,0.0,0,0.7528598898752876,0.5077636254997384
2006-02-06,0.5175179721339991,0.3569182458876411,0.0197208062326472,1,0.7444450637436563,0.5136162334802948
2006-02-09,0.4402601786745225,0.352735822192464,0.0918981047351517,2,0.7343430107747226,0.5077477490958331
2006-02-14,0.5361673540363042,0.3724203135014685,0.0128498184490313,1,0.7383697984238267,0.5247995120601158
2006-02-17,0.2731317666575728,0.2953650622851008,0.1254260186750585,3,0.7011208096844034,0.5046660924279124
2006-02-23,0.4479068639481614,0.2052038338448726,0.1176184971289026,3,0.7492743234616327,0.5001253541495323
2006-02-28,0.3792728846718174,0.1887753549041393,0.1562257734255495,2,0.7352650056200066,0.4904571565913151
2006-03-03,0.3652018997122409,0.1871196189544987,0.1755676874793035,2,0.7370978249850839,0.4804367360409892
2006-03-08,0.298480611264401,0.1975941302553691,0.0536095966973847,1,0.7307063527262125,0.4658802460588622
2006-03-13,0.7594252022236492,0.2748224168494076,0.0,0,0.791263426105544,0.6420072197577344
2006-03-16,0.9567901364877625,0.3047869152805579,0.0397598723520745,1,0.7974236437974541,0.8308769697957512
2006-03-21,0.8520221651107079,0.3073540289807935,0.012790906402836,1,0.8071553045207727,0.8435640869847253
2006-03-24,0.6358794304147,0.3187107606635029,0.0390180195097,1,0.8096400156467602,0.8269493144591233
2006-03-29,0.486676017189761,0.3537335900355263,0.1134556865886315,2,0.7812089110218602,0.7997274506775743
2006-04-03,0.465557861630506,0.3449134226802742,0.0252090366890948,1,0.7825205994240547,0.7729938835538088
2006-04-06,0.6051991908729238,0.3110779031747553,0.0282516973896245,1,0.7995292352717146,0.759570308139338
2006-04-11,0.7795214037572417,0.2649347880387429,0.0,0,0.7406632897397598,0.7715409655100802
2006-04-17,0.7250350655740405,0.198909243845442,0.0469774924382606,2,0.7764205373076066,0.7678204935151971
2006-04-20,0.6209842527288624,0.2007744838024597,0.0217816699374971,1,0.7627077495159984,0.7560735942522904
2006-04-25,0.477057954694845,0.2396014135396669,0.0560940378785602,2,0.7358251111271575,0.7337523430876948
2006-04-28,0.7958668469503923,0.4551755255296221,0.0,0,0.7906797089814621,0.7710210454053132
2006-05-03,1.082522470215891,0.3910328396330939,0.0,0,0.8113804320496218,0.95792190029166
2006-05-08,0.841715048266268,0.3320859376611412,0.004010047590306,1,0.7981029932833994,0.9486253521296286
2006-05-11,0.7182509899853607,0.3027337463979351,0.0,0,0.7747739820674012,0.9301954031580872
2006-05-16,1.0056709474548142,0.3165519364391624,0.0756797786288904,1,0.7742162845341772,0.9754807297361234
2006-05-19,1.141078843848969,0.2136250092880156,0.1129384288395006,2,0.8333907061325753,1.0748395982038308
2006-05-24,1.125363885958845,0.2403761966313908,0.0,0,0.8157328525671368,1.105154170856839
2006-05-30,0.9031427471797484,0.1797946491700588,0.0,0,0.8306238215952726,1.088993256962672
2006-06-02,1.1336087887937882,0.1651383998233083,0.0,0,0.8462532054229487,1.115762576061342
2006-06-07,0.8701940396799805,0.133709770852654,0.0023719403583986,1,0.8314425241420448,1.096117093150833
2006-06-12,0.6817278600081623,0.1217518836663289,0.0263535484967656,2,0.8565468674118719,1.0629659544994194
2006-06-15,1.087467407304035,0.1570911647806165,0.0,0,0.8521410735862971,1.077666826182189
2006-06-20,0.922026759490206,0.1378636081314304,0.0213504660911562,1,0.8671061195792116,1.06521562084683
2006-06-23,0.7202339147415935,0.1182723361379144,0.0236411206710648,1,0.8692985416759234,1.0376170843584112
2006-06-28,0.6149080285864776,0.1198092237560898,0.0,0,0.8581366200668459,1.0038003598966565
2006-07-03,0.8978615761311283,0.1284388477317545,0.0,0,0.8737533295562995,0.9953252571954144
2006-07-07,0.9630262128366888,0.1328159471344858,0.0348464138948467,1,0.8671757296921854,0.9927413336467164
2006-07-12,0.8736051146095045,0.1313068838986998,0.0,0,0.8543522845133666,0.9832104361237396
2006-07-17,0.5609083506363702,0.1416404409851946,0.0,0,0.831153886647013,0.94942626928475
2006-07-20,1.723171076781691,0.2134385191630586,0.0606196032811993,1,0.8398469131820965,1.4136731537829146
2006-07-25,1.382169552363544,0.299986696042879,0.0,0,0.8516141515581078,1.411152865669365
2006-07-28,1.0144562125719148,0.3107515778545397,0.0034886064575507,1,0.8290794030492004,1.379417133421569
2006-08-02,0.891100365249558,0.3579269538798669,0.0135465340439797,1,0.8238453537429582,1.3403517919678083
2006-08-07,0.7843247964630231,0.3381792122983229,0.0,0,0.8149117259542553,1.2958696323274257
2006-08-10,0.4736953951455214,0.3149724312990833,0.0,0,0.7892942360565673,1.230095693352873
2006-08-15,0.9691567196380854,0.2911649771821555,0.0184217566170121,1,0.8178957423451648,1.20922057545569
2006-08-18,0.6982140097881717,0.2464103143905167,0.0056766725313681,2,0.7803389722877712,1.1683400502022887
2006-08-23,0.744634850604312,0.2290403428044532,0.0591095150908407,1,0.7789424378320408,1.1344436342344506
2006-08-28,0.3555827847251671,0.2337498815467231,0.0301294332172089,2,0.7316558213459411,1.072134766273708
2006-08-31,0.2672763945879691,0.2234208502752363,0.0894782384785327,1,0.7345134919859714,1.007746096538849
2006-09-06,0.3502264478589742,0.2508793191359826,0.0554263617005107,1,0.7292777728090971,0.955144524644459
2006-09-11,0.2199592075659703,0.2300797320984499,0.1288529739480292,2,0.698620127672801,0.89632969927818
2006-09-14,0.1716576495810293,0.2703197162719107,0.1131475691209362,3,0.7692967245553548,0.8383559353024079
2006-09-19,0.166575649979322,0.3249039858157623,0.1993854509649819,3,0.7566062329972102,0.7846135124765611
2006-09-22,0.3043692106335594,0.2975985681453415,0.0729623516752919,2,0.7735731851751385,0.746193968329121
2006-09-27,0.232751639920744,0.2852067035911343,0.1287966844262434,3,0.7486203633671848,0.705118582056451
2006-10-02,0.2356736930376414,0.2545708063320409,0.0401624239244048,2,0.7698569423752538,0.6675629909349462
2006-10-05,0.2261727064484296,0.2760477059798388,0.0880224104730433,1,0.7568439897722069,0.6322517681760249
2006-10-10,0.2180333620268118,0.4125874123774679,0.0805828551851375,2,0.6383939234691358,0.5991142956840879
2006-10-13,0.2264567815366992,0.4627690940256008,0.0264616733353943,1,0.6809398363897393,0.5693016945522968
2006-10-18,0.1300574546433958,0.4242903581414737,0.1600132322526116,3,0.6489784291801152,0.5341621553595848
2006-10-23,0.1122121161868193,0.4842539397365302,0.09574107833033,4,0.5731582650842179,0.5004061522257636
2006-10-26,0.0547885116675125,0.4519030318520878,0.0683717651973538,3,0.5673053285099299,0.4647567409811035
2006-10-31,0.0552412887763496,0.5035256312286993,0.0671740349315621,2,0.6310192638984363,0.4319955048047232
2006-11-03,0.0620773159506877,0.5612953396001935,0.0222996625475826,1,0.68558852276832,0.4024020496964004
2006-11-08,0.220234223404299,0.3562114186719922,0.0631274389099156,2,0.7294121278837568,0.3878286235930323
2006-11-13,0.2114463811103543,0.4080203441721838,0.0709112287261056,3,0.7395626374190645,0.3737180441944181
2006-11-16,0.3431271927882477,0.3637320904770523,0.0682592599103357,1,0.7450485308484388,0.3712707760819245
2006-11-21,0.4018665322808581,0.3577539470475787,0.0,0,0.7482965930046022,0.3896282298012846
2006-11-27,0.6393282341530186,0.3742234262078651,0.0,0,0.7842517704473464,0.5394482324123251
2006-11-30,0.4151485316997467,0.3000745993683135,0.0,0,0.7442675681961728,0.5295042563553188
2006-12-05,0.2503538996958785,0.4277767363937028,0.057700167364143,2,0.7111764692613414,0.5071722278225637
2006-12-08,0.1583569408352036,0.4499548476624317,0.0470135927324755,2,0.7042600625987988,0.4792670048635749
2006-12-13,0.1253062948051682,0.4296474120849781,0.034547278648549,1,0.6884569485496638,0.4509501480589024
2006-12-18,0.2770627858041158,0.390697113001236,0.0483071313967224,1,0.7136448211853175,0.4370391590785195
2006-12-21,0.1476091046671354,0.3768865213476809,0.0650505835624183,3,0.6847055204048392,0.4138847547256087
2006-12-27,0.0657199142118954,0.4323495720361971,0.1082325417338893,2,0.652005587227071,0.3860315674845117
2007-01-03,0.1106478163903215,0.3977966601155316,0.1646283727742666,2,0.644537724087071,0.3640008673969764
2007-01-08,0.0816785817374163,0.292764965853689,0.1253565798950289,3,0.6445429269529441,0.3414150845442116
2007-01-11,0.0845713007985247,0.2750336092815009,0.1637747242114147,4,0.638247280444218,0.3208675818445567
2007-01-17,0.0729780161598573,0.3486943144643013,0.3811507908933672,4,0.6027723132732682,0.3010364165897808
2007-01-22,0.020450485791823,0.3844485963008406,0.2186600575461466,4,0.6002500346396933,0.2785895421259442
2007-01-25,0.1583840871336256,0.2278680407084493,0.1071284975570516,2,0.7174701669682835,0.2689731057265587
2007-01-30,0.0706391330253687,0.2467214948318722,0.1397884163015386,3,0.6982289830783931,0.2531063879104636
2007-02-02,0.1787773777853755,0.2896972696401795,0.0330697314568362,2,0.7043404015182159,0.2471600671004565
2007-02-07,0.1408900593165945,0.2962461218599485,0.0820199629985998,2,0.7108005894461998,0.2386584664777476
2007-02-12,0.1588301096550115,0.26374721844577,0.0594297835317858,1,0.710060870711428,0.2322721979319287
2007-02-15,0.23481593087237,0.2517731932843389,0.151212388127211,3,0.7295105937442349,0.2337984376961935
2007-02-21,0.2968697058182591,0.1661155738399287,0.1636309043648026,4,0.7777598215924791,0.2716411985694328
2007-02-26,0.3403841261584645,0.2243344844175248,0.0101114782796928,2,0.7438399166112823,0.3128869551228518
2007-03-01,0.5318540762467914,0.080657357133092,0.0103833502527297,1,0.8764603131714267,0.4442672277972155
2007-03-06,1.899588803794732,0.15519262637113,0.0384122602416544,2,0.88585210513624,1.3174601733957252
2007-03-09,1.9533874854994944,0.1643314490133298,0.0018968158580501,1,0.8880587151235658,1.6990165606579868
2007-03-14,1.7681888800635177,0.142242590642919,0.0139019303749488,1,0.881903660558229,1.7405199523013053
2007-03-19,1.8711689056851573,0.139604189347973,0.024991280501085,1,0.8848325989098458,1.8189093243316168
2007-03-22,2.117744061631307,0.1356572387021238,0.0059252348633568,1,0.9016434821317943,1.9982101667114307
2007-03-27,2.5192932828044894,0.1936600404264303,0.0028406305329102,1,0.8752122189257988,2.310860036367266
2007-03-30,0.5224340643002987,0.0663064857093879,0.0053612331736585,1,0.9082436689407952,2.167785958601909
2007-04-04,0.5108703795997527,0.0712436647090292,0.0,0,0.8980042634519589,2.0352327122817364
2007-04-10,0.4609642332397261,0.0652341082140212,0.0448176005475778,2,0.9028499562243618,1.909291233958376
2007-04-13,0.8640367992193985,0.1209095413275946,0.0093481814837067,2,0.86949185163789,1.8256708791792575
2007-04-18,0.6891278270110623,0.126899649561255,0.0,0,0.8483069469790733,1.7347474350058023
2007-04-23,0.6711204067724275,0.2674500357535009,0.0257840564743159,1,0.7821251416284479,1.6496572727471324
2007-04-26,0.7824733146862068,0.32405859793795,0.0192837684261002,1,0.8020555049345913,1.5802825561022584
2007-05-01,0.552228905893945,0.3364083655323811,0.0034264958125674,1,0.7765156663206585,1.4980382640855934
2007-05-04,0.3530965934983905,0.3582450211103753,0.0,0,0.7558924518448816,1.406442930438617
2007-05-09,0.2807628883859653,0.3843517295553144,0.0,0,0.7557453728627979,1.316388527074405
2007-05-14,0.2718231498644163,0.3921318511206062,0.0454515677752263,1,0.7748746861108885,1.2328232968976058
2007-05-17,0.2753777706849105,0.3801388440773515,0.0102267816511094,1,0.7825384335300504,1.15622765480059
2007-05-22,0.5537397384223844,0.3461996831396399,0.0,0,0.7645705309309144,1.1080286214903337
2007-05-25,0.4645513394273454,0.3546451636292944,0.0,0,0.7786306346445827,1.0565504389252949
2007-05-31,0.5421880571860443,0.3786472124788506,0.0914293068421348,1,0.7724121767212546,1.0154014483861546
2007-06-05,0.5909485182656588,0.3470841854922171,0.0078946930180962,2,0.783336577071118,0.9814452139765152
2007-06-08,0.7721693684283988,0.2082296316372487,0.0029571851433449,1,0.8149410985462909,0.964703146332666
2007-06-13,0.947477471995976,0.1417865506890392,0.033046882820194,1,0.8365265301542697,0.9633250923857308
2007-06-18,1.0440076182605422,0.1573931231640093,0.0912334597613854,1,0.8305488789935226,1.0117346079106175
2007-06-21,0.98721020435482,0.1348504367870883,0.0121530885159606,1,0.83219353061457,1.0097726556261537
2007-06-26,0.8788816544625091,0.1096425802592921,0.0,0,0.8626619064357612,0.999301375533062
2007-06-29,1.154275694280198,0.1356075127168539,0.0,0,0.8576410915068701,1.0922859667813436
2007-07-05,1.2171750348170898,0.1254757296106122,0.0291197930128426,1,0.8739918676397338,1.1672194076027913
2007-07-10,0.8537398074887605,0.1087145696041462,0.0,0,0.8552964829522193,1.1421410395936689
2007-07-13,0.7765591944257962,0.1067116782973913,0.0119342891135165,1,0.8598690549245555,1.112894491980239
2007-07-18,1.0196167173307893,0.1330783738563506,0.0,0,0.8686018235017997,1.1054322700082833
2007-07-23,1.6357554638477236,0.2657781073228119,0.0339082767531764,1,0.8591369555405516,1.4236261863119477
2007-07-26,2.0116878564230896,0.1625742361533901,0.0730950467105791,3,0.8859276279360271,1.7764631883786328
2007-07-31,1.315472171842839,0.1551223158250498,0.0388278579489874,2,0.859856291980773,1.7395839070557693
2007-08-03,1.1286023785004522,0.1224423227467846,0.036372095801791,2,0.8750731334169544,1.6907053847713438
2007-08-08,0.7492903435916624,0.0750195100730408,0.0340451868805227,3,0.901804762519804,1.6153921814769694
2007-08-13,0.5691733088427089,0.0704461260629225,0.0237067369485132,2,0.8883712201357544,1.5316946716662283
2007-08-16,0.6433675831261516,0.0678136140806531,0.0994410949460751,3,0.8997108000046286,1.4606285045830223
2007-08-21,0.368469165334373,0.0503327149503587,0.0304564468456582,2,0.902761620347478,1.3732557574431303
2007-08-24,0.322908079449464,0.0511937787948509,0.0196991677443496,1,0.893930974330111,1.289227943203637
2007-08-29,0.3578860887340511,0.0510178388597179,0.0665237949269017,1,0.9044346977471044,1.2147205948460704
2007-09-04,0.8443485409054765,0.090825287179115,0.1155523369090077,3,0.8815377730096614,1.185090830530823
2007-09-07,0.7792651931382687,0.0972338923303212,0.0693804330027547,1,0.8728992388647294,1.1526247795394189
2007-09-12,0.9255764166434668,0.1059639297075842,0.0264320557982002,2,0.8766506678100277,1.1344609105077426
2007-09-17,0.8038659274098041,0.114683480345441,0.0280009516338142,2,0.8532998266593529,1.1080133118599076
2007-09-20,0.471704578349643,0.0587330151471821,0.0,0,0.9160594631801914,1.0571086131790866
2007-09-25,0.5339774953637569,0.0645390746023865,0.0800926805411753,2,0.9081049095780768,1.0152581237538605
2007-09-28,0.7739593512763482,0.0911107030524124,0.0643838248316288,1,0.887851077071083,0.9959542219556594
2007-10-03,0.8755387402734757,0.1054831575922253,0.0618671906740187,1,0.877530675452983,0.9863209834210848
2007-10-08,0.7845180043738111,0.0945351997562437,0.0365871704339083,1,0.8816064167024401,0.970176745097303
2007-10-11,0.7908823502005793,0.1091395730433924,0.0,0,0.8667483450249897,0.9558331935055652
2007-10-16,0.5160623571545536,0.1447896611860547,0.0252271816605521,1,0.7861756662767482,0.9206515265974844
2007-10-19,0.9076245418243511,0.181104162745997,0.0072791765780639,1,0.7947851258072425,0.9196093678156336
2007-10-24,0.7424853869333572,0.1631574431266596,0.0344852707734671,2,0.7794662853650439,0.9054394493450516
2007-10-29,0.8361353298100528,0.1848973689950278,0.0403524389134538,2,0.7834386666444846,0.8998951197822518
2007-11-01,1.1307509769776685,0.1406019256487245,0.0,0,0.8401549365109701,1.0384086340995018
2007-11-06,0.7033089260184807,0.1431335388587672,0.0955472478868075,2,0.8081585447588978,1.01160065745302
2007-11-09,0.6348322135142964,0.113484896795665,0.0912133486069041,1,0.8192961576798039,0.9814591819379224
2007-11-14,0.7735249813127039,0.1059610536622903,0.0364080142888911,1,0.8450509519390779,0.9648244458879048
2007-11-19,0.8521476929353833,0.1037048994571133,0.0423901225819812,2,0.8575937882512568,0.9558103056517032
2007-11-23,0.7799429676082072,0.0920162550878124,0.0268973952802217,2,0.8673476751520716,0.9417409186082236
2007-11-28,0.6473991933616802,0.0753757402403697,0.0,0,0.8847299786195529,0.9181935805885
2007-12-03,0.5784725352419097,0.0755475726332079,0.0,0,0.8795392794304289,0.8910158969607729
2007-12-06,0.53274029792432,0.0741358404177469,0.0,0,0.8762866321243096,0.8623538490378566
2007-12-11,0.5597481986587755,0.0630944968029211,0.0,0,0.8972187392655467,0.8381453970075302
2007-12-14,0.4702632382360336,0.0704075446191167,0.0,0,0.8628664287038994,0.8087148243058105
2007-12-19,0.5807111489139984,0.0844361032171774,0.0,0,0.8621615689954973,0.7904745302744656
2007-12-24,0.5668117711793237,0.0955119552477348,0.0130259440913728,2,0.8462089675502615,0.7725815095468542
2007-12-28,0.5042984853747663,0.1131379114398555,0.1017727746575849,2,0.8257526616546087,0.7511188676130873
2008-01-03,0.6389363908197289,0.1222877370323543,0.0428156220122473,1,0.8265899259427478,0.7421442694696186
2008-01-08,0.706534197058334,0.1236109380886629,0.0368468470798017,1,0.8503582209313946,0.739295463676716
2008-01-11,1.0292938110237722,0.1516277316389295,0.0,0,0.8215057245954802,0.9132944720849496
2008-01-16,0.7889080980165006,0.1316120790470473,0.0,0,0.8105193383867614,0.9033435621594738
2008-01-22,0.5257775701019033,0.0943202046597921,0.0230003317814281,1,0.8241436940184347,0.8731382827948682
2008-01-25,0.2756383187760974,0.0632174177248573,0.0512540728275809,2,0.8698913518944015,0.8253382856733665
2008-01-30,0.3394788151565069,0.0696017259898484,0.0003842205805115,1,0.8626535097780877,0.7864695280320179
2008-02-04,0.372785428934051,0.0792387720982296,0.0568215830407862,2,0.8441021278939768,0.7533748001041806
2008-02-07,0.3119667932825321,0.0689638774133856,0.0896814745858292,3,0.8463280796717523,0.7180621595584488
2008-02-12,0.7692954359235669,0.1140978202677664,0.0498855433092968,2,0.8385090272281563,0.7488021253775197
2008-02-15,1.1480649961597145,0.1540984229803021,0.0557563170447243,1,0.8323605375088251,0.9883598478468364
2008-02-21,0.9853594168570724,0.1977573198095426,0.0885931897616919,2,0.7978688059839951,0.9881198133676554
2008-02-26,1.1025011674703358,0.2342442578427161,0.0517160592144579,1,0.792105873231608,1.0567486258292638
2008-02-29,1.3063601087560697,0.1875393289685149,0.0448723863710703,2,0.8118919231605533,1.2065155155853473
2008-03-05,1.2230913342372645,0.200057975194538,0.0,0,0.8262469674427285,1.2164610067764976
2008-03-10,1.1701970272261173,0.1659321362439657,0.0,0,0.8397278561389928,1.212759888412467
2008-03-13,0.924335637966212,0.0875964856825507,0.0046900431437141,1,0.8867438873730827,1.1896859483767668
2008-03-18,0.950623891441982,0.1098323891510702,0.0,0,0.9144481793537,1.170560983821984
2008-03-24,0.6967899522456489,0.0842163406287851,0.019348653073305,1,0.9126513819142712,1.1326593012958772
2008-03-27,0.5700916610437377,0.0752318356719807,0.0196800996338478,1,0.9186807617329852,1.087653890075706
2008-04-01,0.5724159856632997,0.073271200466029,0.0697637995090695,2,0.9200341349550856,1.0464348577227136
2008-04-04,0.5677924783028839,0.0765773489087329,0.0780890865449228,2,0.9165574615314728,1.0081434673691274
2008-04-09,0.6249683508283799,0.0861101402876962,0.0623219320955636,2,0.9115429056085896,0.9774894580458676
2008-04-14,0.7606831281885031,0.0951946267415534,0.0178263457265796,2,0.9189998336903806,0.9601449516572784
2008-04-17,0.4217359084743747,0.0548470122569745,0.0,0,0.9070936799913706,0.9170722282026462
2008-04-22,1.2698460054451606,0.1123681947082308,0.0154111551364033,2,0.885964514321679,1.1287364945481548
2008-04-25,1.2283964038157067,0.100689425020324,0.0337346428450379,2,0.895720291195527,1.188532440108686
2008-04-30,1.6506878231236506,0.1772454273600363,0.024230769898353,1,0.8392558562313314,1.4658256699176646
2008-05-05,1.7887765927335393,0.1584514554265081,0.0351695619945326,1,0.8543444552044845,1.6595962236071895
2008-05-08,2.2295121141773824,0.149653876110389,0.0291630603774665,1,0.8801264971379834,2.001545757949305
2008-05-13,1.9572664510940447,0.1884897253887762,0.0861256183475523,1,0.8285813399944316,1.9980034134008844
2008-05-16,1.2416746527532747,0.14622337233877,0.039343266779607,1,0.8440573888647236,1.937497112549076
2008-05-21,1.390188473581515,0.129550599239037,0.0427211343227519,2,0.8742652450107034,1.893712421431671
2008-05-27,1.8362875218302137,0.172044148522665,0.0560033611552939,4,0.8755601003678417,1.8891184294635543
2008-05-30,1.594682922766753,0.2165211234627053,0.0872033746789908,2,0.865350302917424,1.8655635889278104
2008-06-04,1.690036078049894,0.2426382012814094,0.0584759650916504,1,0.8605514469906719,1.851521388057577
2008-06-09,1.977501754898645,0.1766622211366638,0.0136053390959441,1,0.8623198019987126,1.9271096081622177
2008-06-12,0.5461555230720312,0.0770146339115448,0.0410304005036277,1,0.8688480911637438,1.816633281355003
2008-06-17,0.4734486150816023,0.0774844148529126,0.0344809729111305,1,0.8796870205996673,1.7091785080531312
2008-06-20,0.5409993607392469,0.0945949054927057,0.0304655987579112,1,0.8576774924095115,1.6157241762680206
2008-06-25,0.6188285269845428,0.0937334763973807,0.0927240758635962,2,0.8500081553237482,1.5359725243253426
2008-06-30,0.4676703216726007,0.0794871096834305,0.0986724160444497,2,0.8586718477855548,1.4505083481131231
2008-07-03,0.4558096938525475,0.0913294974758648,0.0366908298151258,1,0.8427547359792412,1.3709324557722773
2008-07-09,0.6364424406059418,0.0912341026219482,0.0,0,0.8824870531415424,1.3121732545589704
2008-07-14,1.7417227525214276,0.1628956557408453,0.0463579673236739,2,0.867407617302978,1.5699029533364446
2008-07-17,0.8194644793516658,0.0768363755949944,0.0,0,0.929017622893962,1.5098678754176624
2008-07-22,0.643493866223934,0.0736005642968166,0.0,0,0.9051531830604674,1.4405579546821643
2008-07-25,0.6342915794024242,0.0742775795780393,0.0,0,0.9016475896064546,1.376056644659785
2008-07-30,0.5289450826351664,0.0643534647478601,0.0198501044096923,1,0.9085944316769022,1.3082877196978155
2008-08-04,0.5643853859754144,0.0661635929844057,0.0170403824565816,2,0.9097850866189666,1.2487755330000234
2008-08-07,0.6208190178573532,0.0711440136585079,0.0272371731048712,2,0.9068603301891468,1.1985390117886097
2008-08-12,0.7696408187950714,0.0806347990247633,0.0117701208883671,1,0.9028986240596067,1.1642271563491269
2008-08-15,0.7623784113009936,0.0844501949301183,0.055696622199712,2,0.8957395459715165,1.132079256745276
2008-08-20,0.7305181328163739,0.0698753037444299,0.0,0,0.9237512060289328,1.099954366830964
2008-08-25,0.949173415663063,0.0830167503132628,0.0,0,0.9142085082510092,1.087891890737532
2008-08-28,0.8057450573949207,0.0790794404952682,0.0,0,0.9147235647844107,1.0653201440701232
2008-09-03,0.7112276204093766,0.07509640670803,0.0,0,0.9190099388704852,1.0369927421772636
2008-09-08,0.4735250072145333,0.0554983893929692,0.0,0,0.9293442338915568,0.9919153233802452
2008-09-11,0.311240349045227,0.0511449503709044,0.0,0,0.9233196315144108,0.9374613254334436
2008-09-16,1.6088777124170424,0.2150361931794203,0.0,0,0.9721887353800448,1.3403111576236029
2008-09-19,1.0740687469435934,0.1579722012206878,0.0063297829391947,1,0.9493576572981606,1.319011764769202
2008-09-24,1.3057287822428203,0.2196404305283181,0.0523069665262806,1,0.9453320856683716,1.3179491261670917
2008-09-29,1.4636074627228213,0.2146754948109822,0.0385273801508423,1,0.9326901778422126,1.4053441281005294
2008-10-02,1.328369251415751,0.18580207120514,0.0343321855486179,1,0.9354038126042192,1.399186137965747
2008-10-07,1.4328925931514378,0.2095924908231328,0.0053997367918867,1,0.9151779965802022,1.4194100110771617
2008-10-10,1.447590799206396,0.2367547698633258,0.0512392461011791,1,0.8870590811348196,1.4363184839547023
2008-10-15,1.168016479362992,0.228212539500475,0.0,0,0.8278012342770216,1.4148543235873658
2008-10-20,0.9973288442661106,0.2153382157817939,0.0,0,0.8394470483016923,1.3814522852416655
2008-10-23,1.1041749983933844,0.19654713923889,0.0,0,0.8894969961087206,1.359270102293803
2008-10-28,0.6873754464330931,0.214797718419207,0.0026719493502734,2,0.863551779864659,1.3055185298249463
2008-10-31,0.9884037389947968,0.2352771335329848,0.0036570858219902,1,0.8754999412871199,1.2801493465585343
2008-11-05,1.296438627762353,0.2546524948461401,0.0685282311884796,2,0.8941755752242985,1.2899229152808256
2008-11-10,1.244674502414813,0.2244888566439524,0.0946979818160105,1,0.8686314106820617,1.286303042251545
2008-11-13,1.3238205031513397,0.163190496157481,0.0,0,0.8632837461050571,1.3088135187914216
2008-11-18,1.1704193084516172,0.1553050385839589,0.0550441481014549,1,0.8599496936896132,1.2977419819642373
2008-11-21,1.12551841966176,0.1397985971042571,0.0471839152507743,1,0.8603596234447793,1.2839640969800392
2008-11-26,0.9658139801787362,0.0963115061081952,0.0939207314213697,3,0.8933935945172282,1.258512087635935
2008-12-02,0.8434313874993293,0.0807834404764739,0.0703620158166331,1,0.9189974610331784,1.2253056316250066
2008-12-05,1.0054679747689552,0.0901067233077842,0.0293905656355244,1,0.9119457523570016,1.2077186190765226
2008-12-10,0.9181608567991268,0.0825728884082988,0.0430845380699749,1,0.9209006601564006,1.184553998094331
2008-12-15,0.9227407024307106,0.0849920374930097,0.0373122393047999,1,0.9154428981648622,1.1636089344412412
2008-12-18,1.1191213815118206,0.0974310961294777,0.0,0,0.9139524941642906,1.1600499302068876
2008-12-23,0.9707697816586708,0.0960229458656024,0.0,0,0.9049966296545424,1.1449075183230302
2008-12-29,1.122292227310676,0.0956538349044507,0.0175027541706059,1,0.9096616688013662,1.143098295042042
2009-01-02,1.919683984792229,0.2033777917604906,0.0302565793806741,1,0.8405286369980491,1.609049708892154
2009-01-07,1.5300388655556458,0.1923726280477352,0.0003866965267681,1,0.8420964036740994,1.6027288414252334
2009-01-12,0.6028447056428322,0.1269081608428651,0.0055860707079889,2,0.8115425155610682,1.5227381105626414
2009-01-15,0.2207043507546135,0.1208979987006654,0.1650313341738543,3,0.7823668529155058,1.4185754097779992
2009-01-21,1.8885501317312836,0.1852596112500541,0.0,0,0.92492801451663,1.7005602429499698
2009-01-26,2.164372186551251,0.2716337913691521,0.0288764904352784,2,0.9011265066554291,1.9788474091107384
2009-01-29,2.0238427320954653,0.2165144932534435,0.0,0,0.8880467745665596,2.005844602901574
2009-02-03,2.066007657971731,0.2342078063014082,0.0243966358568994,1,0.8755884574331263,2.0419424359436684
2009-02-06,1.818150647266472,0.2177299572115848,0.0245975373738086,1,0.8664581881798058,2.0240390928494927
2009-02-11,1.695763355165386,0.1805763404697861,0.0284690667223002,1,0.877478898704734,1.997777033834764
2009-02-17,1.5742182055458631,0.1586340447463194,0.0136389077357475,1,0.8878353153957309,1.963892327571652
2009-02-20,0.8588074106388259,0.127993157705349,0.0355741867870985,1,0.8331945403116894,1.8754855342170265
2009-02-25,1.851105058149285,0.2373510861167659,0.0,0,0.8197869838086046,1.873535096131607
2009-03-02,1.2657117738145254,0.2476414232467132,0.0544002898289172,3,0.7948270649842045,1.8249092303462409
2009-03-05,1.2972232281802123,0.252588207539164,0.0295594679465414,1,0.7908940265748017,1.7826943501729584
2009-03-10,1.4415794255374437,0.2118157971861322,0.0,0,0.8123943432731707,1.7554051562021171
2009-03-13,1.465726099843123,0.2327445054224652,0.0969008749384132,3,0.8097214587014954,1.7322308316933976
2009-03-18,1.2745168716410462,0.2715264339856655,0.0013458974606442,1,0.8413252577600592,1.6956137148892096
2009-03-23,2.003337620066624,0.2612560139849584,0.0188651041311782,1,0.8643973450992053,1.8802480579956584
2009-03-26,1.8346874432365363,0.2274699894514626,0.0431969470348699,1,0.8698107470079082,1.8766032088149287
2009-03-31,2.349484634272756,0.2238035582780565,0.0,0,0.8958118195201346,2.160332064089625
2009-04-03,2.51833067895601,0.244861493022254,0.0031076607369416,1,0.902237496523108,2.375131233009456
2009-04-08,2.902446637121057,0.2647141893600358,0.0405619414159292,1,0.9209049912572757,2.6915204754764166
2009-04-14,3.1094352988543505,0.1972294342524419,0.0259577927016924,1,0.914920609831813,2.942269369503177
2009-04-17,2.475920493479507,0.1861265644184001,0.0010801368278894,1,0.9054962979541208,2.904961459421284
2009-04-22,1.9416260626025583,0.1761847386934652,0.0339829304748197,1,0.9205927639022494,2.8278946276757857
2009-04-27,1.5598745168972576,0.1539154082936736,0.0,0,0.918714566303694,2.7264530188135034
2009-04-30,1.4620664209858976,0.1758092170708974,0.0,0,0.8984526859640741,2.625302090987295
2009-05-05,1.802637312035412,0.2106923415834681,0.0105790370019579,1,0.8965603503952958,2.5594889086711445
2009-05-08,1.0787619967676116,0.2048642313917066,0.0,0,0.8517076890655313,2.441030755718862
2009-05-13,1.0469122088302467,0.1376441872400917,0.0215428735423227,1,0.8694181872084054,2.329501271967773
2009-05-18,1.110352692667138,0.1666405260077916,0.0267419414229617,2,0.8225097031521906,2.2319693856237226
2009-05-21,1.109337859162361,0.1785166698414929,0.0053291735755134,1,0.8236881151520713,2.142158863506814
2009-05-27,1.218531733950469,0.1849910021473538,0.0028931897510121,1,0.8310943941584463,2.0682686931423064
2009-06-01,1.378492278252967,0.1864056001380829,0.0449533538458738,1,0.8504637755534523,2.0130865799511595
2009-06-04,1.0634333750000675,0.1752771145222734,0.0697861537292562,1,0.8489549757340189,1.937114323555072
2009-06-09,0.6854244516105796,0.1101900357626257,0.0,0,0.8620868630788248,1.836979133799513
2009-06-12,1.1771380632494512,0.1994462442764513,0.0163899748272483,1,0.7996723139115135,1.784191848155508
2009-06-17,1.013907907883059,0.2233721631330595,0.0494799519253509,2,0.7843704717942541,1.722569132933712
2009-06-22,0.7268753447477729,0.1280918377897237,0.0508171067889907,2,0.8312170432468118,1.6429136298788372
2009-06-25,0.607622977313361,0.1053199280290273,0.0151043814997501,1,0.8143244349338223,1.560090377673599
2009-06-30,0.7847421911864785,0.1242720607386835,0.009073580682255,1,0.8350108710748763,1.4980625227546294
2009-07-06,1.364893548649955,0.2577170492697176,0.0,0,0.8491859346772651,1.4874090048262554
2009-07-09,1.1889789220192268,0.2698638761368553,0.0,0,0.9075535368669504,1.4635345982016932
2009-07-14,2.2957228892782924,0.237883490653292,0.0106107223933507,1,0.9387021594748178,1.9628475728476524
2009-07-17,2.298922212046928,0.2438798977562282,0.0196328888900175,1,0.9329787729051344,2.1644923563672176
2009-07-22,1.0814624529180945,0.2980505390724163,0.1500980872250182,3,0.9019619246169236,2.077849964091288
2009-07-27,0.7618566852469888,0.323135753764082,0.0222166538384274,1,0.8777263138182936,1.972570501783744
2009-07-30,0.6038987831486295,0.3958470180193098,0.0,0,0.8188642340932561,1.863076764292935
2009-08-04,0.4810954559100557,0.4289527784167068,0.0151336997271148,1,0.7970698232573569,1.7525182596223046
2009-08-07,0.5388713031805951,0.410779376045871,0.0,0,0.8183586583787904,1.655426503106968
2009-08-12,0.2886366848548597,0.4591353054827757,0.0363483110083189,1,0.84323996117491,1.5460833176467994
2009-08-17,0.6506230163727154,0.3694042229329523,0.0,0,0.8396170814244585,1.474446493544873
2009-08-20,1.0637741021937852,0.3531541359781962,0.0,0,0.8649209656988248,1.4415927022367856
2009-08-25,1.3015703488176036,0.2918004252422362,0.0,0,0.8983903672478186,1.4303909139632511
2009-08-28,1.4400464811450715,0.2569401935303427,0.0005571987735865,1,0.9171440391832424,1.4361842542723433
2009-09-02,1.1514750543824657,0.1818245534800572,0.0078310629703561,1,0.9035864002982228,1.413407518281153
2009-09-08,1.210691987533495,0.1630052368509139,0.022952749771141,2,0.9332276758339512,1.3971902758213404
2009-09-11,1.0978189255147837,0.1770853040771671,0.0483799728335274,2,0.9244933702075004,1.373240567796816
2009-09-16,0.8796151477952652,0.2073120409020257,0.0799276537512634,3,0.8986504459783692,1.333750534196692
2009-09-21,0.6877916966091441,0.2947823102808244,0.0411455067689404,1,0.8763051940377152,1.282073827189688
2009-09-24,0.8102935478402219,0.2800286307339354,0.0872666929648724,3,0.8794266271397041,1.2443314048417309
2009-09-29,1.0240349663017725,0.2583781194173971,0.1028959200678493,2,0.8451561557732976,1.2267076897585345
2009-10-02,0.6569891616969648,0.3959939408761589,0.14171206764633,2,0.7728455899773976,1.1811302075136088
2009-10-07,0.8199855889394927,0.4047691125478328,0.1036730937495953,1,0.7714502667148125,1.1522386380276797
2009-10-12,0.7454700236133943,0.4046058503200772,0.0351179941029133,1,0.7646634960071083,1.1196971488745369
2009-10-15,0.844853093300724,0.316485275779406,0.0095006571670803,2,0.8232196510383456,1.097709624428632
2009-10-20,1.479737218216704,0.2407985314795308,0.0191039110771645,2,0.8045061036738024,1.3269261807014752
2009-10-23,0.8585621294544518,0.2433936129143453,0.0,0,0.7490196707950099,1.2894570566017134
2009-10-28,1.3189560833235638,0.2680324324026091,0.0,0,0.7841112460949753,1.3071564726348237
2009-11-02,1.2256232698784495,0.2004388976024392,0.0,0,0.7947652116216238,1.300633816414314
2009-11-05,1.40927798409689,0.2005820999334487,0.0,0,0.8343723186761808,1.3658203170238594
2009-11-10,1.565880202063236,0.194524172391186,0.0360176212565891,1,0.8443883958023749,1.4858562480474853
2009-11-13,1.2716962977069068,0.1880243924512072,0.1207369352714932,1,0.8372161364623799,1.468723452020239
2009-11-18,1.769645645932451,0.1936324557663168,0.0333795510017191,1,0.8538055648883077,1.6492767683675662
2009-11-23,2.580210359609222,0.1911257322972035,0.0032168719684366,1,0.8929932481118429,2.20783692311256
2009-11-27,1.4904667280898172,0.1586711731764415,0.0052660627895416,1,0.8710677166818561,2.15044730751074
2009-12-02,1.0370398021436378,0.2530239333862992,0.0186885012162586,2,0.8818759797788205,2.061374707081372
2009-12-07,1.2666535355684485,0.2774649788165702,0.0,0,0.8418557255964938,1.9977970133603384
2009-12-10,0.9005038719764896,0.2955576399762377,0.0,0,0.7952221381161988,1.9100135620496304
2009-12-15,0.7477734841539485,0.365775447871125,0.0108862328482689,1,0.7534139371003075,1.817034355817976
2009-12-18,0.6257387093646508,0.3496600877525348,0.0118501430205775,1,0.7239336886784419,1.7217307041017105
2009-12-23,0.6142688582584698,0.3691438140228615,0.0,0,0.7510817451482419,1.6331337564342512
2009-12-29,0.30226124478972,0.3862222127476054,0.0505718768643912,2,0.6657665925913614,1.5266639555026889
2010-01-04,0.3117923702996827,0.4093838557877606,0.0,0,0.7000980964223985,1.4294742286864484
2010-01-07,0.3740630989630409,0.3584991990014747,0.0,0,0.719292928908664,1.3450413383085758
2010-01-12,0.5875314537428209,0.3385921471590722,0.0353601862107272,1,0.7563394616085425,1.2844405475433154
2010-01-15,0.7895641237786512,0.3291657794339369,0.0,0,0.800649874504706,1.2448504336421424
2010-01-21,0.5641188234750674,0.3541325259818604,0.0166162722516624,2,0.7937044366474465,1.1903919048287763
2010-01-26,1.2354926239287232,0.3006934487245451,0.045043140076397,2,0.76682035024031,1.2174523362887446
2010-01-29,1.086823932658557,0.2401317225189324,0.0,0,0.7839262977095716,1.2070020639983297
2010-02-03,0.7974305091286731,0.253296245930017,0.0064825418176869,1,0.7497171263244525,1.1742363396087572
2010-02-08,0.757517714328247,0.1731955662940158,0.0462812571842308,1,0.7940056894618654,1.1408988495863164
2010-02-11,1.0391855708424929,0.2279645123097326,0.0325955818817134,1,0.7819339803313986,1.1327617872868103
2010-02-17,0.9211356487755148,0.2003900223658989,0.0494731751919278,1,0.7979990370757545,1.115831696205907
2010-02-22,1.195828710476848,0.1782923371805419,0.0179534232485376,1,0.853475091433539,1.1638299047684717
2010-02-25,1.329355898105629,0.1792748279407049,0.0081943241069429,1,0.8682345604997511,1.263145500770766
2010-03-02,1.7964686063369195,0.188563987893712,0.0388608967823052,1,0.8977895508312197,1.583139364110458
2010-03-05,0.9223565196186904,0.2275302634695088,0.001680986272716,1,0.8754637855735053,1.5302767365511167
2010-03-10,0.416465602705605,0.2840826749247237,0.1082157242215862,3,0.8590273910507918,1.4411718458434757
2010-03-15,0.3378202592900935,0.2903255187926931,0.1176953891992138,2,0.8176176866068385,1.3529037189192052
2010-03-18,0.3460965205581257,0.3221048057867564,0.175337461828886,2,0.8256506704425461,1.272359143050319
2010-03-23,0.1005813711542926,0.3424554704870242,0.0735887135275648,2,0.811470684392392,1.1786169212986368
2010-03-26,0.0588340736625409,0.3999484999762536,0.0,0,0.7783025964266809,1.0890342934877493
2010-03-31,0.124694480502242,0.4028130947394101,0.0421053882971658,1,0.7743761394264143,1.0118871084489087
2010-04-06,0.0875416154087105,0.4143579156505476,0.1666280062846044,1,0.7846034890388123,0.9379394690056928
2010-04-09,0.0575948841962633,0.4782371042015274,0.2394441833956964,3,0.7289275961044861,0.8675119022209385
2010-04-14,0.1873767670823043,0.425747767706611,0.0163675208896802,1,0.750178014410273,0.8131010914098479
2010-04-19,0.6654941214464042,0.284640396507348,0.0325341493127829,2,0.7983212533418743,0.8012925338127724
2010-04-22,0.6157265616646771,0.3317841013454274,0.1147930722271116,1,0.7594888125021242,0.7864472560409248
2010-04-27,1.208674939055443,0.2539679280983492,0.0324121010848119,1,0.8325069357035159,1.0397838658496357
2010-04-30,1.6774199614273335,0.2717220339076077,0.0,0,0.8380410299333182,1.4223655231962542
2010-05-05,1.9750920808117085,0.2595777775721043,0.0,0,0.8373971867115992,1.754001457765527
2010-05-10,2.092367075523398,0.2215760695998273,0.0,0,0.8290285560237478,1.9570208284202495
2010-05-13,1.867951618045448,0.2196418819380929,0.0061779638277458,1,0.8237536127808139,1.9498952915902656
2010-05-18,1.854977394302965,0.2240997337460104,0.0190842154412412,2,0.8263793137937555,1.9423018598072816
2010-05-21,2.245668664611648,0.1990090357841359,0.0,0,0.8575108779676002,2.1243219426899014
2010-05-26,1.4124825269245629,0.1599058552720229,0.0,0,0.8361855641459403,2.0673747894286745
2010-06-01,1.3178618801457598,0.1195132720391064,0.0,0,0.8753995225359593,2.007413756686041
2010-06-04,1.3654434417797368,0.1200506431925676,0.0120775476109289,1,0.8800238723240225,1.9560561314935367
2010-06-09,1.2138588190135773,0.1197777122508376,0.0173788728328758,1,0.8698987712567076,1.8966803464951405
2010-06-14,1.794476149266016,0.1593885826614207,0.0,0,0.8585148216090454,1.8885040107168107
2010-06-17,1.9662628948406684,0.1567550030209414,0.0,0,0.8717359123602433,1.9351593411911248
2010-06-22,2.2423592711068143,0.209620790566235,0.0,0,0.8414289981286412,2.1194792991405387
2010-06-25,2.396151693171657,0.2371380809869334,0.002984375129113,1,0.8431944174810689,2.28548273555921
2010-06-30,2.2698536810627123,0.2429703265889833,0.0192289761119437,1,0.8335050384595573,2.2842324111994903
2010-07-06,2.1068776329785432,0.268875481454686,0.0,0,0.8087193730244286,2.2700440289418147
2010-07-09,1.5292001773578243,0.1414086324339243,0.0,0,0.8806258129956204,2.210776520815096
2010-07-14,0.6850343870421067,0.0763042206919097,0.0615752264856284,2,0.8946033139803413,2.0887171501132564
2010-07-19,2.145281671726261,0.146830161036388,0.0396349919258835,2,0.8858077962901438,2.122655863081059
2010-07-22,2.1601581093062867,0.1857649878350133,0.039231007186262,2,0.8605668850676068,2.145157210816196
2010-07-27,2.318879406226882,0.2164667634200864,0.0036748448748014,1,0.852915468518289,2.2493905280626074
2010-07-30,2.156163486782103,0.2948778608231123,0.0029765227982095,1,0.8238922264278924,2.241932364760167
2010-08-04,1.6284551783528092,0.33910017864496,0.0170621586737529,1,0.8159706697097546,2.192854189847578
2010-08-09,1.5132915711120032,0.3413584932113038,0.0809305428578174,2,0.8078516435084123,2.1384891803487327
2010-08-12,1.873706664332064,0.30505813601672,0.0268521347005944,2,0.808087232175597,2.117306579067399
2010-08-17,1.1222409756109886,0.3372446279679859,0.0,0,0.7669963724537793,2.0377013307908864
2010-08-20,0.81666232287017,0.1558031330999981,0.0991760967259302,3,0.8056089194511502,1.9400182101572288
2010-08-25,0.5717920271421599,0.1225988048417567,0.1157744013240724,3,0.7971459031829847,1.830560115516024
2010-08-30,0.9701760009401862,0.1688980880643343,0.0544786669573348,1,0.8066882049259534,1.7617293863499568
2010-09-02,0.8778103080569304,0.0983368534586948,0.0,0,0.8805108022982795,1.6910158600865148
2010-09-08,1.325547968920197,0.0986940886412238,0.0200727359786851,1,0.9103904755275788,1.6617784287932094
2010-09-13,1.370063284973962,0.1063831156679373,0.0,0,0.9048988283984044,1.6384412172876697
2010-09-16,1.3249683964131589,0.106722779211407,0.0,0,0.9021516918931516,1.6133633916177088
2010-09-21,1.179287727231893,0.1020447836076251,0.0,0,0.8847983923159566,1.5786373384668435
2010-09-24,0.9338705282412926,0.0920461826781096,0.0042697656820877,1,0.8804312592844329,1.5270559936487995
2010-09-29,0.3894365533137968,0.0663501137401016,0.0354209551988042,1,0.8552224723652537,1.4360464384219993
2010-10-04,0.9361824086000496,0.1422725068541055,0.0132547268458714,1,0.8130904301612889,1.3960573160362435
2010-10-07,1.1192141250996148,0.1661612817251158,0.0,0,0.799415333455856,1.3739098607613134
2010-10-12,0.9530989705468466,0.1689642547235536,0.0,0,0.7825540505376826,1.3402449895441562
2010-10-15,0.8821672117449814,0.1465067764966052,0.0008301516031091,1,0.8089840965067588,1.303598767320222
2010-10-20,1.177143878136525,0.2003575806589495,0.118974188861069,2,0.8111290766061342,1.2934823761855263
2010-10-25,0.815190179429014,0.2379520864141157,0.1016937774537593,1,0.7785320028916032,1.2552190004450057
2010-10-28,0.7238399040110557,0.2227339386950229,0.1350142798611578,3,0.7808454347810845,1.2127086727302896
2010-11-02,0.5448717301923905,0.2724661280337194,0.1407012777849602,3,0.7542099697468921,1.1592817173272576
2010-11-05,0.8621130000106242,0.175582772074556,0.1043326610264679,3,0.8078414905149568,1.135508219941927
2010-11-10,0.7979181772105067,0.1477139262353202,0.0,0,0.8114867488076667,1.1085010165234137
2010-11-15,0.7177583692473045,0.1736053126729885,0.0842071762270816,1,0.7851392164978379,1.077241604741325
2010-11-18,0.6367070618985301,0.0931427199167097,0.0,0,0.8517762711333198,1.0419988413139012
2010-11-23,0.6040318422553034,0.0752295192461728,0.0379176601842139,2,0.8861115281732888,1.0069614813892134
2010-11-29,0.4383242592162928,0.0589918712101649,0.0402723668071106,2,0.8997186854178182,0.9614705036153798
2010-12-02,0.286849524337924,0.0442190436918925,0.0234144662125302,1,0.9142764562275976,0.9075008252731834
2010-12-07,0.2371878047573939,0.0513546025924292,0.0100434726383958,2,0.8751539135594956,0.8538757836319203
2010-12-10,2.03438417456958,0.2174976118408826,0.0,0,0.8683736699986349,1.562180818194516
2010-12-15,2.0012744641645104,0.2763174519104344,0.0338166559886711,1,0.8579156489873636,1.8256370057765128
2010-12-20,1.866816212939199,0.2938086862137077,0.0648065652447047,2,0.8497964115293881,1.8503445300741244
2010-12-23,1.5558573170385703,0.3448172979839956,0.0134642749843746,1,0.8410260955949931,1.82678555303128
2010-12-29,1.2074898186679943,0.3504566699661702,0.0039933960363895,1,0.8416296816542214,1.7772418942822172
2011-01-03,0.9900746801670564,0.3804241713442797,0.0195451062829663,2,0.8291147476514654,1.7142685171530043
2011-01-06,0.8918650555872967,0.2722079661693605,0.0119253808062419,1,0.8505861809219387,1.6484762402277475
2011-01-11,1.1841288578252729,0.3311116426570172,0.0413669876118167,1,0.8490202258596523,1.6113284496355498
2011-01-14,1.23751963039999,0.3118464027796954,0.0206443501220987,1,0.8561025890609255,1.5814237440967052
2011-01-20,1.2273922896813223,0.2987290269694698,0.0,0,0.8211074194804094,1.5531012277434746
2011-01-25,0.8930064306838195,0.2899533419725859,0.0160945290007668,1,0.7682860184774873,1.5002936439787025
2011-01-28,0.8889383913045549,0.2620394403282398,0.019319817024956,1,0.7671770294808592,1.4513852237647709
2011-02-02,0.98412521958753,0.2531431992972205,0.0808693693845652,1,0.7703841940578179,1.4140044234305915
2011-02-07,1.0390831839820356,0.2402576583958035,0.0060852377966081,1,0.7707458793912738,1.3840107242747073
2011-02-10,0.8926831025567376,0.2318210991950408,0.0183573220530516,1,0.7478168756469304,1.3447045145372698
2011-02-15,0.6332094215997561,0.1505445019570006,0.0006190749037401,1,0.7664274360281234,1.287784907102269
2011-02-18,0.2891516604618984,0.1231539840795668,0.0733736704872025,2,0.7472616409145975,1.207894247371039
2011-02-24,0.6909988019312316,0.1074734182383503,0.0120612483535195,1,0.8270937791583503,1.1665426117358544
2011-03-01,1.806563824360458,0.1787066704212069,0.0091365464053766,1,0.8458191737545266,1.5505553393106166
2011-03-04,1.8926369851237412,0.2017466399461729,0.086463679526593,3,0.8395252996073029,1.7558043267984913
2011-03-09,2.337798271414999,0.2146728504223181,0.0,0,0.8628759532575154,2.105000693568396
2011-03-14,2.572868573353256,0.213274339684945,0.0576315670869542,2,0.8812630960219916,2.385721421439312
2011-03-17,2.772520354961748,0.2285025181384396,0.0,0,0.8722058706818673,2.617800781552773
2011-03-22,1.6489336666500551,0.2941478208452843,0.0064828304683669,1,0.8424581321666041,2.540291412360556
2011-03-25,1.880119567613132,0.2585373386219534,0.0018987889660099,1,0.8278725351778244,2.487477664780762
2011-03-30,1.7037142815029949,0.2736500901719593,0.0366437138217192,1,0.8092783031493028,2.4247765941185406
2011-04-04,1.439244544548471,0.3053942141564582,0.0050693372255896,1,0.7965826836876608,2.3459340301529354
2011-04-07,0.8117689928453091,0.3710391592016128,0.0996921762253485,2,0.7479623393311382,2.223200827168325
2011-04-12,0.7115706602217665,0.3074973790802441,0.0284809599188557,1,0.7890646402949145,2.1022704138126005
2011-04-15,0.3615782474043132,0.4212246307938708,0.0734280024676024,1,0.7146673771543742,1.9630150404999376
2011-04-20,0.2756178013089276,0.3895140916850221,0.0323698873754236,1,0.6340754995235592,1.828023261364657
2011-04-26,0.1931190563924447,0.3501826934657875,0.0540652470431022,2,0.5893122364570332,1.69723092496688
2011-04-29,0.1429944536822121,0.3876047908220242,0.0868442522498934,2,0.5682366473492849,1.5728920072641066
2011-05-04,0.186247830868902,0.4228065171217814,0.0,0,0.5621433536524459,1.4619604731524902
2011-05-09,0.0926997450478556,0.4769215412788443,0.04927257298482,1,0.5334012151513379,1.3524196149041194
2011-05-12,0.0893513706040421,0.444677298033953,0.0137073518094343,1,0.5447592286921289,1.2513741553601134
2011-05-17,0.1438606465041249,0.4246283826591129,0.0306897443290284,1,0.5805998235418314,1.1627730746516345
2011-05-20,0.3883299992342514,0.4094871790646071,0.0031007685284482,1,0.6806766500334296,1.1008176286182438
2011-05-25,0.517702500505811,0.4127183859580741,0.0,0,0.7206825640746805,1.0541684183692497
2011-05-31,0.8603215249693075,0.3288299964777891,0.0,0,0.7743144544178264,1.0386606668972542
2011-06-03,1.675788236731341,0.2933012042119671,0.0612736003078234,1,0.8424898667640539,1.4209372087977064
2011-06-08,1.4754924338001152,0.2999191219258713,0.0493998231039255,1,0.8232529015625678,1.4536703437991516
2011-06-13,1.838092135017912,0.2468688283259802,0.0,0,0.8217592552155154,1.684323418530408
2011-06-16,1.586962799043813,0.2222442009775336,0.0,0,0.8100082945218332,1.6765345689714803
2011-06-21,2.010876487123871,0.2625884670148846,0.0007507345056704,1,0.8096894337205532,1.877139719862915
2011-06-24,1.668951295645076,0.233621373351712,0.0,0,0.812247262301357,1.860484645925488
2011-06-29,1.2237190992372324,0.2752599357484047,0.0,0,0.7974874470372264,1.809543402190428
2011-07-05,1.2363168226298076,0.2474543104613864,0.0,0,0.7879831839656884,1.763685275825578
2011-07-08,1.251413119339231,0.2071616815713694,0.0,0,0.8111806610330301,1.7227035033066704
2011-07-13,1.1728003121834567,0.1416873602690689,0.0797526046010488,2,0.8569967074403942,1.6787112480168134
2011-07-18,1.3318364187523382,0.1487688995871767,0.0533590782947077,1,0.8667280371500369,1.6509612616756555
2011-07-21,1.0166387224405995,0.1385323010700422,0.0196829660827291,1,0.8375781065271911,1.600215458536851
2011-07-26,0.9438905541187612,0.1346235436061069,0.0,0,0.8411602794656529,1.547709466183404
2011-07-29,0.9804541741941488,0.1309016908733233,0.0,0,0.8427393955365153,1.5023290428242635
2011-08-03,0.6735333371069582,0.1090648344827237,0.0,0,0.8472114132181332,1.4360253863668793
2011-08-08,0.2278904903991784,0.0365606971612515,4.362344738995105e-05,1,0.9402810792972685,1.3393745946894633
2011-08-11,0.6614340667990507,0.0580464056051863,0.0154055782580287,1,0.9477278552090056,1.2851393524582304
2011-08-16,0.6894795390805658,0.0594588734884354,0.0,0,0.953324361165948,1.237486567388017
2011-08-19,0.6150924099262115,0.0562511295730078,0.0,0,0.946920382880077,1.1876950347910729
2011-08-24,0.6135496793292405,0.0579658736604929,0.0,0,0.9370813079662532,1.1417634063541262
2011-08-29,0.607860570710898,0.0587644937920264,0.0,0,0.9371876352881564,1.0990511795026678
2011-09-01,0.6311460558658057,0.0610540557653299,0.0,0,0.9350351423180886,1.061618769611719
2011-09-07,0.9929342119466312,0.0823370808383247,0.0,0,0.9276422758408344,1.056124004998512
2011-09-12,0.5443653263794727,0.0620481676257835,0.0326363231391295,2,0.9411880447562472,1.0151833107089887
2011-09-15,0.764193381935053,0.07896749459328,0.0334222753872181,2,0.9307327774436082,0.995104116407074
2011-09-20,0.8287089320701999,0.0874000485978571,0.0,0,0.9136553758692332,0.981792501660124
2011-09-23,0.5673166665780037,0.05782594602512,0.0166499063533077,1,0.9399551155300622,0.9486344348535544
2011-09-28,0.4160297916534733,0.0480279615167916,0.0128640335571865,2,0.9470532311358596,0.906026063397548
2011-10-03,0.3042778795145043,0.0403475493463899,0.0,0,0.9460189280456182,0.8578862086869046
2011-10-06,0.2970853804775165,0.0425959958199718,0.0167574848688685,1,0.9397956465097792,0.8130221424301535
2011-10-11,0.289822222947148,0.0409764682466143,0.0499978078382105,2,0.9438025970378212,0.771166148871513
2011-10-14,0.2174245632069448,0.0352366479870519,0.0242756170601206,2,0.9452949575396656,0.7268668220183475
2011-10-19,0.1653428202060239,0.0376588801463095,0.0661086947111131,3,0.9372791289504224,0.6819449018733617
2011-10-24,0.3414351977352372,0.0566353334224234,0.0269473319157519,1,0.9214158655244428,0.6547041255423117
2011-10-27,0.2592916457634874,0.0506401945822759,0.0,0,0.9273855295589074,0.6230711271600058
2011-11-01,0.3218713459930492,0.0537872325882762,0.0234817720476805,1,0.9350809239357052,0.5989751446666494
2011-11-04,0.3447350463550968,0.0573162606076305,0.0113419756684002,1,0.9305507288200404,0.5786359368017251
2011-11-09,0.3078554869467991,0.0504584929853264,0.0426307226697114,2,0.9359947196111268,0.5569735008133311
2011-11-14,0.391927123715012,0.049704059046001,0.0,0,0.9391752975089136,0.5437697906454656
2011-11-17,0.2946001131275945,0.043036514716192,0.0,0,0.9388774002581468,0.523836216444036
2011-11-22,0.2739944175592877,0.0389458420736962,0.0390387908569584,1,0.94364855849577,0.5038488725332562
2011-11-28,0.2794781609610594,0.0384111590294329,0.0,0,0.9397114138968146,0.4858992156074804
2011-12-01,0.3792826468691885,0.0433665874108821,0.0,0,0.93786482102063,0.477369890108417
2011-12-06,0.1907957733908325,0.0356909913356427,0.0152058018104073,2,0.9419746092302724,0.4544439607710103
2011-12-09,0.1778525130588913,0.0348737338697852,0.0175826511293492,1,0.9449481976130016,0.4323166449540408
2011-12-14,0.2040090919834679,0.0349945055756499,0.0688154973004925,2,0.9455812058522672,0.414052040716395
2011-12-19,0.2216933644249457,0.0384901235633541,0.0101289069857355,1,0.9363512226381226,0.398663346613079
2011-12-22,0.2183267288859249,0.039195297869444,0.0,0,0.934356872051692,0.3842364171949067
2011-12-28,0.1910639102503116,0.0349536640248186,0.0,0,0.9421345756510644,0.3687826166393391
