alpha_up,alpha_down,f1_train,f1_test,precision_test,recall_test
0.3,0.02,0.21942446043165467,0.2727272727272727,0.43333333333333335,0.1989795918367347
0.3,0.05,0.2985611510791367,0.3986013986013986,0.6333333333333333,0.29081632653061223
0.3,0.08,0.32014388489208634,0.41258741258741255,0.6555555555555556,0.3010204081632653
0.3,0.12,0.31654676258992803,0.4195804195804196,0.6666666666666666,0.30612244897959184
0.3,0.16,0.3057553956834532,0.3916083916083916,0.6222222222222222,0.2857142857142857
0.3,0.2,0.2985611510791367,0.3776223776223776,0.6,0.2755102040816326
0.4,0.02,0.23021582733812948,0.27972027972027974,0.4444444444444444,0.20408163265306123
0.4,0.05,0.3057553956834532,0.4195804195804196,0.6666666666666666,0.30612244897959184
0.4,0.08,0.32014388489208634,0.42657342657342656,0.6777777777777778,0.3112244897959184
0.4,0.12,0.32014388489208634,0.42657342657342656,0.6777777777777778,0.3112244897959184
0.4,0.16,0.30935251798561153,0.40559440559440557,0.6444444444444445,0.29591836734693877
0.4,0.2,0.3057553956834532,0.3916083916083916,0.6222222222222222,0.2857142857142857
0.5,0.02,0.22302158273381295,0.2867132867132867,0.45555555555555555,0.20918367346938777
0.5,0.05,0.302158273381295,0.41258741258741255,0.6555555555555556,0.3010204081632653
0.5,0.08,0.32733812949640284,0.4335664335664336,0.6888888888888889,0.3163265306122449
0.5,0.12,0.31654676258992803,0.42657342657342656,0.6777777777777778,0.3112244897959184
0.5,0.16,0.3129496402877698,0.41258741258741255,0.6555555555555556,0.3010204081632653
0.5,0.2,0.3057553956834532,0.3916083916083916,0.6222222222222222,0.2857142857142857
0.6,0.02,0.21223021582733811,0.2867132867132867,0.45555555555555555,0.20918367346938777
0.6,0.05,0.2949640287769784,0.4195804195804196,0.6666666666666666,0.30612244897959184
0.6,0.08,0.32733812949640284,0.4335664335664336,0.6888888888888889,0.3163265306122449
0.6,0.12,0.32014388489208634,0.42657342657342656,0.6777777777777778,0.3112244897959184
0.6,0.16,0.30935251798561153,0.40559440559440557,0.6444444444444445,0.29591836734693877
0.6,0.2,0.30935251798561153,0.3916083916083916,0.6222222222222222,0.2857142857142857
0.7,0.02,0.20503597122302158,0.2937062937062937,0.4666666666666667,0.21428571428571427
0.7,0.05,0.2949640287769784,0.4195804195804196,0.6666666666666666,0.30612244897959184
0.7,0.08,0.32733812949640284,0.42657342657342656,0.6777777777777778,0.3112244897959184
0.7,0.12,0.32014388489208634,0.4195804195804196,0.6666666666666666,0.30612244897959184
0.7,0.16,0.3129496402877698,0.40559440559440557,0.6444444444444445,0.29591836734693877
0.7,0.2,0.302158273381295,0.3916083916083916,0.6222222222222222,0.2857142857142857
0.8,0.02,0.19784172661870505,0.2937062937062937,0.4666666666666667,0.21428571428571427
0.8,0.05,0.302158273381295,0.4195804195804196,0.6666666666666666,0.30612244897959184
0.8,0.08,0.32014388489208634,0.4335664335664336,0.6888888888888889,0.3163265306122449
0.8,0.12,0.31654676258992803,0.41258741258741255,0.6555555555555556,0.3010204081632653
0.8,0.16,0.3057553956834532,0.3986013986013986,0.6333333333333333,0.29081632653061223
0.8,0.2,0.2949640287769784,0.3776223776223776,0.6,0.2755102040816326
