t,TrA3
20,0.049058377234674676
22,0.046888985413427633
24,0.08402924859975001
26,0.08822341645140352
28,0.087694814773344
30,0.0928708349716076
32,0.10186922035126743
34,0.11281312849276949
36,0.13945813973695836
38,0.13454413920631134
40,0.14989640873469345
42,0.14036185218833072
44,0.11116507314670646
46,0.1346253406613335
48,0.16280771160002364
50,0.15193176923041418
52,0.5382084406121573
54,0.583571023583037
56,0.5997884048033559
58,0.6076536485046884
60,0.6162882537108432
62,0.6111861343043722
64,0.6097386474433005
66,0.5650897247789863
68,0.5123605493325888
70,0.07545006028149671
72,0.07326681618451536
74,0.12030466272556738
76,0.1303388708881193
78,0.12054903250357221
80,0.11985355572295915
82,0.07971298056719955
84,0.0711335212272044
86,0.06259818843134457
88,0.04562132394891539
90,0.04189424980253121
92,0.040816179826388424
94,0.03376412985887995
96,0.04620669646471616
98,0.041669566674296644
100,0.08064225326251191
102,0.14322953578062364
104,0.21272764519894202
106,0.2653835007981308
108,0.26399422180996734
110,0.19205780957816962
112,0.13859643114181555
114,0.10895714558053657
116,0.14830094796639015
118,0.10493396231809593
120,0.1274604176430285
122,0.164872532347419
124,0.1608074022496399
126,0.13282591473784947
128,0.11591578142997405
130,0.08129746342725756
132,0.07571624256186958
134,0.03074281882466272
136,0.09084351515589568
138,0.08754184504686201
140,0.07428770636937386
142,0.08495873648237569
144,0.05970411138661777
146,0.046914682438725805
148,0.03726251157100953
150,0.03414948441526952
152,0.0209563469302633
154,0.016559049321283693
156,0.021549405322080672
158,0.033123410551918316
160,0.03492579401577875
162,0.035672616397191784
164,0.05183608150999775
166,0.04112281718320522
168,0.054253690580877444
170,0.06242641488550467
172,0.07137359288548423
174,0.06667587812717275
176,0.07010581043256747
178,0.06124470273438005
180,0.042617415145467824
182,0.0374957094390824
184,0.024806986641042878
186,0.025993748271551882
188,0.04403916128215859
190,0.039791770723002474
192,0.03626031462265581
194,0.0320753044469632
196,0.05073966992113625
198,0.06838141619461345
200,0.07482567353683611
202,0.09395164794295001
204,0.07791325384705104
206,0.06985670710842182
208,0.06366596549197014
210,0.05918957072331767
212,0.07975165959797718
214,0.0948507404116164
216,0.06901631145355135
218,0.04415011015901337
220,0.036634786987655696
222,0.037634423737944116
224,0.025544322210122712
226,0.04262311638205358
228,0.03169044113237012
230,0.025535316050035187
232,0.01904041008600615
234,0.013956957849318686
236,0.015188719771222608
238,0.014696278741420344
240,0.01455003412153855
242,0.01800238981167119
244,0.030615872796709683
246,0.03819444089469073
248,0.04302651675560267
250,0.06506539286563219
252,0.06195620587944643
254,0.05311488733614607
256,0.0479328352600224
258,0.049364179297924755
