sample,labels,baseline,dF1,lo,hi,p,f1_omega,f1_base,threshold,holm
OOS 2016-2026,crisis23,erank_data,0.22920835842863096,0.09563029697297756,0.39403016034662114,0.0,0.44665012406947896,0.17369727047146402,0.002777777777777778,True
OOS 2016-2026,crisis25,AR,0.23509797561069315,0.09212725527831095,0.4251097847134431,0.0,0.45077720207253885,0.13471502590673576,0.0029411764705882353,True
OOS 2016-2026,crisis23,AR,0.21964950664655838,0.06677164535717776,0.4011493256437867,0.0,0.44665012406947896,0.13399503722084366,0.003125,True
OOS 2016-2026,crisis25,erank_data,0.21688120296457583,0.09072935703605252,0.3783855855855855,0.0,0.45077720207253885,0.18134715025906734,0.0033333333333333335,True
FULL 2000-2026,crisis23,AR,0.18349879636418273,0.08548137712571034,0.30058378477096087,0.0,0.3893805309734513,0.1752212389380531,0.0035714285714285718,True
FULL 2000-2026,crisis23,erank_data,0.19706368779554775,0.08713799182558041,0.3135668588126539,0.0,0.3893805309734513,0.1646017699115044,0.0038461538461538464,True
FULL 2000-2026,crisis25,erank_data,0.19583746341805847,0.08983118730690114,0.3121960000270177,0.0,0.38634321653189574,0.16711590296495957,0.004166666666666667,True
FULL 2000-2026,crisis25,AR,0.19388395821581153,0.09686343512514817,0.30688034249486323,0.0,0.38634321653189574,0.16352201257861634,0.004545454545454546,True
OOS 2016-2026,crisis16,erank_data,0.1791223356188355,0.025505892605429875,0.38054506011647715,0.006,0.4335664335664336,0.22377622377622375,0.005,False
FULL 2000-2026,crisis16,AR,0.11798458009230003,-0.013679615971980249,0.26587912312082046,0.04,0.33966745843230406,0.20427553444180527,0.005555555555555556,False
FULL 2000-2026,crisis16,erank_data,0.13135137308481484,-0.01849869696136963,0.27853890015971344,0.0435,0.33966745843230406,0.19239904988123516,0.00625,False
OOS 2016-2026,crisis16,AR,0.1700528353287275,-0.030834794198635544,0.4089798687969987,0.055,0.4335664335664336,0.16783216783216784,0.0071428571428571435,False
OOS 2016-2026,crisis16,erank,0.07721588743628478,-0.01765388606696154,0.1940415400202634,0.071,0.4335664335664336,0.34265734265734266,0.008333333333333333,False
FULL 2000-2026,crisis23,erank,0.044723886944957505,-0.019147537793043033,0.11459685587360455,0.0785,0.3893805309734513,0.3415929203539823,0.01,False
FULL 2000-2026,crisis25,erank,0.041042077314876274,-0.02158547378828346,0.11495298842204367,0.105,0.38634321653189574,0.34321653189577717,0.0125,False
OOS 2016-2026,crisis23,erank,0.03615038398754315,-0.011758175065473069,0.1106067725977895,0.1195,0.44665012406947896,0.3771712158808933,0.016666666666666666,False
OOS 2016-2026,crisis25,erank,0.03184152495801915,-0.026965472393103967,0.10435350951974996,0.15,0.45077720207253885,0.38341968911917096,0.025,False
FULL 2000-2026,crisis16,erank,-0.015181339418022802,-0.13329644692455622,0.09789119602018703,0.602,0.33966745843230406,0.36342042755344417,0.05,False
