date,AbsorptionRatio
2000-02-01,0.8516221265164132
2000-02-04,0.8318168586147051
2000-02-09,0.8446713116379668
2000-02-14,0.8436813304197484
2000-02-17,0.8527769600693854
2000-02-23,0.8533946756222341
2000-02-28,0.8485532461710336
2000-03-02,0.8345589663376258
2000-03-07,0.844285779824095
2000-03-10,0.8190068664376768
2000-03-15,0.8471807997695082
2000-03-20,0.8301667058837991
2000-03-23,0.8752946149202532
2000-03-28,0.8795814636947121
2000-03-31,0.8625898565668808
2000-04-05,0.8549966136641298
2000-04-10,0.845663100039816
2000-04-13,0.8288486927295431
2000-04-18,0.9296292025964052
2000-04-24,0.9391244838834119
2000-04-27,0.9385441723369828
2000-05-02,0.947914843576372
2000-05-05,0.9410092221223615
2000-05-10,0.9388396490641038
2000-05-15,0.8926334552044307
2000-05-18,0.8810137950871711
2000-05-23,0.8636420328298802
2000-05-26,0.8766162564053056
2000-06-01,0.8720616472412721
2000-06-06,0.8811151011458412
2000-06-09,0.8706581645411999
2000-06-14,0.8810376678346823
2000-06-19,0.84332147473053
2000-06-22,0.8343824136008007
2000-06-27,0.8168565713266551
2000-06-30,0.7656166217151431
2000-07-06,0.7222185631194818
2000-07-11,0.8032862988955417
2000-07-14,0.8040627087447424
2000-07-19,0.8052731131315285
2000-07-24,0.7744383204080415
2000-07-27,0.7975909727466763
2000-08-01,0.7962447029011948
2000-08-04,0.7775218887286389
2000-08-09,0.7858174886108252
2000-08-14,0.8204075642613383
2000-08-17,0.8090912434615448
2000-08-22,0.8033534349281857
2000-08-25,0.763020162064717
2000-08-30,0.7986302729053432
2000-09-05,0.7632463413713739
2000-09-08,0.7682142519847787
2000-09-13,0.7825387022095587
2000-09-18,0.7813091196198833
2000-09-21,0.7792443336694582
2000-09-26,0.7548394590605713
2000-09-29,0.7158758187396836
2000-10-04,0.7008817911081586
2000-10-09,0.8209024290337117
2000-10-12,0.8519162257099364
2000-10-17,0.8684514361203866
2000-10-20,0.888451186716902
2000-10-25,0.8971830606883902
2000-10-30,0.8901801779294256
2000-11-02,0.880945628876692
2000-11-07,0.8853381850966755
2000-11-10,0.845572677715969
2000-11-15,0.8416731796653665
2000-11-20,0.8108107066619064
2000-11-24,0.8459796115632517
2000-11-29,0.864577317494635
2000-12-04,0.8590365137042099
2000-12-07,0.8565376589225497
2000-12-12,0.8785174933636715
2000-12-15,0.8656528055694253
2000-12-20,0.872257641272081
2000-12-26,0.9203881484006198
2000-12-29,0.9311367255921944
2001-01-04,0.9247802185893381
2001-01-09,0.9311218595861698
2001-01-12,0.925253208543426
2001-01-18,0.9205447173786997
2001-01-23,0.9103807264227731
2001-01-26,0.8971473517356097
2001-01-31,0.861971035505681
2001-02-05,0.8261874066666591
2001-02-08,0.8175486465756586
2001-02-13,0.8177612246748929
2001-02-16,0.8282195760726668
2001-02-22,0.7932236216595723
2001-02-27,0.8113350707501384
2001-03-02,0.8391751633344187
2001-03-07,0.8632030665864995
2001-03-12,0.9207666521521769
2001-03-15,0.9457348240675479
2001-03-20,0.9453020355513198
2001-03-23,0.9477322033805782
2001-03-28,0.951666740924441
2001-04-02,0.9476795731185311
2001-04-05,0.9528457836796735
2001-04-10,0.9501960214179056
2001-04-16,0.9454913052777967
2001-04-19,0.9458611789409263
2001-04-24,0.9445922497323529
2001-04-27,0.9301187685008885
2001-05-02,0.8779376542618442
2001-05-07,0.8674130922889414
2001-05-10,0.8667946768822195
2001-05-15,0.8720116922261908
2001-05-18,0.8027753811198363
2001-05-23,0.8250732731238246
2001-05-29,0.8852771947895937
2001-06-01,0.8864485260054936
2001-06-06,0.8736882902165126
2001-06-11,0.8944500081701058
2001-06-14,0.8210703885034092
2001-06-19,0.8194317095852829
2001-06-22,0.8491585989230628
2001-06-27,0.8514727055685505
2001-07-02,0.830865623031147
2001-07-06,0.8349187999055023
2001-07-11,0.844138143596204
2001-07-16,0.8485577376470785
2001-07-19,0.8308466311868916
2001-07-24,0.837463452763026
2001-07-27,0.8814701282103102
2001-08-01,0.887808438883891
2001-08-06,0.8521679168466325
2001-08-09,0.810764757583644
2001-08-14,0.7937461501446983
2001-08-17,0.8153879894149526
2001-08-22,0.8538981944135448
2001-08-27,0.8816118341178403
2001-08-30,0.9038052353955074
2001-09-05,0.883515735375036
2001-09-10,0.9073095956850041
2001-09-19,0.9826611063861327
2001-09-24,0.9637908697741323
2001-09-27,0.9599017459928597
2001-10-02,0.9613447994663294
2001-10-05,0.9627050931194999
2001-10-10,0.9627131503352717
2001-10-15,0.829712907097455
2001-10-18,0.8346829581755066
2001-10-23,0.8773466761441351
2001-10-26,0.85441631522005
2001-10-31,0.8929004454178645
2001-11-05,0.897999798935381
2001-11-08,0.8927107453059278
2001-11-13,0.8776368763663766
2001-11-16,0.8530924956107632
2001-11-21,0.857483295212515
2001-11-27,0.8125349424330428
2001-11-30,0.8611189213855451
2001-12-05,0.8555952972535543
2001-12-10,0.8733205825744801
2001-12-13,0.8816023624156107
2001-12-18,0.8703059256962663
2001-12-21,0.871721024454805
2001-12-27,0.8437098082188552
2002-01-02,0.8382644538981144
2002-01-07,0.7948223260711034
2002-01-10,0.7742497159432389
2002-01-15,0.7578802156914802
2002-01-18,0.7392645173708732
2002-01-24,0.7935976897224414
2002-01-29,0.8641725254166543
2002-02-01,0.8634362961547111
2002-02-06,0.88924007761195
2002-02-11,0.8697637777295201
2002-02-14,0.8764948083367855
2002-02-20,0.890436360393309
2002-02-25,0.9201280925735581
2002-02-28,0.8942639507017909
2002-03-05,0.8254492177488485
2002-03-08,0.8058884568344683
2002-03-13,0.820052259826032
2002-03-18,0.7848225545990858
2002-03-21,0.7246797655746375
2002-03-26,0.7016287670115188
2002-04-01,0.6715367990250114
2002-04-04,0.6552797179099005
2002-04-09,0.7157146109126081
2002-04-12,0.8184977693074859
2002-04-17,0.8325442067436867
2002-04-22,0.862048180883956
2002-04-25,0.8631644307236971
2002-04-30,0.8998656901063861
2002-05-03,0.8565845279213631
2002-05-08,0.8767473733606698
2002-05-13,0.8728404112816504
2002-05-16,0.8762237574059113
2002-05-21,0.871269980730111
2002-05-24,0.8687813920470516
2002-05-30,0.8669426793167762
2002-06-04,0.8941807801579471
2002-06-07,0.8934289636693508
2002-06-12,0.8681458923257345
2002-06-17,0.8998472592495609
2002-06-20,0.9021549015449601
2002-06-25,0.897414752321086
2002-06-28,0.9302813515710013
2002-07-03,0.9241837301051855
2002-07-09,0.9416449071016186
2002-07-12,0.9447298874144431
2002-07-17,0.9264166668409718
2002-07-22,0.9244142840653726
2002-07-25,0.9049025648736618
2002-07-30,0.9124179103173324
2002-08-02,0.8917231935888927
2002-08-07,0.8818228749099828
2002-08-12,0.8951040959138443
2002-08-15,0.8975074694247085
2002-08-20,0.8733268396592527
2002-08-23,0.8849842746456877
2002-08-28,0.8739584245871116
2002-09-03,0.9126402687873266
2002-09-06,0.921319377070554
2002-09-11,0.9300605093786272
2002-09-16,0.9309405051010434
2002-09-19,0.937501407867769
2002-09-24,0.9341539171589667
2002-09-27,0.9563506673507487
2002-10-02,0.9508030926409917
2002-10-07,0.9484540267383192
2002-10-10,0.9296058758977822
2002-10-15,0.9404140203598135
2002-10-18,0.9458222502658937
2002-10-23,0.9391306897618805
2002-10-28,0.934803479983118
2002-10-31,0.9192515877614295
2002-11-05,0.910145137425695
2002-11-08,0.893549228684328
2002-11-13,0.81499811662893
2002-11-18,0.8293503981932183
2002-11-21,0.8405929094381206
2002-11-26,0.8468136866021629
2002-12-02,0.8488442003099572
2002-12-05,0.8845484080326835
2002-12-10,0.8792176015168867
2002-12-13,0.8759879784230674
2002-12-18,0.9016683156188243
2002-12-23,0.8918532547482383
2002-12-27,0.908500983096299
2003-01-02,0.9199585777882507
2003-01-07,0.9202395635424571
2003-01-10,0.9047798890980965
2003-01-15,0.8998177642743426
2003-01-21,0.896713041878229
2003-01-24,0.9019480589941962
2003-01-29,0.892956578065205
2003-02-03,0.8812454219421226
2003-02-06,0.9030512585206779
2003-02-11,0.915256575278453
2003-02-14,0.9167939791361692
2003-02-20,0.9225673260657077
2003-02-25,0.9191576344404455
2003-02-28,0.945934117665573
2003-03-05,0.9283648033904661
2003-03-10,0.91841580002056
2003-03-13,0.9435744474761297
2003-03-18,0.8939161330056475
2003-03-21,0.8974442368665145
2003-03-26,0.9029271360632805
2003-03-31,0.9140414284544867
2003-04-03,0.8917074117319314
2003-04-08,0.89289593949381
2003-04-11,0.8898133144298339
2003-04-16,0.9027826572386431
2003-04-22,0.8273085933295719
2003-04-25,0.8198334498902976
2003-04-30,0.7884800024290842
2003-05-05,0.7507146539649883
2003-05-08,0.8007008655934853
2003-05-13,0.7547489546201266
2003-05-16,0.7375114329864619
2003-05-21,0.8323336330419383
2003-05-27,0.8540016459472861
2003-05-30,0.891804449234626
2003-06-04,0.9035585502690936
2003-06-09,0.9034208298975887
2003-06-12,0.9194726594860441
2003-06-17,0.8664159446632559
2003-06-20,0.8609368538965083
2003-06-25,0.8181502250080595
2003-06-30,0.7801689800635476
2003-07-03,0.7607773327844238
2003-07-09,0.7422678126623867
2003-07-14,0.7695262541402028
2003-07-17,0.7795519580155392
2003-07-22,0.7823584159105218
2003-07-25,0.8022103336756161
2003-07-30,0.8107490782194207
2003-08-04,0.7865816428955791
2003-08-07,0.808606359531648
2003-08-12,0.7919669273489077
2003-08-15,0.7904508611459802
2003-08-20,0.7838684353003181
2003-08-25,0.8045010914081815
2003-08-28,0.7864230806317358
2003-09-03,0.7992156356621534
2003-09-08,0.8520034381092294
2003-09-11,0.8525405095182753
2003-09-16,0.8512222882644717
2003-09-19,0.8726064465521394
2003-09-24,0.9076587593000152
2003-09-29,0.8928883946043756
2003-10-02,0.8692907004408865
2003-10-07,0.8890437588308239
2003-10-10,0.9021453674725894
2003-10-15,0.9022934797422271
2003-10-20,0.9068547824241572
2003-10-23,0.9173912382893905
2003-10-28,0.9050637802079834
2003-10-31,0.8731449533142297
2003-11-05,0.9159984568035482
2003-11-10,0.9028975558820903
2003-11-13,0.9111643158479743
2003-11-18,0.9274345775662881
2003-11-21,0.9274829873574579
2003-11-26,0.9423392231828557
2003-12-02,0.9257927365439714
2003-12-05,0.9219773825709806
2003-12-10,0.9020994641494222
2003-12-15,0.902933539702341
2003-12-18,0.8439156760991982
2003-12-23,0.7238083723732485
2003-12-29,0.7118085500615012
2004-01-02,0.7622077539240785
2004-01-07,0.7646409688127377
2004-01-12,0.7781500688977161
2004-01-15,0.8027061501946918
2004-01-21,0.8264485094340913
2004-01-26,0.8054395991922289
2004-01-29,0.7739588603525527
2004-02-03,0.8624738884374412
2004-02-06,0.8593734681881111
2004-02-11,0.8343477036890901
2004-02-17,0.7698476081866451
2004-02-20,0.7816848854865024
2004-02-25,0.8113698465200577
2004-03-01,0.8329482848022246
2004-03-04,0.8567808133983835
2004-03-09,0.8576177662337181
2004-03-12,0.8047939042550553
2004-03-17,0.8327852367020419
2004-03-22,0.8480295107523743
2004-03-25,0.84849211665458
2004-03-30,0.8440046110739063
2004-04-02,0.8177683818058299
2004-04-07,0.8367799812849968
2004-04-13,0.8236583992193047
2004-04-16,0.796552738361083
2004-04-21,0.7465111938624375
2004-04-26,0.7501907677053318
2004-04-29,0.7777855132332201
2004-05-04,0.7631223689901626
2004-05-07,0.7638286658687504
2004-05-12,0.8505594123309124
2004-05-17,0.8542901470764319
2004-05-20,0.8911969312561214
2004-05-25,0.8976640584943066
2004-05-28,0.8853837338081932
2004-06-03,0.8878241984269556
2004-06-08,0.8353053607148128
2004-06-14,0.8456075543896135
2004-06-17,0.781811028522333
2004-06-22,0.7981147805151075
2004-06-25,0.7970533351857781
2004-06-30,0.7925942093978712
2004-07-06,0.769282360970301
2004-07-09,0.7500547206160152
2004-07-14,0.7627920277824443
2004-07-19,0.7497737369049139
2004-07-22,0.7115521091181943
2004-07-27,0.7299245574419161
2004-07-30,0.714631456809323
2004-08-04,0.7559603270277298
2004-08-09,0.8078440564725633
2004-08-12,0.8235189487360581
2004-08-17,0.7968820989850133
2004-08-20,0.848116058387445
2004-08-25,0.83826690850634
2004-08-30,0.8725295659294051
2004-09-02,0.889952610792567
2004-09-08,0.7974681773059149
2004-09-13,0.8314414217939231
2004-09-16,0.8130710496223107
2004-09-21,0.7863533171635028
2004-09-24,0.7491966566052745
2004-09-29,0.7642587756358881
2004-10-04,0.7288920168024281
2004-10-07,0.7762463917872453
2004-10-12,0.7729911499265008
2004-10-15,0.793626378912301
2004-10-20,0.781574793253369
2004-10-25,0.7951428764015593
2004-10-28,0.8018440182670779
2004-11-02,0.8053010965182124
2004-11-05,0.8214753522628973
2004-11-10,0.8390667418960452
2004-11-15,0.8200650044080215
2004-11-18,0.8052090128400532
2004-11-23,0.6991061838569423
2004-11-29,0.7036074690531977
2004-12-02,0.6994624617308033
2004-12-07,0.705094492890045
2004-12-10,0.6976317637183204
2004-12-15,0.6954572089164892
2004-12-20,0.6929349687759117
2004-12-23,0.7059864052676732
2004-12-29,0.7257847859241497
2005-01-03,0.6114388627063622
2005-01-06,0.598314352516312
2005-01-11,0.6199100296201672
2005-01-14,0.6233749566917997
2005-01-20,0.6322299096196196
2005-01-25,0.6551288692103898
2005-01-28,0.6655883196919894
2005-02-02,0.7076941029975359
2005-02-07,0.6815083986390214
2005-02-10,0.6757775134661133
2005-02-15,0.6844370925825705
2005-02-18,0.6581924852642282
2005-02-24,0.794397780055292
2005-03-01,0.822723848874296
2005-03-04,0.7882932620236912
2005-03-09,0.8109400894665904
2005-03-14,0.7740786841742636
2005-03-17,0.7672998930881323
2005-03-22,0.7249126027199116
2005-03-28,0.7367011951857003
2005-03-31,0.722759133610159
2005-04-05,0.7607701639639034
2005-04-08,0.7871023957619457
2005-04-13,0.8178955319784239
2005-04-18,0.8834446322255899
2005-04-21,0.8932541395278465
2005-04-26,0.9008513726788945
2005-04-29,0.9265379129833129
2005-05-04,0.927400950147731
2005-05-09,0.9307359946816626
2005-05-12,0.8990979350987557
2005-05-17,0.8417807264342028
2005-05-20,0.7940833793837652
2005-05-25,0.7931851525420701
2005-05-31,0.7601623592335438
2005-06-03,0.7525403856789802
2005-06-08,0.7129971042899237
2005-06-13,0.756759241415172
2005-06-16,0.6983739907893048
2005-06-21,0.6873398597385534
2005-06-24,0.6957002518304213
2005-06-29,0.7224871793664885
2005-07-05,0.7285196730588165
2005-07-08,0.7105452755955795
2005-07-13,0.6757540565982991
2005-07-18,0.7208870166366038
2005-07-21,0.7516010864213228
2005-07-26,0.7411224745211368
2005-07-29,0.7809826921784582
2005-08-03,0.8020779578665369
2005-08-08,0.7049135467067953
2005-08-11,0.7157096801915382
2005-08-16,0.6895089475424251
2005-08-19,0.7005676687994594
2005-08-24,0.6958292624976494
2005-08-29,0.7058790466147775
2005-09-01,0.8428560418389873
2005-09-07,0.9063045411104514
2005-09-12,0.9036687726674207
2005-09-15,0.9092734714977379
2005-09-20,0.9240383466136175
2005-09-23,0.9314646742905983
2005-09-28,0.9244616133927899
2005-10-03,0.8423168921762629
2005-10-06,0.8089183728447025
2005-10-11,0.815287907076666
2005-10-14,0.805378343936948
2005-10-19,0.8302529852132804
2005-10-24,0.837164432037078
2005-10-27,0.8374044073276662
2005-11-01,0.8174268995489371
2005-11-04,0.8219737259533426
2005-11-09,0.8050237899795739
2005-11-14,0.7364225030707164
2005-11-17,0.7279844722078389
2005-11-22,0.7131376271734685
2005-11-28,0.7112370833005782
2005-12-01,0.696037594565457
2005-12-06,0.7743045006059692
2005-12-09,0.8614348085599275
2005-12-14,0.8779358018529537
2005-12-19,0.8921608587807901
2005-12-22,0.8911697208108628
2005-12-28,0.8916004805463184
2006-01-03,0.8691699490681002
2006-01-06,0.8592535282836278
2006-01-11,0.8104465357574282
2006-01-17,0.6904593436628326
2006-01-20,0.7776463047519415
2006-01-25,0.8040012444309601
2006-01-30,0.813910235497108
2006-02-02,0.8339062903267732
2006-02-07,0.8149219171242702
2006-02-10,0.8037445710543204
2006-02-15,0.8064117441786346
2006-02-21,0.695144359278427
2006-02-24,0.7354405225398245
2006-03-01,0.7229808718821804
2006-03-06,0.7287983280678508
2006-03-09,0.8708989581567946
2006-03-14,0.8642415184949368
2006-03-17,0.8715749870743127
2006-03-22,0.8503478861098077
2006-03-27,0.8177729197647066
2006-03-30,0.8550080870566402
2006-04-04,0.8065614242746109
2006-04-07,0.8575316927043245
2006-04-12,0.857751767906261
2006-04-18,0.8894609453064993
2006-04-21,0.8747987477780432
2006-04-26,0.8723085884216445
2006-05-01,0.8850475871338218
2006-05-04,0.8578048742385853
2006-05-09,0.8599405816406966
2006-05-12,0.9082043257550437
2006-05-17,0.8958871896048053
2006-05-22,0.9367673965276282
2006-05-25,0.9462199860215905
2006-05-31,0.9400425720647392
2006-06-05,0.9080375535449643
2006-06-08,0.9120079876535617
2006-06-13,0.9032241409613225
2006-06-16,0.8890787685057376
2006-06-21,0.843843477252409
2006-06-26,0.8382246202790572
2006-06-29,0.8461395719593032
2006-07-05,0.850961936710446
2006-07-10,0.8524174840446486
2006-07-13,0.8519216936204761
2006-07-18,0.8282021310610516
2006-07-21,0.8596479054385973
2006-07-26,0.8718947766019195
2006-07-31,0.9101451588697315
2006-08-03,0.9144908675427103
2006-08-08,0.9568117206634685
2006-08-11,0.9652937574923511
2006-08-16,0.9606885649566953
2006-08-21,0.959897846025543
2006-08-24,0.9625543499142057
2006-08-29,0.9590541229732992
2006-09-01,0.9326635911293728
2006-09-07,0.8591015019431824
2006-09-12,0.880559774472258
2006-09-15,0.8746156662367074
2006-09-20,0.8588228319088057
2006-09-25,0.8505978108489256
2006-09-28,0.8725036736863812
2006-10-03,0.8633812296280897
2006-10-06,0.8301192165187266
2006-10-11,0.8178828587211442
2006-10-16,0.8166635237550698
2006-10-19,0.8238741184939641
2006-10-24,0.7740470431504023
2006-10-27,0.7568474726910345
2006-11-01,0.8586175856474161
2006-11-06,0.8594224595625212
2006-11-09,0.8670989491762839
2006-11-14,0.8463524922893728
2006-11-17,0.8359072966292663
2006-11-22,0.8254802421407831
2006-11-28,0.862785650750314
2006-12-01,0.8710534573150427
2006-12-06,0.8131043568726439
2006-12-11,0.8074153985194213
2006-12-14,0.8281043504592169
2006-12-19,0.8214676374787951
2006-12-22,0.7776270427405302
2006-12-28,0.7278267137686385
2007-01-04,0.7770885682603075
2007-01-09,0.8228899602589623
2007-01-12,0.8343254042857484
2007-01-18,0.8234575239517706
2007-01-23,0.83495954633756
2007-01-26,0.8419507127663687
2007-01-31,0.8331422910299487
2007-02-05,0.7926600414962821
2007-02-08,0.8171594803420196
2007-02-13,0.8011427623896279
2007-02-16,0.7575156811376355
2007-02-22,0.749877474478527
2007-02-27,0.9548880194109003
2007-03-02,0.9465595531501904
2007-03-07,0.9580825919211711
2007-03-12,0.9539027333468868
2007-03-15,0.9597203463775339
2007-03-20,0.963218597937891
2007-03-23,0.9604015195736904
2007-03-28,0.9426382954283282
2007-04-02,0.9049663950618443
2007-04-05,0.9165068819442838
2007-04-11,0.9181093896787355
2007-04-16,0.8997868202120701
2007-04-19,0.8802303687222383
2007-04-24,0.8969247867714034
2007-04-27,0.8738880025923041
2007-05-02,0.8146028938856738
2007-05-07,0.8160455075017048
2007-05-10,0.855329860354314
2007-05-15,0.8725508018659489
2007-05-18,0.8286105376831018
2007-05-23,0.8375239943835545
2007-05-29,0.8502113962197879
2007-06-01,0.8459174390210693
2007-06-06,0.8668125704039955
2007-06-11,0.8530828999941245
2007-06-14,0.9083347619267086
2007-06-19,0.9050978720681901
2007-06-22,0.8965281021673789
2007-06-27,0.9017091973243118
2007-07-02,0.8653186508875697
2007-07-06,0.823069241132272
2007-07-11,0.8094535702792222
2007-07-16,0.7886790873510194
2007-07-19,0.8125181079546407
2007-07-24,0.8452620396860053
2007-07-27,0.9398279455365126
2007-08-01,0.947495151509906
2007-08-06,0.9498023366541918
2007-08-09,0.9744203057917781
2007-08-14,0.9703946872035003
2007-08-17,0.9683704117028263
2007-08-22,0.9679088649665357
2007-08-27,0.9675511947674835
2007-08-30,0.9656566147285722
2007-09-05,0.96700502990307
2007-09-10,0.9276710477628365
2007-09-13,0.9251671681022727
2007-09-18,0.8649029903165856
2007-09-21,0.9001073781276933
2007-09-26,0.9055744875276253
2007-10-01,0.9260237574110514
2007-10-04,0.9256184172099267
2007-10-09,0.9109515438894314
2007-10-12,0.9203364539933749
2007-10-17,0.892710524305292
2007-10-22,0.8764989977848239
2007-10-25,0.8980568828841722
2007-10-30,0.8940407825341301
2007-11-02,0.9168692557260714
2007-11-07,0.927893799902253
2007-11-12,0.9367427348510584
2007-11-15,0.9484552364593668
2007-11-20,0.9306222014280697
2007-11-26,0.9313896000464325
2007-11-29,0.9170423066221212
2007-12-04,0.9092564605371593
2007-12-07,0.906287897773435
2007-12-12,0.925466141171478
2007-12-17,0.9289447410206451
2007-12-20,0.9018016159003345
2007-12-26,0.8981026644214775
2007-12-31,0.8925161202235519
2008-01-04,0.8942362673395878
2008-01-09,0.8645881266889617
2008-01-14,0.8607352421485124
2008-01-17,0.8379515408938855
2008-01-23,0.9367927445647907
2008-01-28,0.9278348825543558
2008-01-31,0.9277586753918539
2008-02-05,0.9343235924670854
2008-02-08,0.9469866903360475
2008-02-13,0.9486950978576842
2008-02-19,0.9510229630625359
2008-02-22,0.9151863239182375
2008-02-27,0.8870519707679525
2008-03-03,0.9251814537387144
2008-03-06,0.9274015215186368
2008-03-11,0.9383898287012997
2008-03-14,0.939818884044582
2008-03-19,0.9694859943136724
2008-03-25,0.9568565908756219
2008-03-28,0.9487447805724974
2008-04-02,0.941219991946873
2008-04-07,0.9339785647837595
2008-04-10,0.9287238768466559
2008-04-15,0.8955695790876798
2008-04-18,0.860753845272897
2008-04-23,0.8420725254531286
2008-04-28,0.8458078180347616
2008-05-01,0.786742858116381
2008-05-06,0.8452807223353201
2008-05-09,0.8548098303453588
2008-05-14,0.8403063472941257
2008-05-19,0.8047275361115107
2008-05-22,0.8556080917986615
2008-05-28,0.850582386720752
2008-06-02,0.8113154582700948
2008-06-05,0.8352582599819062
2008-06-10,0.8836146875040983
2008-06-13,0.8884597645967152
2008-06-18,0.9114085463663074
2008-06-23,0.9042185801559036
2008-06-26,0.9113415205642733
2008-07-01,0.8977184746292984
2008-07-07,0.8430062443202918
2008-07-10,0.83881774800506
2008-07-15,0.8399727798791229
2008-07-18,0.8712177095674257
2008-07-23,0.8923584130194825
2008-07-28,0.8760608910181453
2008-07-31,0.8812482061721458
2008-08-05,0.8976949371957258
2008-08-08,0.9070278648151189
2008-08-13,0.8770938474937142
2008-08-18,0.9045350408678375
2008-08-21,0.9083066349921901
2008-08-26,0.9045166099206986
2008-08-29,0.8906159799461615
2008-09-04,0.8842557189424047
2008-09-09,0.9034163512954018
2008-09-12,0.897708904706976
2008-09-17,0.9606679472000119
2008-09-22,0.9564473989038966
2008-09-25,0.9526012470613229
2008-09-30,0.9374907771651856
2008-10-03,0.9347423638726561
2008-10-08,0.9363838159431809
2008-10-13,0.9476849713307224
2008-10-16,0.9505882044719137
2008-10-21,0.954037504570638
2008-10-24,0.9542345440109465
2008-10-29,0.9571981530121506
2008-11-03,0.9517494787063674
2008-11-06,0.954377339069216
2008-11-11,0.9459749066430332
2008-11-14,0.9439556518070679
2008-11-19,0.9244048552917473
2008-11-24,0.9211303136751581
2008-11-28,0.9082154885470511
2008-12-03,0.9161706404907837
2008-12-08,0.892720054997028
2008-12-11,0.9092191027167894
2008-12-16,0.9231845364774678
2008-12-19,0.8746349322933095
2008-12-24,0.8805062016428423
2008-12-30,0.8637180973568271
2009-01-05,0.7839106555315144
2009-01-08,0.7771036367789801
2009-01-13,0.7147143269019886
2009-01-16,0.8270648509166573
2009-01-22,0.8241084657835654
2009-01-27,0.8227487628402548
2009-01-30,0.8931606308909447
2009-02-04,0.8821557668203962
2009-02-09,0.921664439536464
2009-02-12,0.9143331204443892
2009-02-18,0.925557146136569
2009-02-23,0.9472418146369109
2009-02-26,0.9250632576771726
2009-03-03,0.9424375256028009
2009-03-06,0.9406821966222376
2009-03-11,0.9214662265380025
2009-03-16,0.8988292336079957
2009-03-19,0.8718356838132204
2009-03-24,0.8932092579276162
2009-03-27,0.8848078892469533
2009-04-01,0.8727200723044095
2009-04-06,0.8529332507969823
2009-04-09,0.8708125034224452
2009-04-15,0.8757669260340509
2009-04-20,0.9124266224791504
2009-04-23,0.9204205431507081
2009-04-28,0.8618315145518999
2009-05-01,0.8880476825327441
2009-05-06,0.8736773649159013
2009-05-11,0.8678755767889178
2009-05-14,0.8550618024739396
2009-05-19,0.7503635684642462
2009-05-22,0.7832788862470559
2009-05-28,0.7834905554987082
2009-06-02,0.7946547568981094
2009-06-05,0.8010142972831389
2009-06-10,0.824026686937233
2009-06-15,0.8459815964646603
2009-06-18,0.8336195588276644
2009-06-23,0.8707419108144047
2009-06-26,0.8829610922097995
2009-07-01,0.8900395758434542
2009-07-07,0.898783111013001
2009-07-10,0.8992736304975044
2009-07-15,0.8523489848575377
2009-07-20,0.8592159488794697
2009-07-23,0.7907471971417361
2009-07-28,0.8106653758439201
2009-07-31,0.814528920470772
2009-08-05,0.6863857834342613
2009-08-10,0.7202441541379409
2009-08-13,0.7630497773702216
2009-08-18,0.8854277339461345
2009-08-21,0.8923825349071676
2009-08-26,0.9071619099321699
2009-08-31,0.921578575806866
2009-09-03,0.9273993019989053
2009-09-09,0.925578029659651
2009-09-14,0.9249873952649507
2009-09-17,0.8642191029766552
2009-09-22,0.8535832413917578
2009-09-25,0.8679708430277326
2009-09-30,0.8094754995114014
2009-10-05,0.8366305385667958
2009-10-08,0.8441786118061749
2009-10-13,0.8404309769167609
2009-10-16,0.8554417344817402
2009-10-21,0.8491645602854061
2009-10-26,0.8494526678654489
2009-10-29,0.8913097773852658
2009-11-03,0.8895894957707707
2009-11-06,0.9150794106879854
2009-11-11,0.9405777478554291
2009-11-16,0.9477491478819142
2009-11-19,0.9509029716236054
2009-11-24,0.9512775447133168
2009-11-30,0.9766441748745497
2009-12-03,0.9758765350873211
2009-12-08,0.9761335330860217
2009-12-11,0.9755639013519133
2009-12-16,0.9741869546488389
2009-12-21,0.9724688969728184
2009-12-24,0.9713627711818034
2009-12-30,0.843987578864719
2010-01-05,0.8492561723189763
2010-01-08,0.8253679777099173
2010-01-13,0.8223213713037568
2010-01-19,0.8219839042886916
2010-01-22,0.9219976455746042
2010-01-27,0.920782231046555
2010-02-01,0.9465789759836449
2010-02-04,0.9668130061190695
2010-02-09,0.9678559548985288
2010-02-12,0.9696362691091116
2010-02-18,0.9669098508112137
2010-02-23,0.956023907117663
2010-02-26,0.9627775131036179
2010-03-03,0.9629550206041423
2010-03-08,0.8830521903072731
2010-03-11,0.8719868062087371
2010-03-16,0.8960573130422165
2010-03-19,0.9131205669931235
2010-03-24,0.9267295941332778
2010-03-29,0.9124351465872356
2010-04-01,0.8805269456322229
2010-04-07,0.8447737702539136
2010-04-12,0.8349661488563408
2010-04-15,0.8142475775542886
2010-04-20,0.8549975939307326
2010-04-23,0.8862364784832101
2010-04-28,0.9345882293467032
2010-05-03,0.968861158349141
2010-05-06,0.983477815537073
2010-05-11,0.9868573895958676
2010-05-14,0.9869198331689345
2010-05-19,0.9859265641004923
2010-05-24,0.9766792204821456
2010-05-27,0.976128586339013
2010-06-02,0.976670871125067
2010-06-07,0.9693115170796274
2010-06-10,0.964247412714141
2010-06-15,0.9587881513620492
2010-06-18,0.9392822706773983
2010-06-23,0.9725147079489831
2010-06-28,0.9744226202642116
2010-07-01,0.9687481977844824
2010-07-07,0.9513466282631711
2010-07-12,0.9453908617159802
2010-07-15,0.9338517579402165
2010-07-20,0.9274841701670182
2010-07-23,0.9194422058426578
2010-07-28,0.8705600733264682
2010-08-02,0.87808224942448
2010-08-05,0.8451028052155097
2010-08-10,0.8496426725658933
2010-08-13,0.8952396697749692
2010-08-18,0.9276265018013111
2010-08-23,0.9164738503539803
2010-08-26,0.9320389959778684
2010-08-31,0.9314368615798568
2010-09-03,0.9576611329138859
2010-09-09,0.9562370410196952
2010-09-14,0.9636693867562922
2010-09-17,0.9484135253060432
2010-09-22,0.9154294872889579
2010-09-27,0.9274364664010516
2010-09-30,0.8421848412187587
2010-10-05,0.8073603577113648
2010-10-08,0.7833172664753298
2010-10-13,0.7898112851576435
2010-10-18,0.7894238494234368
2010-10-21,0.8076437629593883
2010-10-26,0.7835029492140906
2010-10-29,0.8263877695138749
2010-11-03,0.8220081197097253
2010-11-08,0.8829351807447003
2010-11-11,0.8975963834668714
2010-11-16,0.9086843633728523
2010-11-19,0.9198986104703478
2010-11-24,0.9343476957241453
2010-11-30,0.9359205606427933
2010-12-03,0.9446681012237519
2010-12-08,0.9307509389180321
2010-12-13,0.9330287276307471
2010-12-16,0.9405463002264419
2010-12-21,0.9399365757395669
2010-12-27,0.9171140021796014
2010-12-30,0.873763831375188
2011-01-04,0.7661773672014776
2011-01-07,0.7486527815491466
2011-01-12,0.8031649346302349
2011-01-18,0.7913613631440234
2011-01-21,0.8253672826869848
2011-01-26,0.8106813013677069
2011-01-31,0.8644110120702394
2011-02-03,0.8775965219588433
2011-02-08,0.9125632114183078
2011-02-11,0.8899105871068449
2011-02-16,0.8909196030802651
2011-02-22,0.9472005104683104
2011-02-25,0.9240108598064775
2011-03-02,0.9103217010228882
2011-03-07,0.9162003928493675
2011-03-10,0.913947483962053
2011-03-15,0.9747563130963742
2011-03-18,0.9784144305009408
2011-03-23,0.9839118305767786
2011-03-28,0.9835257125147743
2011-03-31,0.9854293544088443
2011-04-05,0.9872965403346196
2011-04-08,0.9878095038411616
2011-04-13,0.9567732927569362
2011-04-18,0.9244197028867833
2011-04-21,0.8953824270834987
2011-04-27,0.892274729631226
2011-05-02,0.9135281134761036
2011-05-05,0.9254054939841732
2011-05-10,0.9273672388176868
2011-05-13,0.9122053839204205
2011-05-18,0.909037452026571
2011-05-23,0.9248156928061292
2011-05-26,0.9342600774391528
2011-06-01,0.9426944369896902
2011-06-06,0.929163549133157
2011-06-09,0.9245049205293595
2011-06-14,0.9155124558713378
2011-06-17,0.9370857216855987
2011-06-22,0.9222645852713987
2011-06-27,0.9376899872759008
2011-06-30,0.9384092184996734
2011-07-06,0.9455514406205109
2011-07-11,0.9563009038090193
2011-07-14,0.9598434656849391
2011-07-19,0.9593633717226069
2011-07-22,0.96160813156395
2011-07-27,0.9761105116508735
2011-08-01,0.9721665948492003
2011-08-04,0.9597057226069089
2011-08-09,0.9732706828882698
2011-08-12,0.9698637683821867
2011-08-17,0.9719277730570253
2011-08-22,0.9756443691994421
2011-08-25,0.9742258929799411
2011-08-30,0.9790352446031977
2011-09-02,0.9800942055596478
2011-09-08,0.9740637016835791
2011-09-13,0.980144930405902
2011-09-16,0.9764142595478591
2011-09-21,0.9762640420898284
2011-09-26,0.9786103428721358
2011-09-29,0.979140903426073
2011-10-04,0.9747746910810732
2011-10-07,0.975275975127908
2011-10-12,0.9711123428574533
2011-10-17,0.9686809588467797
2011-10-20,0.9479287708068523
2011-10-25,0.9516909212144828
2011-10-28,0.9609907146910454
2011-11-02,0.9783950909398746
2011-11-07,0.97283009376699
2011-11-10,0.9780488898797113
2011-11-15,0.9775314305739272
2011-11-18,0.9767118592114015
2011-11-23,0.9737434961099324
2011-11-29,0.9623584317991359
2011-12-02,0.9104411515890812
2011-12-07,0.9083396913999062
2011-12-12,0.9062316488956663
2011-12-15,0.9148994611003446
2011-12-20,0.9110285594907179
2011-12-23,0.9172436127999155
2011-12-29,0.8909885676183772
2012-01-04,0.9106089394196439
2012-01-09,0.8993675710611987
2012-01-12,0.9020538349734945
2012-01-18,0.84517073080285
2012-01-23,0.8589142312258898
2012-01-26,0.874513801143959
2012-01-31,0.8898714840117766
2012-02-03,0.8833550494607678
2012-02-08,0.8823852710218839
2012-02-13,0.9346041551221566
2012-02-16,0.9120405125103939
2012-02-22,0.9070959156362971
2012-02-27,0.9099852376587507
2012-03-01,0.8802195880180403
2012-03-06,0.9072895057956836
2012-03-09,0.9294247422055362
2012-03-14,0.9081245244513945
2012-03-19,0.9225679807976472
2012-03-22,0.9267831248845662
2012-03-27,0.9392019490980902
2012-03-30,0.9436560999470348
2012-04-04,0.9281953121106534
2012-04-10,0.9294202480825298
2012-04-13,0.9126620862193686
2012-04-18,0.9241602966928796
2012-04-23,0.9292181022791076
2012-04-26,0.9401781998224532
2012-05-01,0.9529324829124962
2012-05-04,0.9479989390726665
2012-05-09,0.9555075780908571
2012-05-14,0.9686868993413881
2012-05-17,0.9617845874518723
2012-05-22,0.9698077698367803
2012-05-25,0.9717911430659847
2012-05-31,0.9736350462531198
2012-06-05,0.9773209061305386
2012-06-08,0.971705918502023
2012-06-13,0.9670549470415083
2012-06-18,0.9480335622671359
2012-06-21,0.9435816929002913
2012-06-26,0.9428486373374594
2012-06-29,0.9038972644002433
2012-07-05,0.8902764741731554
2012-07-10,0.8968188443403331
2012-07-13,0.9040231449473235
2012-07-18,0.9063374732452505
2012-07-23,0.95201880910321
2012-07-26,0.9491373877676337
2012-07-31,0.9356456106253092
2012-08-03,0.9488087713767444
2012-08-08,0.9583610904284737
2012-08-13,0.9530844143903234
2012-08-16,0.946365973879532
2012-08-21,0.8949326085154442
2012-08-24,0.8705196391643677
2012-08-29,0.8685331308280783
2012-09-04,0.7912329334991336
2012-09-07,0.911047108341863
2012-09-12,0.9163069069952343
2012-09-17,0.9264922714126067
2012-09-20,0.9182456401312533
2012-09-25,0.9112923857615284
2012-09-28,0.9250833192676109
2012-10-03,0.9291705768938167
2012-10-08,0.9137867368069476
2012-10-11,0.909255962758219
2012-10-16,0.9018716592591269
2012-10-19,0.8928470923167943
2012-10-24,0.8640845822414086
2012-10-31,0.8945811899048933
2012-11-05,0.8767617555766356
2012-11-08,0.8697360979527878
2012-11-13,0.8645616053923004
2012-11-16,0.8163754289521893
2012-11-21,0.8550281872786706
2012-11-27,0.788310256005196
2012-11-30,0.7843120930399099
2012-12-05,0.8183407920007207
2012-12-10,0.7521247627188279
2012-12-13,0.8018474999642279
2012-12-18,0.7958474303911903
2012-12-21,0.8951716149210196
2012-12-27,0.8948291964479099
2013-01-02,0.9412585714723796
2013-01-07,0.9410797711046978
2013-01-10,0.9137770061855902
2013-01-15,0.9199731059358945
2013-01-18,0.899010918928178
2013-01-24,0.8982918963174225
2013-01-29,0.8908091992288558
2013-02-01,0.8912650313273166
2013-02-06,0.9035003603715317
2013-02-11,0.905921718950336
2013-02-14,0.9053855377158397
2013-02-20,0.8845634443670556
2013-02-25,0.9051606639386344
2013-02-28,0.9364311402827529
2013-03-05,0.9446269872424186
2013-03-08,0.9517201504817727
2013-03-13,0.9539033813241189
2013-03-18,0.9685626330082898
2013-03-21,0.9728674186552086
2013-03-26,0.962601323581597
2013-04-01,0.9377049050380856
2013-04-04,0.9284003751575314
2013-04-09,0.9155458313308974
2013-04-12,0.9190707704341847
2013-04-17,0.8980672852256193
2013-04-22,0.9177407523355068
2013-04-25,0.9346655300523384
2013-04-30,0.9249281845711602
2013-05-03,0.9284070608840381
2013-05-08,0.9362703863480422
2013-05-13,0.8874200173277121
2013-05-16,0.8602144640325298
2013-05-21,0.8112871206192923
2013-05-24,0.9469312060716774
2013-05-30,0.9363458428109829
2013-06-04,0.9364390749054252
2013-06-07,0.9284337179998585
2013-06-12,0.9318189148031611
2013-06-17,0.9434349886975725
2013-06-20,0.9550673901945095
2013-06-25,0.9512677001592867
2013-06-28,0.9586301667567896
2013-07-03,0.9625205904206904
2013-07-09,0.9625964508036876
2013-07-12,0.9654529615943936
2013-07-17,0.9693778187019129
2013-07-22,0.9472174110930087
2013-07-25,0.9295991429706545
2013-07-30,0.9393925782602026
2013-08-02,0.9374905094113464
2013-08-07,0.9404273709107964
2013-08-12,0.9464105116030753
2013-08-15,0.9441329680607833
2013-08-20,0.942259651660592
2013-08-23,0.9517593225549311
2013-08-28,0.9435282696071676
2013-09-03,0.9213555495461604
2013-09-06,0.9262765892074346
2013-09-11,0.9443205099861098
2013-09-16,0.9452134349231704
2013-09-19,0.9207138731505369
2013-09-24,0.9104647555877817
2013-09-27,0.8706364469441532
2013-10-02,0.9232691974829507
2013-10-07,0.930734753070549
2013-10-10,0.9336053064372504
2013-10-15,0.9329493672868093
2013-10-18,0.9345999772851388
2013-10-23,0.9368151919547946
2013-10-28,0.9301731270227835
2013-10-31,0.9359317182942396
2013-11-05,0.93758114067518
2013-11-08,0.8924729297331905
2013-11-13,0.9071970758330969
2013-11-18,0.873401235526768
2013-11-21,0.8493919943845359
2013-11-26,0.8551352824183776
2013-12-02,0.8376593300584411
2013-12-05,0.8159538525479183
2013-12-10,0.9083320252042446
2013-12-13,0.9119044799809671
2013-12-18,0.9220915400420656
2013-12-23,0.924684197806178
2013-12-27,0.923730262522227
2014-01-02,0.9318776011379971
2014-01-07,0.9011886428333123
2014-01-10,0.8718279689881862
2014-01-15,0.8449511245123307
2014-01-21,0.8051147150811261
2014-01-24,0.9229560888134192
2014-01-29,0.9299844233049154
2014-02-03,0.9293886219576261
2014-02-06,0.9412408115519426
2014-02-11,0.9590453925106303
2014-02-14,0.9653805832251107
2014-02-20,0.9696341740472305
2014-02-25,0.9522826767879334
2014-02-28,0.9507801656791965
2014-03-05,0.9674651836870258
2014-03-10,0.9638113481154345
2014-03-13,0.9511942306009694
2014-03-18,0.9596653322679048
2014-03-21,0.9520495506606794
2014-03-26,0.9498237750473697
2014-03-31,0.9246464832346591
2014-04-03,0.9022569718038659
2014-04-08,0.8906877910888013
2014-04-11,0.8867849955956416
2014-04-16,0.8982274310023507
2014-04-22,0.8978708410859374
2014-04-25,0.9005396670477924
2014-04-30,0.8878439277229329
2014-05-05,0.9158116994161186
2014-05-08,0.9139493782203039
2014-05-13,0.8532144141692863
2014-05-16,0.8745647466615641
2014-05-21,0.9015413710597676
2014-05-27,0.8809241422465356
2014-05-30,0.877595305631114
2014-06-04,0.8602577565890116
2014-06-09,0.9157408552207277
2014-06-12,0.9238094191968319
2014-06-17,0.9120477631384879
2014-06-20,0.9084540921974491
2014-06-25,0.8986313439429782
2014-06-30,0.9123897505914002
2014-07-03,0.9152946629434322
2014-07-09,0.9029718682521025
2014-07-14,0.9266490474462787
2014-07-17,0.9582136687778778
2014-07-22,0.9670661700561913
2014-07-25,0.9675312038769478
2014-07-30,0.9436024564757873
2014-08-04,0.9325020215228584
2014-08-07,0.9348511270094948
2014-08-12,0.9443011174821372
2014-08-15,0.9363200160855538
2014-08-20,0.9376354761775975
2014-08-25,0.9359537798516683
2014-08-28,0.9314722027695275
2014-09-03,0.937967158630816
2014-09-08,0.9126357998799574
2014-09-11,0.8977546117883931
2014-09-16,0.8435211278338552
2014-09-19,0.8510595329755662
2014-09-24,0.8759363941129399
2014-09-29,0.8986632622965485
2014-10-02,0.8954494494809262
2014-10-07,0.9262686105044655
2014-10-10,0.939886988201696
2014-10-15,0.9389020600470868
2014-10-20,0.9575102870984845
2014-10-23,0.9568164251746969
2014-10-28,0.9704148680566074
2014-10-31,0.9456612740270572
2014-11-05,0.9484724287543134
2014-11-10,0.9435429546825348
2014-11-13,0.9162955270147309
2014-11-18,0.9002303545426491
2014-11-21,0.9117545165934698
2014-11-26,0.9073686035881362
2014-12-02,0.9253389813980437
2014-12-05,0.9212177810707182
2014-12-10,0.9416516898634323
2014-12-15,0.9447360597944128
2014-12-18,0.9455037694975208
2014-12-23,0.9427435808784247
2014-12-29,0.9419391871250866
2015-01-02,0.9380250415050464
2015-01-07,0.9400852475139169
2015-01-12,0.9420523201019553
2015-01-15,0.9449382028230268
2015-01-21,0.9194853320493406
2015-01-26,0.9270574741497376
2015-01-29,0.9041155517531188
2015-02-03,0.9288003868386481
2015-02-06,0.933061088379056
2015-02-11,0.9448361519233827
2015-02-17,0.943535709476099
2015-02-20,0.9348607656132094
2015-02-25,0.9465932423654327
2015-03-02,0.9107023577027976
2015-03-05,0.9065709576524902
2015-03-10,0.9072053876273882
2015-03-13,0.9097641695389674
2015-03-18,0.8944437691533038
2015-03-23,0.9025375824471265
2015-03-26,0.8910796556698067
2015-03-31,0.8753773283242433
2015-04-06,0.885766418159527
2015-04-09,0.8489332442719242
2015-04-14,0.8499963191553231
2015-04-17,0.9204498542429509
2015-04-22,0.911973290492854
2015-04-27,0.9140514930381145
2015-04-30,0.899098629442979
2015-05-05,0.8972081940069526
2015-05-08,0.938759568504804
2015-05-13,0.941955145849224
2015-05-18,0.9229745790119277
2015-05-21,0.9313751722235764
2015-05-27,0.9355651202993048
2015-06-01,0.9418054310063279
2015-06-04,0.9251911955101471
2015-06-09,0.8859278848415941
2015-06-12,0.8880007226911543
2015-06-17,0.9121234335616557
2015-06-22,0.9218572147011473
2015-06-25,0.9193744370307095
2015-06-30,0.9641963188968832
2015-07-06,0.9702283713328669
2015-07-09,0.9770753887032111
2015-07-14,0.9781604291792239
2015-07-17,0.9780749731110265
2015-07-22,0.9798007534141083
2015-07-27,0.9814715232390623
2015-07-30,0.972930150649893
2015-08-04,0.9766015545724926
2015-08-07,0.9621242451530185
2015-08-12,0.9626294412416675
2015-08-17,0.9627617796655275
2015-08-20,0.966480363984692
2015-08-25,0.9889701574148394
2015-08-28,0.9841681305298128
2015-09-02,0.9847918469638466
2015-09-08,0.9867985634677814
2015-09-11,0.9850781848593444
2015-09-16,0.9850452591229096
2015-09-21,0.9799143264676092
2015-09-24,0.9592623916658322
2015-09-29,0.9637486261429602
2015-10-02,0.9461689753115243
2015-10-07,0.9336309765392033
2015-10-12,0.9368282414961306
2015-10-15,0.9464935530063519
2015-10-20,0.9396671821712584
2015-10-23,0.9164143535617388
2015-10-28,0.9136507154796621
2015-11-02,0.8775437740101735
2015-11-05,0.8694156870397355
2015-11-10,0.7843350842041656
2015-11-13,0.7832972877965967
2015-11-18,0.7604405901489207
2015-11-23,0.8354855087467659
2015-11-27,0.8687006550336254
2015-12-02,0.8812857296404242
2015-12-07,0.8451899370748569
2015-12-10,0.8758976610951444
2015-12-15,0.902085338725916
2015-12-18,0.9202165306565935
2015-12-23,0.9233830742345517
2015-12-29,0.9177599933634224
2016-01-04,0.9573160625578286
2016-01-07,0.967834852921469
2016-01-12,0.9628380992288943
2016-01-15,0.9626240219429933
2016-01-21,0.9673651079470247
2016-01-26,0.96372301357655
2016-01-29,0.9535258611625504
2016-02-03,0.9538646097566287
2016-02-08,0.9490544630424133
2016-02-11,0.9607148443961467
2016-02-17,0.9700540276028728
2016-02-22,0.9702388445369922
2016-02-25,0.9730507188324925
2016-03-01,0.9841115577501705
2016-03-04,0.9831914409292865
2016-03-09,0.9765361000873914
2016-03-14,0.9701057348038553
2016-03-17,0.9289572672375994
2016-03-22,0.9147334354411502
2016-03-28,0.9128205756448822
2016-03-31,0.8871145797087048
2016-04-05,0.9245548547952681
2016-04-08,0.9343402694868235
2016-04-13,0.9268993253771275
2016-04-18,0.9406448793722093
2016-04-21,0.94166673365528
2016-04-26,0.9505917830739232
2016-04-29,0.9246944053437705
2016-05-04,0.9136431352156055
2016-05-09,0.8920329999454983
2016-05-12,0.8847600914961684
2016-05-17,0.887086157536526
2016-05-20,0.913984026559683
2016-05-25,0.9173934773810604
2016-05-31,0.9159031479136786
2016-06-03,0.8628583232597367
2016-06-08,0.8568814613573008
2016-06-13,0.9511470067827739
2016-06-16,0.9534058109465102
2016-06-21,0.9603782061138968
2016-06-24,0.9816019770148418
2016-06-29,0.9826399480497515
2016-07-05,0.9812292573921783
2016-07-08,0.9783270539501293
2016-07-13,0.976635867651701
2016-07-18,0.9793836223678154
2016-07-21,0.9772541232889108
2016-07-26,0.948466522689782
2016-07-29,0.8654385830504612
2016-08-03,0.8740460480792895
2016-08-08,0.8760198432402724
2016-08-11,0.8880376287162767
2016-08-16,0.9063283659202029
2016-08-19,0.9123451906780026
2016-08-24,0.9113758471813004
2016-08-29,0.9170924587442206
2016-09-01,0.885469465774391
2016-09-07,0.8211200656618393
2016-09-12,0.913400221531086
2016-09-15,0.9217226365628592
2016-09-20,0.920371035035904
2016-09-23,0.9408734818842328
2016-09-28,0.9445674466291993
2016-10-03,0.9331525670495038
2016-10-06,0.9358979040937718
2016-10-11,0.9059291727820511
2016-10-14,0.9130467698088821
2016-10-19,0.9191076697283784
2016-10-24,0.8849653606024749
2016-10-27,0.9164690580960593
2016-11-01,0.9315026362122488
2016-11-04,0.9441708995919184
2016-11-09,0.9575439556129898
2016-11-14,0.9399096481922223
2016-11-17,0.9348924064166537
2016-11-22,0.9386028153631901
2016-11-28,0.9391170415377378
2016-12-01,0.9276071897663776
2016-12-06,0.9133942008951852
2016-12-09,0.912759740215126
2016-12-14,0.918843239242568
2016-12-19,0.8904907716604336
2016-12-22,0.8923426503481428
2016-12-28,0.8724984311770126
2017-01-03,0.8249073524072761
2017-01-06,0.7835569241978206
2017-01-11,0.8229856797200905
2017-01-17,0.869875366357393
2017-01-20,0.8710456947998811
2017-01-25,0.8770601627005349
2017-01-30,0.904509073557103
2017-02-02,0.9124083208506126
2017-02-07,0.9266169304366598
2017-02-10,0.9181403084883867
2017-02-15,0.9094965619207324
2017-02-21,0.888002299252396
2017-02-24,0.880215975967246
2017-03-01,0.7874197172135506
2017-03-06,0.7824778963775192
2017-03-09,0.7662037021162099
2017-03-14,0.7242397281380051
2017-03-17,0.8053352313931242
2017-03-22,0.8753541177786911
2017-03-27,0.8793286204585457
2017-03-30,0.8979493958329359
2017-04-04,0.8803544247084026
2017-04-07,0.8861148366179576
2017-04-12,0.910376756537886
2017-04-18,0.8488483010765802
2017-04-21,0.8088076377372587
2017-04-26,0.9592786018102556
2017-05-01,0.9666733425181524
2017-05-04,0.9662310641037841
2017-05-09,0.970553836313736
2017-05-12,0.9673447573653076
2017-05-17,0.9818738869464848
2017-05-22,0.9519499064433148
2017-05-25,0.961862217368944
2017-05-31,0.9639902562494975
2017-06-05,0.9652975907860032
2017-06-08,0.959605595687124
2017-06-13,0.9676715976125119
2017-06-16,0.9118668660689218
2017-06-21,0.8883506705648712
2017-06-26,0.8907623715166514
2017-06-29,0.8826465344202389
2017-07-05,0.8942023225239057
2017-07-10,0.8837044839885325
2017-07-13,0.8788817422003076
2017-07-18,0.8989647474012042
2017-07-21,0.9086698400258854
2017-07-26,0.9092304247844838
2017-07-31,0.9224641262749813
2017-08-03,0.8976216291600614
2017-08-08,0.9034125592061066
2017-08-11,0.9599663700077161
2017-08-16,0.9684986379787702
2017-08-21,0.9704973899425509
2017-08-24,0.9800740168180343
2017-08-29,0.9819694327850815
2017-09-01,0.978472749049236
2017-09-07,0.9770389860605201
2017-09-12,0.9769522898215757
2017-09-15,0.9755697871122712
2017-09-20,0.9700434197921596
2017-09-25,0.9737665821894695
2017-09-28,0.969379680261626
2017-10-03,0.9063469557319415
2017-10-06,0.9218225801398965
2017-10-11,0.8291967063479514
2017-10-16,0.810883747617513
2017-10-19,0.852419500617111
2017-10-24,0.8162332236242886
2017-10-27,0.7999096842673595
2017-11-01,0.8078395500692782
2017-11-06,0.7797301065658488
2017-11-09,0.8770790502330077
2017-11-14,0.8690338363188886
2017-11-17,0.9000011247424626
2017-11-22,0.9195718557713598
2017-11-28,0.9238694156961145
2017-12-01,0.9015395603544575
2017-12-06,0.9014410428179704
2017-12-11,0.9027737990616285
2017-12-14,0.8696171057551464
2017-12-19,0.8667061210007698
2017-12-22,0.8398301334314823
2017-12-28,0.8108439928331257
2018-01-03,0.7840086236801793
2018-01-08,0.804052292312105
2018-01-11,0.7843562656230236
2018-01-17,0.806721101416993
2018-01-22,0.8112377725362707
2018-01-25,0.8129096202855484
2018-01-30,0.899941733252713
2018-02-02,0.9312970970562535
2018-02-07,0.9882742827766019
2018-02-12,0.9881677055884891
2018-02-15,0.9873081394849372
2018-02-21,0.9883281761521856
2018-02-26,0.9872423796983008
2018-03-01,0.987458867655086
2018-03-06,0.9807509447536856
2018-03-09,0.967949445686969
2018-03-14,0.9670915746057075
2018-03-19,0.9645911818667163
2018-03-22,0.970832314044875
2018-03-27,0.9778045266285487
2018-04-02,0.9733345929637485
2018-04-05,0.9720156994515675
2018-04-10,0.9688635319470328
2018-04-13,0.9679692541255202
2018-04-18,0.965925367728561
2018-04-23,0.9417188300566378
2018-04-26,0.9314186280829551
2018-05-01,0.9059827693170547
2018-05-04,0.8773323404346801
2018-05-09,0.8844469544337276
2018-05-14,0.8797365033362538
2018-05-17,0.8805759496232802
2018-05-22,0.8591121782899264
2018-05-25,0.8630016247530545
2018-05-31,0.9543885846496059
2018-06-05,0.9606520801178882
2018-06-08,0.9630594528315871
2018-06-13,0.9714283235827542
2018-06-18,0.9718480600537823
2018-06-21,0.978862923291281
2018-06-26,0.95831554542236
2018-06-29,0.9645241746332063
2018-07-05,0.9710450698329461
2018-07-10,0.970210898030919
2018-07-13,0.970071784076006
2018-07-18,0.9629585558058861
2018-07-23,0.9594190697544283
2018-07-26,0.9544946392962491
2018-07-31,0.9503249458810793
2018-08-03,0.9410942295795437
2018-08-08,0.92183891901901
2018-08-13,0.955627966228759
2018-08-16,0.9635683102077724
2018-08-21,0.9644831814751892
2018-08-24,0.9659933432976007
2018-08-29,0.961295880597339
2018-09-04,0.9607889419461791
2018-09-07,0.95703812440077
2018-09-12,0.9162088832036512
2018-09-17,0.8910141616570691
2018-09-20,0.8928017213835373
2018-09-25,0.9136112136060056
2018-09-28,0.8798600632898242
2018-10-03,0.8577238278878822
2018-10-08,0.9261430954008515
2018-10-11,0.9683383005615365
2018-10-16,0.9746576970259806
2018-10-19,0.9758324770051147
2018-10-24,0.980876140125729
2018-10-29,0.9791612867584373
2018-11-01,0.9754823699294536
2018-11-06,0.9674335264201177
2018-11-09,0.951637402084285
2018-11-14,0.9427500782196993
2018-11-19,0.9342579525601288
2018-11-23,0.9166645687092024
2018-11-28,0.9135214419788561
2018-12-03,0.9452830641890062
2018-12-07,0.9658511629006206
2018-12-12,0.9606758618043882
2018-12-17,0.9598314593810643
2018-12-20,0.9584874282863282
2018-12-26,0.9599569051296438
2018-12-31,0.9558750209959278
2019-01-04,0.9560498658375154
2019-01-09,0.9423505123438136
2019-01-14,0.9437586333479473
2019-01-17,0.942709124855313
2019-01-23,0.9343140542035889
2019-01-28,0.9379446577692716
2019-01-31,0.9354453164502453
2019-02-05,0.8907037674286505
2019-02-08,0.919432773678102
2019-02-13,0.9278661245050361
2019-02-19,0.9256499778291765
2019-02-22,0.9103803569046107
2019-02-27,0.8747999346449583
2019-03-04,0.8718518472634422
2019-03-07,0.8831822405488436
2019-03-12,0.8881086126295487
2019-03-15,0.8560560078872163
2019-03-20,0.8564019410753093
2019-03-25,0.9339907886045185
2019-03-28,0.947182285759909
2019-04-02,0.9542862442025093
2019-04-05,0.9553764549013307
2019-04-10,0.9501561251255509
2019-04-15,0.9466550615621312
2019-04-18,0.9525002894388871
2019-04-24,0.9083480736477922
2019-04-29,0.912762937695251
2019-05-02,0.8887040881523862
2019-05-07,0.9596486488592623
2019-05-10,0.9658003814495095
2019-05-15,0.9642757301100212
2019-05-20,0.9711962511560362
2019-05-23,0.975632296875044
2019-05-29,0.9771652477637488
2019-06-03,0.9722230678830437
2019-06-06,0.9613169003266978
2019-06-11,0.9463940623863357
2019-06-14,0.9479112511226679
2019-06-19,0.9384409874959431
2019-06-24,0.9046524982707063
2019-06-27,0.8936894385120404
2019-07-02,0.8337938222149432
2019-07-08,0.8380522492771616
2019-07-11,0.8135099687217486
2019-07-16,0.8277054144172545
2019-07-19,0.8980285248583891
2019-07-24,0.8730585703535125
2019-07-29,0.8890089340139097
2019-08-01,0.8889899007859231
2019-08-06,0.9500340116124216
2019-08-09,0.9581375608327192
2019-08-14,0.9620095641180971
2019-08-19,0.9737285326112118
2019-08-22,0.9749007247737932
2019-08-27,0.9757658961904206
2019-08-30,0.9780377710294237
2019-09-05,0.9662829972877144
2019-09-10,0.9562515991755769
2019-09-13,0.92319836670855
2019-09-18,0.9230868765543027
2019-09-23,0.9035295649573317
2019-09-26,0.908243519637758
2019-10-01,0.9196548332705404
2019-10-04,0.8968142347032252
2019-10-09,0.9058217006418505
2019-10-14,0.920331302558711
2019-10-17,0.8888900495514164
2019-10-22,0.8821459646907472
2019-10-25,0.8816102907909006
2019-10-30,0.8435870587890829
2019-11-04,0.8873725648194809
2019-11-07,0.8788658171138917
2019-11-12,0.8789231435068404
2019-11-15,0.8558070608492699
2019-11-20,0.8663608462510781
2019-11-25,0.8544627062941899
2019-11-29,0.8922875639663423
2019-12-04,0.9040826455623118
2019-12-09,0.9132194332996812
2019-12-12,0.906595302614722
2019-12-17,0.8984352857012582
2019-12-20,0.8964361098337811
2019-12-26,0.9346440306959756
2019-12-31,0.9662322843901429
2020-01-06,0.9622085073358501
2020-01-09,0.9648993058638795
2020-01-14,0.9699148606510101
2020-01-17,0.971900989905029
2020-01-23,0.9709418636078098
2020-01-28,0.9747000928949625
2020-01-31,0.9780443216374384
2020-02-05,0.978150163485795
2020-02-10,0.9797460164447174
2020-02-13,0.9813095248356811
2020-02-19,0.9793464822657829
2020-02-24,0.9882436830739819
2020-02-27,0.9900296646922961
2020-03-03,0.9732132798076233
2020-03-06,0.9619979631657564
2020-03-11,0.9753629217932914
2020-03-16,0.981046881281982
2020-03-19,0.9742242897171818
2020-03-24,0.9688006571925858
2020-03-27,0.9626025202878553
2020-04-01,0.9615119109715679
2020-04-06,0.954816590368884
2020-04-09,0.9311396307312478
2020-04-15,0.9014169223125466
2020-04-20,0.8908383621380572
2020-04-23,0.912852512694492
2020-04-28,0.9206362177000662
2020-05-01,0.9260172548435508
2020-05-06,0.9400723998823297
2020-05-11,0.9505044996507229
2020-05-14,0.9577797245758992
2020-05-19,0.9390136778442815
2020-05-22,0.9082662011194376
2020-05-28,0.9045562457154807
2020-06-02,0.8940618789766155
2020-06-05,0.880255518125501
2020-06-10,0.8509106509171399
2020-06-15,0.9148009495917729
2020-06-18,0.9091567680625218
2020-06-23,0.9249695309139908
2020-06-26,0.9282689096175679
2020-07-01,0.9365224050009873
2020-07-07,0.9735057493180234
2020-07-10,0.9503660212269285
2020-07-15,0.9621286533672009
2020-07-20,0.957432688499379
2020-07-23,0.9343664199256454
2020-07-28,0.90224920393178
2020-07-31,0.8996154477975657
2020-08-05,0.8783072516793123
2020-08-10,0.9119916014789285
2020-08-13,0.8921239616384173
2020-08-18,0.9036460417876812
2020-08-21,0.8872285632890123
2020-08-26,0.8521161806986669
2020-08-31,0.8392163819493667
2020-09-03,0.8096260876073612
2020-09-09,0.7718330825890256
2020-09-14,0.7754972263051284
2020-09-17,0.7799162509332858
2020-09-22,0.8235458865081244
2020-09-25,0.8271587162843398
2020-09-30,0.9426093543886221
2020-10-05,0.9216690093238671
2020-10-08,0.9266112788645423
2020-10-13,0.9274693623956001
2020-10-16,0.9344331122385788
2020-10-21,0.8750586958835816
2020-10-26,0.9158764757817729
2020-10-29,0.9574417696126624
2020-11-03,0.9665136360775076
2020-11-06,0.9731423256921907
2020-11-11,0.9645526884476052
2020-11-16,0.9589567510169046
2020-11-19,0.9558673502273628
2020-11-24,0.9446178876130877
2020-11-30,0.9161166869819443
2020-12-03,0.8457553247324803
2020-12-08,0.8524700942396763
2020-12-11,0.8340966330559686
2020-12-16,0.8382792716326427
2020-12-21,0.8981014167802812
2020-12-24,0.9241060791888277
2020-12-30,0.9450619025239635
2021-01-05,0.9501382946467691
2021-01-08,0.9503769509012453
2021-01-13,0.9516559749892455
2021-01-19,0.9501289882541595
2021-01-22,0.9371605862521846
2021-01-27,0.9722099054389293
2021-02-01,0.9759617122506289
2021-02-04,0.9779011272173882
2021-02-09,0.9787833308553897
2021-02-12,0.9781159994150339
2021-02-18,0.9589516968125454
2021-02-23,0.9590344346616668
2021-02-26,0.9548841994474621
2021-03-03,0.9502352495180485
2021-03-08,0.9355316889464355
2021-03-11,0.9432725064393361
2021-03-16,0.9630653000391679
2021-03-19,0.9641543039023643
2021-03-24,0.9618103304147612
2021-03-29,0.9077053033386441
2021-04-01,0.9000606146400442
2021-04-07,0.9065068458712999
2021-04-12,0.877213502686762
2021-04-15,0.8772435999684979
2021-04-20,0.8918186099397891
2021-04-23,0.840481452616164
2021-04-28,0.8260717827199143
2021-05-03,0.8284810211678956
2021-05-06,0.8528424796200551
2021-05-11,0.9425427627831814
2021-05-14,0.9627023359695603
2021-05-19,0.9761953816060096
2021-05-24,0.9600492819660612
2021-05-27,0.9623885833178957
2021-06-02,0.9426058190239399
2021-06-07,0.9436503203838557
2021-06-10,0.9033510383857121
2021-06-15,0.8533819013671964
2021-06-18,0.8959193782530591
2021-06-23,0.8963828286186234
2021-06-28,0.9460366517181589
2021-07-01,0.9475458643766632
2021-07-07,0.9471001822316573
2021-07-12,0.9562603723857371
2021-07-15,0.9589433305483572
2021-07-20,0.9764102978547375
2021-07-23,0.9779204094913286
2021-07-28,0.9751324354933467
2021-08-02,0.9390666367440661
2021-08-05,0.9348247257916549
2021-08-10,0.9324786709697511
2021-08-13,0.9364159618548822
2021-08-18,0.8392366447236119
2021-08-23,0.8684776823388731
2021-08-26,0.8709409146308711
2021-08-31,0.9298297532299811
2021-09-03,0.9305036155310762
2021-09-09,0.9126410558629221
2021-09-14,0.9033173134068041
2021-09-17,0.9031558296923311
2021-09-22,0.9481723529366402
2021-09-27,0.9478795767119127
2021-09-30,0.9408090364316453
2021-10-05,0.9564906159901574
2021-10-08,0.9650954054086152
2021-10-13,0.9611237149503288
2021-10-18,0.9447868883213265
2021-10-21,0.94916838364251
2021-10-26,0.9240731066731356
2021-10-29,0.9347534298413822
2021-11-03,0.920654251476642
2021-11-08,0.8866139034931998
2021-11-11,0.8603875086329099
2021-11-16,0.8659703169197435
2021-11-19,0.8422592845368598
2021-11-24,0.8126480115031848
2021-11-30,0.9697965565301729
2021-12-03,0.970718863153271
2021-12-08,0.9766541568622189
2021-12-13,0.9767096929372964
2021-12-16,0.9765165302186218
2021-12-21,0.9775507596776853
2021-12-27,0.9643845598992696
2021-12-30,0.9627632758798443
2022-01-04,0.9201861611643936
2022-01-07,0.9017306224546224
2022-01-12,0.920556532094691
2022-01-18,0.9109966427927678
2022-01-21,0.9114933912859621
2022-01-26,0.926079702953356
2022-01-31,0.9214741312089868
2022-02-03,0.9753149861629441
2022-02-08,0.9749797882771094
2022-02-11,0.9646304770430458
2022-02-16,0.9724854312722723
2022-02-22,0.9688035583596577
2022-02-28,0.9528637863599764
2022-03-03,0.9553291856338508
2022-03-08,0.9422520455976386
2022-03-11,0.9445631323088054
2022-03-16,0.9566404009279091
2022-03-21,0.9566900479040333
2022-03-24,0.9558489769468831
2022-03-29,0.9568837969699107
2022-04-01,0.9149917087587791
2022-04-06,0.9066574406182729
2022-04-11,0.9195327254779203
2022-04-14,0.8686601013038535
2022-04-19,0.8715866706736487
2022-04-22,0.9091737371584832
2022-04-27,0.9011321946864824
2022-05-02,0.9117893987941587
2022-05-05,0.948423354932491
2022-05-10,0.9513168374313741
2022-05-13,0.9627503175329539
2022-05-18,0.9656273708102144
2022-05-23,0.9581139464586554
2022-05-26,0.966609427676796
2022-05-31,0.967441146107466
2022-06-03,0.9371986047178698
2022-06-08,0.9161783211123001
2022-06-13,0.9342637578802921
2022-06-16,0.9016601145383446
2022-06-21,0.9043449877145341
2022-06-24,0.9005657180772579
2022-06-29,0.9063076316627817
2022-07-04,0.9607745943924983
2022-07-07,0.9599496860969743
2022-07-12,0.9269165491702026
2022-07-15,0.9269325508136937
2022-07-20,0.9300349337364862
2022-07-25,0.9264719570830104
2022-07-28,0.9457148691455032
2022-08-02,0.9311199857463328
2022-08-05,0.9255073638077509
2022-08-10,0.9342816214865868
2022-08-15,0.9205041539524241
2022-08-18,0.9290892152960548
2022-08-23,0.9447460311205114
2022-08-26,0.9493980087914198
2022-08-31,0.9546645197307331
2022-09-05,0.9610164289193651
2022-09-08,0.9502301481047379
2022-09-13,0.9427571117902027
2022-09-16,0.9314480402859311
2022-09-21,0.9204243692386357
2022-09-26,0.9409466608202888
2022-09-29,0.9141145860830632
2022-10-04,0.9245495280929587
2022-10-07,0.9121907466733773
2022-10-12,0.9256878547675081
2022-10-17,0.9234118206880463
2022-10-20,0.9259182450818749
2022-10-25,0.8881445038587263
2022-10-28,0.9175520408753423
2022-11-02,0.921869965661252
2022-11-07,0.9142459335073708
2022-11-10,0.8988112821095984
2022-11-15,0.8609991798357925
2022-11-18,0.8700381100708819
2022-11-23,0.8607007315693661
2022-11-28,0.8626664029727545
2022-12-01,0.873248098889786
2022-12-06,0.8819393784933588
2022-12-09,0.8607995875857359
2022-12-14,0.9314967110858327
2022-12-19,0.9313952892364126
2022-12-22,0.9330169278591435
2022-12-27,0.9231499556890251
2022-12-30,0.9195470560613612
2023-01-04,0.9512006963468311
2023-01-09,0.9455186274247004
2023-01-12,0.9148936546824123
2023-01-17,0.8964520867366066
2023-01-20,0.8746237307962715
2023-01-25,0.8832101192419229
2023-01-30,0.8915035050147322
2023-02-02,0.8699168211936649
2023-02-07,0.9001624734597282
2023-02-10,0.9084744453794283
2023-02-15,0.9248276559101457
2023-02-20,0.9207486486461567
2023-02-23,0.9411303821118818
2023-02-28,0.9318002817590089
2023-03-03,0.9163299035033974
2023-03-08,0.8869666096449892
2023-03-13,0.9556437011913497
2023-03-16,0.9816146516896027
2023-03-21,0.9827870498334373
2023-03-24,0.9820486626036526
2023-03-29,0.9834585743393022
2023-04-03,0.9832317371652763
2023-04-06,0.9813005200693166
2023-04-11,0.976505810262418
2023-04-14,0.9611944779507128
2023-04-19,0.9534036020764292
2023-04-24,0.9500419476004343
2023-04-27,0.9459315314569343
2023-05-02,0.9566274939095919
2023-05-05,0.9653202645339455
2023-05-10,0.9624269879391085
2023-05-15,0.9648721622738632
2023-05-18,0.9534140068329059
2023-05-23,0.934492995075453
2023-05-26,0.9324628768855014
2023-05-31,0.9298182333243518
2023-06-05,0.9202862380024069
2023-06-08,0.9224687988888196
2023-06-13,0.9168723667996288
2023-06-16,0.918354964029394
2023-06-21,0.9010918899310263
2023-06-26,0.9238252150356031
2023-06-29,0.9051107289763892
2023-07-04,0.8901783408908971
2023-07-07,0.9284849279779233
2023-07-12,0.9448062583811064
2023-07-17,0.9377355258160615
2023-07-20,0.9411922667616671
2023-07-25,0.9402624550350995
2023-07-28,0.9314874368739052
2023-08-02,0.9450773928530404
2023-08-07,0.9056240938271537
2023-08-10,0.9024720111244571
2023-08-15,0.8950385865307386
2023-08-18,0.8787070190773467
2023-08-23,0.8836564720951174
2023-08-28,0.8951814204709901
2023-08-31,0.8386449419491934
2023-09-05,0.8568092962330622
2023-09-08,0.8770966085716309
2023-09-13,0.8349267932187718
2023-09-18,0.8779694299002297
2023-09-21,0.9093654727821705
2023-09-26,0.9172128595564247
2023-09-29,0.934639808484219
2023-10-04,0.9214607015649836
2023-10-09,0.9197602222925874
2023-10-12,0.9192528330612302
2023-10-17,0.9159559691904204
2023-10-20,0.9164877830564996
2023-10-25,0.9043857227570814
2023-10-30,0.9568624873142978
2023-11-02,0.942404854349382
2023-11-07,0.9055389260851253
2023-11-10,0.8836601666914867
2023-11-15,0.8836008752425109
2023-11-20,0.8453924165655937
2023-11-23,0.838350311450745
2023-11-28,0.8691787324634954
2023-12-01,0.8698964657873034
2023-12-06,0.7866273597367537
2023-12-11,0.8417929620578022
2023-12-14,0.7644734239984652
2023-12-19,0.862155733340785
2023-12-22,0.8351875505284128
2023-12-27,0.8219669530692589
2024-01-01,0.8281143144740852
2024-01-04,0.7936800964207047
2024-01-09,0.7720181229564173
2024-01-12,0.7991021298763343
2024-01-17,0.7696468383954543
2024-01-22,0.7962801525375817
2024-01-25,0.7823998568936547
2024-01-30,0.7622041598939827
2024-02-02,0.8001950583917233
2024-02-07,0.8428255881530416
2024-02-12,0.8293146493338629
2024-02-16,0.8567599666157825
2024-02-21,0.827206578287638
2024-02-26,0.8734052456567856
2024-02-29,0.857778055607503
2024-03-05,0.8595174251159677
2024-03-08,0.8389523733318294
2024-03-13,0.8780567583320067
2024-03-18,0.8747417820624014
2024-03-21,0.8242612745809328
2024-03-26,0.8341427361590907
2024-03-29,0.8599763007907044
2024-04-03,0.9068854407335118
2024-04-08,0.9252513343265281
2024-04-11,0.9236100357608202
2024-04-16,0.9092931237201684
2024-04-19,0.9180703772949171
2024-04-24,0.9356691266457261
2024-04-29,0.9398356102437058
2024-05-02,0.9644156032892709
2024-05-07,0.9670632798776916
2024-05-10,0.973629984410075
2024-05-15,0.9714715726046157
2024-05-20,0.9428442625062825
2024-05-23,0.9164069714084492
2024-05-28,0.9095765862345647
2024-05-31,0.9423207821041055
2024-06-05,0.9419877249091685
2024-06-10,0.9208139760057681
2024-06-13,0.9261874702013536
2024-06-18,0.940744666207588
2024-06-21,0.9445259204289567
2024-06-26,0.9423509087105891
2024-07-01,0.9557014966953085
2024-07-04,0.9615636918763327
2024-07-09,0.9637962944823284
2024-07-12,0.9334983987219928
2024-07-17,0.8976563504392002
2024-07-22,0.926231182276731
2024-07-25,0.9485856923475207
2024-07-30,0.9433799694211218
2024-08-02,0.9792408240062205
2024-08-07,0.9972092981556365
2024-08-12,0.9977169291307314
2024-08-15,0.9976299541502007
2024-08-20,0.9976174237957709
2024-08-23,0.9975995348676042
2024-08-28,0.9979520589132167
2024-09-02,0.9961462593220969
2024-09-05,0.9875246878671002
2024-09-10,0.9820865914080387
2024-09-13,0.9742989461910312
2024-09-18,0.9731809311565061
2024-09-23,0.94619649540251
2024-09-26,0.9431066816244941
2024-10-01,0.9420858179816518
2024-10-04,0.921671510991517
2024-10-09,0.9415219146914688
2024-10-14,0.9371602018939357
2024-10-17,0.9385167377633036
2024-10-22,0.9495968718730395
2024-10-25,0.9554654903063922
2024-10-30,0.9905877900935056
2024-11-04,0.9904269401820419
2024-11-07,0.987140692224473
2024-11-12,0.9869134997110978
2024-11-15,0.9832343592023566
2024-11-20,0.9825896054914645
2024-11-25,0.9643564742045487
2024-11-28,0.9088882779900542
2024-12-03,0.9274663302980433
2024-12-06,0.9197965861387357
2024-12-11,0.9117528688914147
2024-12-16,0.9194517323506157
2024-12-19,0.9632224600126523
2024-12-24,0.9834385582260956
2024-12-27,0.983937407619546
2025-01-01,0.9845816659252454
2025-01-06,0.9837966209025565
2025-01-09,0.985087451136264
2025-01-14,0.9856800435567343
2025-01-17,0.9604955436561967
2025-01-22,0.9482778649824314
2025-01-27,0.9702227308051736
2025-01-30,0.9578441102663182
2025-02-04,0.9798615230541504
2025-02-07,0.9805680162849107
2025-02-12,0.9455567737064121
2025-02-17,0.9438958157990128
2025-02-20,0.9426332214664445
2025-02-25,0.9242750539985857
2025-02-28,0.9199254454680246
2025-03-05,0.8606207195282483
2025-03-10,0.9291744085604728
2025-03-13,0.9444769554729809
2025-03-18,0.9577390057752645
2025-03-21,0.9592355124797174
2025-03-26,0.9579115822344744
2025-03-31,0.9715417949410723
2025-04-03,0.9878511981211077
2025-04-08,0.9952588631783159
2025-04-11,0.9963019181453175
2025-04-16,0.9954082154155234
2025-04-21,0.9952998159802418
2025-04-24,0.9942307333944733
2025-04-29,0.9940420776022989
2025-05-02,0.992747375135315
2025-05-07,0.981476772579408
2025-05-12,0.9669375109806521
2025-05-15,0.9538548055758078
2025-05-20,0.9482985271300926
2025-05-23,0.9569315318783446
2025-05-28,0.9636672139680209
2025-06-02,0.9701315450477019
2025-06-05,0.9633213914957724
2025-06-10,0.9564660497420394
2025-06-13,0.9693492251301712
2025-06-18,0.9715772177947395
2025-06-23,0.9715159758382491
2025-06-26,0.9790713802810259
2025-07-01,0.9779737713512945
2025-07-04,0.9744992519239638
2025-07-09,0.9722731493978503
2025-07-14,0.9623503342309746
2025-07-17,0.9660858634068712
2025-07-22,0.9528469143249663
2025-07-25,0.9529923921439561
2025-07-30,0.9484564976610192
2025-08-04,0.9579720042093198
2025-08-07,0.9604317478796884
2025-08-12,0.9653588155077308
2025-08-15,0.964078109910116
2025-08-20,0.9723217694772368
2025-08-25,0.9702059672879122
2025-08-28,0.9753291304480942
2025-09-02,0.9475027229405384
2025-09-05,0.931375223699188
2025-09-10,0.8984558511492902
2025-09-15,0.9041230584248506
2025-09-18,0.9173562797916487
2025-09-23,0.9218108711906805
2025-09-26,0.8875289601647801
2025-10-01,0.8659616422222162
2025-10-06,0.9159826220568218
2025-10-09,0.8923436277584373
2025-10-14,0.9427764178170158
2025-10-17,0.955313426809413
2025-10-22,0.9782324938871011
2025-10-27,0.9783179573459372
2025-10-30,0.9730223955060713
2025-11-04,0.969434736570917
2025-11-07,0.9688865679136321
2025-11-12,0.9728153479976706
2025-11-17,0.9471138818249816
2025-11-20,0.9521853035214275
2025-11-25,0.9506222999493406
2025-11-28,0.9599696685485478
2025-12-03,0.9575246325011345
2025-12-08,0.9558570539932889
2025-12-11,0.9530662308173375
2025-12-16,0.9547182791175978
2025-12-19,0.9340718210679126
2025-12-24,0.905934325739947
2025-12-29,0.9038837329382974
2026-01-01,0.9091057761813216
2026-01-06,0.9018901296675341
2026-01-09,0.9343619335572986
2026-01-14,0.9512447383737178
2026-01-19,0.9610362805757027
2026-01-22,0.9795811136717077
2026-01-27,0.9812361522235059
2026-01-30,0.9770865069991657
2026-02-04,0.9707618804834196
2026-02-09,0.9714703651359179
2026-02-12,0.9670733555296458
2026-02-17,0.9590434394169124
2026-02-20,0.9507748390954353
2026-02-25,0.9660424524490246
2026-03-02,0.97996368361686
2026-03-05,0.9883800258390406
2026-03-10,0.9956941136868356
2026-03-13,0.9957646963702022
2026-03-18,0.9950566677100091
2026-03-23,0.9940390535017021
2026-03-26,0.9934292742292083
2026-03-31,0.9939815773065255
2026-04-03,0.9938623144038027
2026-04-08,0.9911279947293224
2026-04-13,0.992060869907138
2026-04-16,0.9930704196326792
2026-04-21,0.9938459967684918
2026-04-24,0.9936680349703426
2026-04-29,0.9900027822354268
2026-05-04,0.987907696739904
2026-05-07,0.9792911922693465
2026-05-12,0.979913052925638
2026-05-15,0.9801175828232214
2026-05-20,0.9749287608247433
2026-05-25,0.9754788267046867
2026-05-28,0.9766453088508494
2026-06-02,0.9780376530867964
2026-06-05,0.9789351245309535
2026-06-10,0.9784831747446964
2026-06-15,0.9755818078012284
2026-06-18,0.9765222378811161
2026-06-23,0.9766837850354889
2026-06-26,0.9784335486420827
2026-07-01,0.9770535175135674
2026-07-06,0.9788443191246143
2026-07-09,0.9885817780924246
2026-07-14,0.9880447294845557
