date,H1_takens,n_loops
2000-02-09,0.16644610582644787,5
2000-02-16,0.0823007501526622,3
2000-02-24,0.15410991148044442,3
2000-03-02,0.24627261064150643,5
2000-03-09,0.28820835898412467,7
2000-03-16,0.30474301325262754,7
2000-03-23,0.1808160572671753,4
2000-03-30,0.199381211555818,5
2000-04-06,0.2661595750662298,4
2000-04-13,0.08349965767209322,3
2000-04-20,0.07657758184086016,3
2000-04-28,0.18533064302713104,4
2000-05-05,0.14580732389613055,3
2000-05-12,0.026662320800388106,2
2000-05-19,0.0981689634757531,2
2000-05-26,0.10916504818942341,5
2000-06-05,0.2278510940694748,8
2000-06-12,0.21375799856082206,6
2000-06-19,0.23322555384937826,6
2000-06-26,0.20511222526646403,5
2000-07-03,0.16578109950176786,4
2000-07-11,0.2162273925228346,6
2000-07-18,0.25101315779577654,7
2000-07-25,0.09774782689183803,3
2000-08-01,0.03213176059730727,3
2000-08-08,0.04673570037356661,4
2000-08-15,0.09713608517446545,5
2000-08-22,0.07186528741901224,5
2000-08-29,0.07455888006736931,6
2000-09-06,0.09956977292358363,5
2000-09-13,0.04513405610641513,2
2000-09-20,0.04522769800195707,6
2000-09-27,0.024954992770016074,4
2000-10-04,0.1125379620760721,3
2000-10-11,0.06836919002581163,3
2000-10-18,0.06747893613549641,2
2000-10-25,0.016872819294063424,1
2000-11-01,0.04093485182179679,2
2000-11-08,0.045926150856348075,1
2000-11-15,0.09338364188651771,5
2000-11-22,0.06211488336307558,4
2000-11-30,0.050442038798941796,5
2000-12-07,0.05640772035211347,4
2000-12-14,0.03350882157681784,3
2000-12-21,0.04927594342733643,1
2000-12-29,0.026563691188604355,1
2001-01-08,0.14162962886793268,2
2001-01-16,0.018729009222948734,1
2001-01-23,0.009641552084274196,1
2001-01-30,0.12012359942982842,4
2001-02-06,0.15850720233858365,7
2001-02-13,0.12550631629422196,6
2001-02-21,0.09136905815891855,2
2001-02-28,0.008028781004262103,1
2001-03-07,0.049508655757093734,2
2001-03-14,0.07264074504104467,2
2001-03-21,0.08869157939017758,5
2001-03-28,0.24001255501389795,4
2001-04-04,0.13770887054468794,3
2001-04-11,0.3811023238050061,4
2001-04-19,0.5755583660080748,6
2001-04-26,0.43981370890229915,8
2001-05-03,0.2738015593558804,6
2001-05-10,0.16798485034665644,6
2001-05-17,0.14311354568325152,5
2001-05-24,0.0934908400978775,3
2001-06-01,0.07807739678050143,2
2001-06-08,0.13232691427225424,4
2001-06-15,0.1205326713192838,5
2001-06-22,0.21959427736579282,9
2001-06-29,0.18850766898754984,8
2001-07-09,0.13557297406221297,7
2001-07-16,0.1280981369136561,6
2001-07-23,0.13084299873079674,6
2001-07-30,0.10970158278575196,4
2001-08-06,0.08223338313613163,3
2001-08-13,0.07695910943041245,3
2001-08-20,0.10403874409733624,5
2001-08-27,0.23934697597301854,7
2001-09-04,0.11442300949078806,6
2001-09-17,0.13936830353222507,3
2001-09-24,0.11490973633760063,3
2001-10-01,0.1691064981506692,4
2001-10-08,0.09041052376819333,3
2001-10-15,0.10503070245537993,4
2001-10-22,0.09079812169897727,6
2001-10-29,0.06559562635214083,4
2001-11-05,0.10912560284418563,6
2001-11-12,0.04904510116265878,2
2001-11-19,0.0471599510389,4
2001-11-27,0.06461083008479979,3
2001-12-04,0.07698596529464416,4
2001-12-11,0.0227112576947629,2
2001-12-18,0.0,0
2001-12-26,0.0762115926274966,5
2002-01-03,0.0874488491797499,3
2002-01-10,0.050961891662922976,4
2002-01-17,0.16420019106742637,6
2002-01-25,0.10590385286888007,4
2002-02-01,0.08581846769256085,4
2002-02-08,0.02428630771958712,1
2002-02-15,0.029008441117932424,2
2002-02-25,0.07164561727592199,2
2002-03-04,0.06270162522553073,4
2002-03-11,0.05406433855310383,4
2002-03-18,0.059215232849828325,3
2002-03-25,0.08962464915924813,4
2002-04-02,0.0923419523490302,7
2002-04-09,0.06835329074023087,9
2002-04-16,0.0848432509061073,3
2002-04-23,0.03605480013365081,3
2002-04-30,0.04063693745196603,3
2002-05-07,0.06671384848650322,4
2002-05-14,0.1050846894406676,5
2002-05-21,0.060405645401678726,3
2002-05-29,0.029709353402990996,4
2002-06-05,0.03280317310909503,3
2002-06-12,0.05238527160253595,4
2002-06-19,0.09437658130678522,3
2002-06-26,0.08422253270930014,4
2002-07-03,0.10376843466471047,5
2002-07-11,0.0,0
2002-07-18,0.26616164318836255,5
2002-07-25,0.19805469176301266,5
2002-08-01,0.26099039060611695,5
2002-08-08,0.10568345056055295,3
2002-08-15,0.3188597629523513,4
2002-08-22,0.24240936684180647,5
2002-08-29,0.06400220383655653,3
2002-09-06,0.11403456785052918,4
2002-09-13,0.1788699456393506,3
2002-09-20,0.229808477288032,4
2002-09-27,0.08271327979802556,2
2002-10-04,0.23537253294024202,4
2002-10-11,0.27894650679844357,5
2002-10-18,0.1342476396049811,4
2002-10-25,0.4048267184811144,4
2002-11-01,0.2071343974783767,5
2002-11-08,0.14092064391407905,4
2002-11-15,0.3002698841091461,4
2002-11-22,0.200476829502792,5
2002-12-02,0.30950022776107944,4
2002-12-09,0.18626018550716472,6
2002-12-16,0.22302039363547954,4
2002-12-23,0.2253070749057044,5
2002-12-31,0.14010725561945064,3
2003-01-08,0.11585775907619433,3
2003-01-15,0.13215153674547325,4
2003-01-23,0.3298322797817394,7
2003-01-30,0.25714841404730704,6
2003-02-06,0.22880261460375795,3
2003-02-13,0.4404023925514141,7
2003-02-21,0.475045674470504,7
2003-02-28,0.39167146194365104,7
2003-03-07,0.05987759739540799,3
2003-03-14,0.019788500617948568,3
2003-03-21,0.14777256850067608,5
2003-03-28,0.029464077835707925,2
2003-04-04,0.15043343026684713,3
2003-04-11,0.16505073897807648,3
2003-04-21,0.1984191327919816,5
2003-04-28,0.13347654341951293,6
2003-05-05,0.28356554389444105,7
2003-05-12,0.20189054028339842,6
2003-05-19,0.11652474309177774,4
2003-05-27,0.12164126603425396,2
2003-06-03,0.24595668608553145,5
2003-06-10,0.414763222882222,7
2003-06-17,0.29038644259630464,6
2003-06-24,0.11376406646474141,4
2003-07-01,0.08160714158624635,3
2003-07-09,0.005806343833413358,1
2003-07-16,0.013390737449136908,3
2003-07-23,0.08032236822058786,5
2003-07-30,0.03297187809884414,2
2003-08-06,0.020699324282822562,3
2003-08-13,0.08962343888162788,4
2003-08-20,0.06160966393695974,4
2003-08-27,0.11776585133978443,4
2003-09-04,0.099768887681738,3
2003-09-11,0.201565651939017,3
2003-09-18,0.06463518439941313,2
2003-09-25,0.12373498343785305,2
2003-10-02,0.1391487276418144,3
2003-10-09,0.1253171659273617,2
2003-10-16,0.049459890982365806,3
2003-10-23,0.027880354920538863,3
2003-10-30,0.02199158803354445,2
2003-11-06,0.025708027858531907,2
2003-11-13,0.11424856832902716,3
2003-11-20,0.1944146598622428,6
2003-11-28,0.07423485507023533,3
2003-12-05,0.055280740646344945,3
2003-12-12,0.0061870368980322665,1
2003-12-19,0.10897389103370014,4
2003-12-29,0.043833320258577696,3
2004-01-06,0.020391178088175824,2
2004-01-13,0.06831135198826577,4
2004-01-21,0.10405843880139981,4
2004-01-28,0.1341842709040122,5
2004-02-04,0.22663293913865096,6
2004-02-11,0.06544676205812403,3
2004-02-19,0.09003961552072293,4
2004-02-26,0.0864829943837358,4
2004-03-04,0.07151522674821198,5
2004-03-11,0.06132185349347,5
2004-03-18,0.03695817239598459,2
2004-03-25,0.11615307838767261,3
2004-04-01,0.22730742899764714,6
2004-04-08,0.27999383399032807,3
2004-04-16,0.13561677257834234,3
2004-04-23,0.0,0
2004-04-30,0.19414730998988772,3
2004-05-07,0.2081810925272382,3
2004-05-14,0.14385476325824575,4
2004-05-21,0.15856035937565005,4
2004-05-28,0.062416774787586476,2
2004-06-07,0.0713168595989038,4
2004-06-15,0.053745780458869574,4
2004-06-22,0.11961896663789406,3
2004-06-29,0.041270257281850825,5
2004-07-07,0.04162189368845762,4
2004-07-14,0.12625956053114626,4
2004-07-21,0.15535298480274842,5
2004-07-28,0.1800038542308543,5
2004-08-04,0.16574365886603712,3
2004-08-11,0.04001798204344523,3
2004-08-18,0.03856750783546134,3
2004-08-25,0.14741999075502954,2
2004-09-01,0.22430570426722474,4
2004-09-09,0.2177272683918291,6
2004-09-16,0.28023687677145603,7
2004-09-23,0.18042157242737833,5
2004-09-30,0.13430392114887232,4
2004-10-07,0.09979875139912753,3
2004-10-14,0.05503942704277487,2
2004-10-21,0.05845567822783351,2
2004-10-28,0.06590408607162607,3
2004-11-04,0.07418117078334746,2
2004-11-11,0.021542997596534635,2
2004-11-18,0.02410720298704537,2
2004-11-26,0.02113244732437594,3
2004-12-03,0.02942164523671756,4
2004-12-10,0.09093498262091756,5
2004-12-17,0.17670738708287512,5
2004-12-27,0.1519507163147424,8
2005-01-03,0.10857013804233014,7
2005-01-10,0.09578680863672948,7
2005-01-18,0.091787356157506,7
2005-01-25,0.04550632272948657,3
2005-02-01,0.0280371259987916,2
2005-02-08,0.07848250602835316,5
2005-02-15,0.0709547021081778,5
2005-02-23,0.07870805298245065,6
2005-03-02,0.02898319318563268,2
2005-03-09,0.10454838809501484,5
2005-03-16,0.04813771550122857,3
2005-03-23,0.09669581045372251,3
2005-03-31,0.10757378467021278,4
2005-04-07,0.10320770718932365,4
2005-04-14,0.2018883874016406,7
2005-04-21,0.33268713214340484,6
2005-04-28,0.1735389970850359,5
2005-05-05,0.09756595326798614,4
2005-05-12,0.07088213568351281,4
2005-05-19,0.15054453747293525,6
2005-05-26,0.07199408769986346,3
2005-06-03,0.1302847887916875,5
2005-06-10,0.06957374200678906,3
2005-06-17,0.051013560522210705,2
2005-06-24,0.04560383253850098,3
2005-07-01,0.018585965516544706,4
2005-07-11,0.11155259387656902,4
2005-07-18,0.1602462119340658,7
2005-07-25,0.1313121988139004,5
2005-08-01,0.08498032735498941,4
2005-08-08,0.024308859408583447,1
2005-08-15,0.037954283231324645,2
2005-08-22,0.059325944704138364,3
2005-08-29,0.0766190874202476,4
2005-09-06,0.053607515614631035,6
2005-09-13,0.058768758122687725,4
2005-09-20,0.162137404739438,4
2005-09-27,0.21526786189300345,5
2005-10-04,0.2917325721131754,6
2005-10-11,0.15033742934636185,3
2005-10-18,0.16018387589121433,4
2005-10-25,0.05954370176103041,3
2005-11-01,0.11227933775312327,3
2005-11-08,0.10224231180462517,2
2005-11-15,0.04240772048443198,5
2005-11-22,0.07008007025338056,5
2005-11-30,0.029311117589220392,3
2005-12-07,0.06473706547418494,4
2005-12-14,0.09080360115436412,4
2005-12-21,0.13565455782135727,5
2005-12-29,0.040716026648906195,4
2006-01-06,0.1116489682865133,5
2006-01-13,0.12266365190690559,4
2006-01-23,0.06682596378463318,3
2006-01-30,0.08148050180488103,4
2006-02-06,0.04795512183733286,3
2006-02-13,0.0268122529509979,3
2006-02-21,0.029824819417056447,3
2006-02-28,0.12646756702361175,6
2006-03-07,0.08023092716885556,6
2006-03-14,0.07676292891919939,4
2006-03-21,0.11262272901808129,4
2006-03-28,0.03805582554721995,4
2006-04-04,0.3153618890364244,5
2006-04-11,0.32451631953864557,6
2006-04-19,0.1558409872104158,5
2006-04-26,0.1502918088093963,5
2006-05-03,0.1541211113635222,5
2006-05-10,0.07699486955677787,4
2006-05-17,0.0,0
2006-05-24,0.0,0
2006-06-01,0.06524792588780137,2
2006-06-08,0.28660360358849385,5
2006-06-15,0.5513107875617619,7
2006-06-22,0.1599347026630482,4
2006-06-29,0.18145674246031857,3
2006-07-07,0.23285858058693754,4
2006-07-14,0.20303046090047458,5
2006-07-21,0.07828842276375825,3
2006-07-28,0.12273640720777229,4
2006-08-04,0.21671327676792512,7
2006-08-11,0.1468475175471166,5
2006-08-18,0.04187203331303618,3
2006-08-25,0.05209866812703834,4
2006-09-01,0.0639508540716329,3
2006-09-11,0.04786470953916555,3
2006-09-18,0.0855396670466283,5
2006-09-25,0.012306307559376617,3
2006-10-02,0.015349419117946655,4
2006-10-09,0.08023453735004174,4
2006-10-16,0.0473906031090541,3
2006-10-23,0.002471595568409035,1
2006-10-30,0.006440626982257364,1
2006-11-06,0.01853893543938226,6
2006-11-13,0.047253148606671916,3
2006-11-20,0.06578466988434442,3
2006-11-28,0.06475927690067007,4
2006-12-05,0.17131728733530355,5
2006-12-12,0.20647166327275282,6
2006-12-19,0.16993712467463445,5
2006-12-27,0.05400360136902693,3
2007-01-05,0.04227757262201923,2
2007-01-12,0.038478650553626925,3
2007-01-22,0.020732730072615224,3
2007-01-29,0.028779182049142288,3
2007-02-05,0.08787268356761542,4
2007-02-12,0.04596655143142313,5
2007-02-20,0.05562686186347106,4
2007-02-27,0.017739978276454058,3
2007-03-06,0.05943605590855852,5
2007-03-13,0.02177265233858533,4
2007-03-20,0.1300903522088318,2
2007-03-27,0.13720714482309126,2
2007-04-03,0.2273291966069345,4
2007-04-11,0.2821619811542605,4
2007-04-18,0.2098917365959299,7
2007-04-25,0.16487066708653894,9
2007-05-02,0.08926008976827243,5
2007-05-09,0.07519369601088996,4
2007-05-16,0.09444350437980303,5
2007-05-23,0.04421119891011335,1
2007-05-31,0.055639758968679495,3
2007-06-07,0.10600485991259113,4
2007-06-14,0.034993571428309306,4
2007-06-21,0.10098635021577684,6
2007-06-28,0.20352597379247162,8
2007-07-06,0.3759439381800891,7
2007-07-13,0.259710662944139,8
2007-07-20,0.1909411949412425,4
2007-07-27,0.09857622279663922,4
2007-08-03,0.11903864000931957,2
2007-08-10,0.2160677036108612,3
2007-08-17,0.15578852366820206,2
2007-08-24,0.1942441822546458,4
2007-08-31,0.18939145027910853,3
2007-09-10,0.042254525419537226,2
2007-09-17,0.04434131933677388,2
2007-09-24,0.022303277469741256,1
2007-10-01,0.16063686413147332,4
2007-10-08,0.04713268251935038,2
2007-10-15,0.07362822202934127,4
2007-10-22,0.1034023463411497,4
2007-10-29,0.24058284556013543,6
2007-11-05,0.1831348161615835,3
2007-11-12,0.3676915890707237,5
2007-11-19,0.13005103867218126,2
2007-11-27,0.5266790261290591,5
2007-12-04,0.20623380757816323,5
2007-12-11,0.0933300465888523,5
2007-12-18,0.0851684731228739,3
2007-12-26,0.26353149042086815,4
2008-01-03,0.26224190300908157,4
2008-01-10,0.10390645932999337,2
2008-01-17,0.10834544601329238,3
2008-01-25,0.11001146933092532,2
2008-02-01,0.06804747328134064,2
2008-02-08,0.040988158872464875,2
2008-02-15,0.03493126143852032,2
2008-02-25,0.025764411431148992,2
2008-03-03,0.10477670396197297,2
2008-03-10,0.23828792050569786,5
2008-03-17,0.2960646529994111,5
2008-03-25,0.2607644445040749,4
2008-04-01,0.20783767300130573,3
2008-04-08,0.22223333601324635,5
2008-04-15,0.009327811098741645,2
2008-04-22,0.11702459086520589,3
2008-04-29,0.025908415295803983,1
2008-05-06,0.08331678703522027,2
2008-05-13,0.0823760822524004,3
2008-05-20,0.044277184839064954,3
2008-05-28,0.03326710353501805,2
2008-06-04,0.17327267698355076,5
2008-06-11,0.09013827305952798,2
2008-06-18,0.08451509447258404,3
2008-06-25,0.11904051182568778,3
2008-07-02,0.06845623813744206,2
2008-07-10,0.0898899945052743,4
2008-07-17,0.33166273020514475,3
2008-07-24,0.316044605553496,3
2008-07-31,0.21345680304083114,2
2008-08-07,0.11769855272260893,2
2008-08-14,0.06901602900525375,3
2008-08-21,0.1034395891918374,4
2008-08-28,0.21296595304340332,2
2008-09-05,0.3177952403766255,6
2008-09-12,0.2640612543662343,5
2008-09-19,0.09802042442267045,3
2008-09-26,0.20277466769787922,3
2008-10-03,0.4459003254496354,2
2008-10-10,0.399688986813329,3
2008-10-17,0.22883578185268338,3
2008-10-24,0.5781553685694982,3
2008-10-31,0.2852330961498992,3
2008-11-07,1.2007002356952814,5
2008-11-14,0.7406501527200613,5
2008-11-21,0.13779008713207408,4
2008-12-01,0.41373617225491244,6
2008-12-08,0.6489943060325444,3
2008-12-15,0.4846863616290995,4
2008-12-22,0.21243596997276093,2
2008-12-30,0.14078569225465493,4
2009-01-07,0.06773416829771639,5
2009-01-14,0.10976628113289388,3
2009-01-22,0.24728996959343452,3
2009-01-29,0.36253168914886114,5
2009-02-05,0.29956658673644565,5
2009-02-12,0.10857610551727326,4
2009-02-20,0.34638488384793553,5
2009-02-27,0.13181290064456117,4
2009-03-06,0.11769885939460586,3
2009-03-13,0.167148404555571,3
2009-03-20,0.21816287034731574,4
2009-03-27,0.19442618415483054,4
2009-04-03,0.11907650655484087,5
2009-04-13,0.1875574126476317,3
2009-04-20,0.05073605450986002,1
2009-04-27,0.028505325328818498,2
2009-05-04,0.20194210760248232,7
2009-05-11,0.1578631534740444,3
2009-05-18,0.2131610958231429,4
2009-05-26,0.2828358346057115,6
2009-06-02,0.20711871646305113,7
2009-06-09,0.19448196833068881,6
2009-06-16,0.13583808583465293,4
2009-06-23,0.1758896564086612,3
2009-06-30,0.06121846400943484,3
2009-07-08,0.22251301130577705,3
2009-07-15,0.16268411019590145,6
2009-07-22,0.09632715014020882,3
2009-07-29,0.03730193434755019,3
2009-08-05,0.0390213278108409,3
2009-08-12,0.05510535748534624,3
2009-08-19,0.035189623251078064,3
2009-08-26,0.027510830550432935,2
2009-09-02,0.04135065679195646,3
2009-09-10,0.11421398224916426,6
2009-09-17,0.049922518437406554,2
2009-09-24,0.008703779987327659,2
2009-10-01,0.0430135458108967,3
2009-10-08,0.06703719865858121,2
2009-10-15,0.05038085372166626,1
2009-10-22,0.08985006595348412,3
2009-10-29,0.0016266839448055015,1
2009-11-05,0.16179551149834487,1
2009-11-12,0.15975268940762152,3
2009-11-19,0.21588767940721218,3
2009-11-27,0.20159321698407542,2
2009-12-04,0.0240815170532242,2
2009-12-11,0.07314305482252922,3
2009-12-18,0.0058438921001583155,1
2009-12-28,0.02502185273065377,1
2010-01-05,0.006640578009895037,1
2010-01-12,0.02508299855447116,3
2010-01-20,0.019717725392630406,2
2010-01-27,0.10204598959809846,3
2010-02-03,0.18585100003293745,4
2010-02-10,0.17575017546742777,3
2010-02-18,0.17166739238034961,3
2010-02-25,0.12232792703240142,4
2010-03-04,0.11136459925085795,4
2010-03-11,0.0829824648672488,2
2010-03-18,0.06057654626104568,3
2010-03-25,0.013702871658594379,3
2010-04-01,0.047879927813791204,3
2010-04-09,0.08927049288229572,4
2010-04-16,0.12499957583446614,4
2010-04-23,0.10040623194440007,4
2010-04-30,0.07672126037627372,6
2010-05-07,0.026694066250532056,1
2010-05-14,0.06671108064931297,2
2010-05-21,0.07170926688412749,2
2010-05-28,0.13743049507947436,2
2010-06-07,0.5542269016808566,4
2010-06-14,0.1673059752310473,3
2010-06-21,0.02473035341597074,2
2010-06-28,0.041551265733234866,3
2010-07-06,0.15756627293567677,4
2010-07-13,0.15631509233061075,5
2010-07-20,0.1803838693752019,6
2010-07-27,0.14869500566564772,6
2010-08-03,0.05969928078892919,2
2010-08-10,0.059310527441109206,4
2010-08-17,0.059310527441109206,4
2010-08-24,0.09903011453094543,4
2010-08-31,0.00963080824189863,2
2010-09-08,0.09580745666539106,4
2010-09-15,0.1539412332837301,4
2010-09-22,0.026372126924048167,4
2010-09-29,0.06037554158545058,5
2010-10-06,0.10099855118866752,7
2010-10-13,0.0936883646253838,7
2010-10-20,0.03835101077552952,4
2010-10-27,0.05745678383807645,6
2010-11-03,0.026371317109629838,5
2010-11-10,0.022008078140647258,5
2010-11-17,0.05865830797914856,4
2010-11-24,0.031249316264301275,3
2010-12-02,0.145835561733805,3
2010-12-09,0.06539869646437346,1
2010-12-16,0.020379003956482927,2
2010-12-23,0.02029769948476326,2
2010-12-31,0.03995569183084366,4
2011-01-07,0.048824059209878326,5
2011-01-14,0.10118494311703273,6
2011-01-24,0.1438018673091359,4
2011-01-31,0.04279643999093882,2
2011-02-07,0.040622273307251044,2
2011-02-14,0.08153670998942783,5
2011-02-22,0.0214003896388045,3
2011-03-01,0.03241702037490088,2
2011-03-08,0.03128313757836748,3
2011-03-15,0.028511863393273468,3
2011-03-22,0.05551772322496981,4
2011-03-29,0.15205936867239342,3
2011-04-05,0.13049597037817914,4
2011-04-12,0.10830472453402318,3
2011-04-19,0.054962243301743124,2
2011-04-27,0.06808870020746566,4
2011-05-04,0.06391896387731646,4
2011-05-11,0.0907829468333288,3
2011-05-18,0.013744545602898506,2
2011-05-25,0.04549531174967947,5
2011-06-02,0.08586566183150493,4
2011-06-09,0.025689497398737854,2
2011-06-16,0.12383863009224708,7
2011-06-23,0.20373740950572522,8
2011-06-30,0.1095303628507906,3
2011-07-08,0.10009209767895783,5
2011-07-15,0.12407705182490503,7
2011-07-22,0.2462087628826754,7
2011-07-29,0.2698750764243805,4
2011-08-05,0.16091198866931117,5
2011-08-12,0.2328479597644897,4
2011-08-19,0.05504931905917071,2
2011-08-26,0.010511118723333546,1
2011-09-02,0.0,0
2011-09-12,0.12014320365483744,2
2011-09-19,0.050048405111467575,1
2011-09-26,0.07039395119612335,2
2011-10-03,0.3556871560167334,6
2011-10-10,0.47336170182343407,4
2011-10-17,0.15973359762884098,3
2011-10-24,0.25817180114686455,2
2011-10-31,0.49845362372679797,4
2011-11-07,0.5098001130673333,5
2011-11-14,0.22099368534888364,5
2011-11-21,0.1505397440507939,2
2011-11-29,0.12987286476673066,5
2011-12-06,0.1504616095879865,4
2011-12-13,0.1788434689779626,5
2011-12-20,0.18960097605018272,3
2011-12-28,0.16561457258780948,5
2012-01-05,0.14849215118093617,5
2012-01-12,0.20476432560101254,6
2012-01-20,0.15314561133063126,3
2012-01-27,0.14177910893708226,5
2012-02-03,0.1764953045184876,6
2012-02-10,0.09651847335498404,4
2012-02-17,0.1296978188133202,4
2012-02-27,0.06272928179227386,3
2012-03-05,0.10190621999056634,5
2012-03-12,0.05177163487849584,4
2012-03-19,0.04903307473488047,2
2012-03-26,0.04232788774715894,4
2012-04-02,0.042925265249300446,6
2012-04-10,0.07001804329448245,6
2012-04-17,0.0848369741965682,6
2012-04-24,0.11709888566439011,4
2012-05-01,0.11204878781456704,5
2012-05-08,0.09079725698581106,6
2012-05-15,0.08650384931739016,7
2012-05-22,0.04242806544215946,3
2012-05-30,0.06111831759480571,3
2012-06-06,0.11426644941246705,3
2012-06-13,0.5273109140435843,7
2012-06-20,0.08311516870954128,4
2012-06-27,0.11554928893006522,3
2012-07-05,0.028442675090371794,2
2012-07-12,0.12481459125478181,5
2012-07-19,0.10262207298957213,4
2012-07-26,0.11264148623137485,6
2012-08-02,0.1330634476042059,3
2012-08-09,0.12498776868805817,4
2012-08-16,0.02253123995212654,2
2012-08-23,0.00723281641461089,2
2012-08-30,0.01913225964644366,3
2012-09-07,0.022645220080654005,4
2012-09-14,0.022245731027338816,3
2012-09-21,0.02935078947567024,1
2012-09-28,0.055216960253448244,3
2012-10-05,0.04067987487269681,1
2012-10-12,0.14415209073459592,3
2012-10-19,0.11348898875480751,3
2012-10-26,0.031233138886001793,3
2012-11-06,0.03329135284734336,3
2012-11-13,0.01709732927435259,1
2012-11-20,0.020890888946091618,3
2012-11-28,0.05001399300408316,4
2012-12-05,0.031066935764859777,2
2012-12-12,0.03197987377943973,3
2012-12-19,0.05566777941115528,3
2012-12-27,0.02941250663024783,2
2013-01-04,0.023797619143775206,1
2013-01-11,0.028307968804880568,1
2013-01-18,0.023169952515469744,1
2013-01-28,0.014227368783285926,1
2013-02-04,0.04233212986603177,2
2013-02-11,0.039097279683648956,3
2013-02-19,0.05234341227545734,4
2013-02-26,0.08876564701853619,4
2013-03-05,0.12004723620535389,5
2013-03-12,0.052028554708725444,5
2013-03-19,0.05820769039101345,3
2013-03-26,0.07708299988889289,4
2013-04-03,0.10199676733045643,2
2013-04-10,0.1339119964646581,4
2013-04-17,0.1480258459352723,5
2013-04-24,0.2707455376523386,5
2013-05-01,0.06675927839299692,6
2013-05-08,0.07802819417236537,4
2013-05-15,0.06706281704976451,6
2013-05-22,0.05255459578730276,6
2013-05-30,0.025158683161208284,4
2013-06-06,0.020890387805394303,3
2013-06-13,0.050324376457037245,3
2013-06-20,0.08040250227440243,5
2013-06-27,0.10439885059496451,6
2013-07-05,0.10652955241815057,5
2013-07-12,0.07211006563814784,4
2013-07-19,0.0490741842469303,4
2013-07-26,0.09191670646232697,5
2013-08-02,0.20488846579664335,7
2013-08-09,0.14125186139475934,7
2013-08-16,0.16391805123111,9
2013-08-23,0.1564468871023332,7
2013-08-30,0.062423596839793205,5
2013-09-09,0.04753386717448774,4
2013-09-16,0.08458757951595616,3
2013-09-23,0.1356850311556607,3
2013-09-30,0.009844759237051165,1
2013-10-07,0.015010521434985491,3
2013-10-14,0.02562963861122755,3
2013-10-21,0.053091349883852,4
2013-10-28,0.07138766749491962,3
2013-11-04,0.0689709936778605,5
2013-11-11,0.06312561984660528,2
2013-11-18,0.11802585703653157,4
2013-11-25,0.10717000665676603,8
2013-12-03,0.05238690469858348,4
2013-12-10,0.09839211907879572,6
2013-12-17,0.08708635037296267,7
2013-12-24,0.05792423850136798,6
2014-01-02,0.033973227452988725,5
2014-01-09,0.08722522506588715,5
2014-01-16,0.07188621788392158,4
2014-01-24,0.036711829847567684,2
2014-01-31,0.03638374853011697,3
2014-02-07,0.14599300757188932,4
2014-02-14,0.05558251675437903,4
2014-02-24,0.10677719144936187,4
2014-03-03,0.11264810382833043,4
2014-03-10,0.0410727868514231,2
2014-03-17,0.03151035856103038,2
2014-03-24,0.0015524467875398518,1
2014-03-31,0.0,0
2014-04-07,0.024397996416953505,4
2014-04-14,0.035811630882746165,4
2014-04-22,0.06895551864959235,5
2014-04-29,0.06520291080790452,4
2014-05-06,0.029954635580025882,2
2014-05-13,0.01513724704900235,2
2014-05-20,0.01991740332894204,3
2014-05-28,0.031139651972393906,3
2014-06-04,0.040461911516805046,4
2014-06-11,0.03772214650714108,3
2014-06-18,0.05647292422937546,3
2014-06-25,0.011144110348076094,2
2014-07-02,0.04761420368560934,5
2014-07-10,0.05180131533155946,5
2014-07-17,0.004210748441477258,2
2014-07-24,0.04978828049040562,5
2014-07-31,0.0782013381408273,5
2014-08-07,0.048894490451935474,6
2014-08-14,0.11714249990559752,3
2014-08-21,0.08726627240014587,3
2014-08-28,0.0668993779566025,3
2014-09-05,0.04703810945359607,3
2014-09-12,0.015903676622755297,1
2014-09-19,0.047937587101047396,2
2014-09-26,0.08622502155267431,2
2014-10-03,0.11908379637536937,5
2014-10-10,0.14041710162069473,6
2014-10-17,0.08243091537694719,5
2014-10-24,0.07639972358561567,2
2014-10-31,0.03073882693237212,2
2014-11-07,0.0895240148524575,2
2014-11-14,0.1313979181569323,5
2014-11-21,0.040205368816004505,3
2014-12-01,0.05386804765294212,2
2014-12-08,0.041610108918711114,4
2014-12-15,0.07547084779095761,4
2014-12-22,0.09915096600812956,3
2014-12-30,0.18107686288562413,3
2015-01-07,0.08715698586901832,5
2015-01-14,0.0875854560279008,1
2015-01-22,0.16531291976420937,5
2015-01-29,0.13501189974119443,5
2015-02-05,0.23945366535577506,5
2015-02-12,0.04786852948544251,2
2015-02-20,0.09509749444370266,4
2015-02-27,0.030139206187277112,3
2015-03-06,0.014892833167343356,4
2015-03-13,0.05361358796815205,6
2015-03-20,0.08788112263260778,7
2015-03-27,0.07406111992260883,3
2015-04-06,0.0115865620635303,3
2015-04-13,0.07673897903905269,3
2015-04-20,0.049821749513908706,2
2015-04-27,0.01234588020275218,3
2015-05-04,0.012352582093398609,4
2015-05-11,0.03202706007817191,4
2015-05-18,0.011165576955013357,2
2015-05-26,0.02959817432510431,1
2015-06-02,0.03372338057024862,2
2015-06-09,0.025528869485985983,1
2015-06-16,0.03135676468933135,2
2015-06-23,0.06429295109835237,6
2015-06-30,0.042571117883680926,2
2015-07-08,0.0032419246915538213,1
2015-07-15,0.0689648298642909,3
2015-07-22,0.013315119937435227,2
2015-07-29,0.0008513632147842398,1
2015-08-05,0.0008513632147842398,1
2015-08-12,0.006206540682144851,2
2015-08-19,0.031104577344369583,2
2015-08-26,0.054931958475994636,2
2015-09-02,0.0,0
2015-09-10,0.015023975512332033,1
2015-09-17,0.15602440560612457,4
2015-09-24,0.008624277166031091,1
2015-10-01,0.056721956634289694,1
2015-10-08,0.0006662467868674415,1
2015-10-15,0.09882648426998042,4
2015-10-22,0.12996891132477192,5
2015-10-29,0.09346212354111519,6
2015-11-05,0.10430850703395378,6
2015-11-12,0.09031759332815446,6
2015-11-19,0.0739249143171775,4
2015-11-27,0.04055253203774198,5
2015-12-04,0.06284096455233007,5
2015-12-11,0.10727501490880456,4
2015-12-18,0.06230259015670639,2
2015-12-28,0.14947197369189166,4
2016-01-05,0.13656000912767854,4
2016-01-12,0.26191597674372763,7
2016-01-20,0.3726664746326579,7
2016-01-27,0.2120970782062043,4
2016-02-03,0.166918857005621,4
2016-02-10,0.06995961292089936,2
2016-02-18,0.18267906086977415,2
2016-02-25,0.08492540709805185,3
2016-03-03,0.24166627893954573,4
2016-03-10,0.2573308665675578,5
2016-03-17,0.22772271510219183,5
2016-03-24,0.11526411097428252,5
2016-04-01,0.07759966191360357,4
2016-04-08,0.04001688204687584,2
2016-04-15,0.12198191073993911,3
2016-04-22,0.07829713374318259,3
2016-04-29,0.0952139525602643,5
2016-05-06,0.09948346064270647,5
2016-05-13,0.1324425402512179,7
2016-05-20,0.08737416482372537,5
2016-05-27,0.19443443663662904,5
2016-06-06,0.14183988873878198,4
2016-06-13,0.06689089007991633,4
2016-06-20,0.1802424212912509,7
2016-06-27,0.19122475535505798,6
2016-07-05,0.14546596533387846,3
2016-07-12,0.19545254761371278,4
2016-07-19,0.01150809032357275,1
2016-07-26,0.021770222096642394,2
2016-08-02,0.05715204872411747,4
2016-08-09,0.04400825531151137,4
2016-08-16,0.040916255334831064,4
2016-08-23,0.06985440010004082,4
2016-08-30,0.04409242857493055,4
2016-09-07,0.012217693418995687,2
2016-09-14,0.033264995071703454,4
2016-09-21,0.025140276018781257,4
2016-09-28,0.0,0
2016-10-05,0.047013842033144626,1
2016-10-12,0.09319460480107669,5
2016-10-19,0.1617405254387909,3
2016-10-26,0.14756787396676257,4
2016-11-02,0.09897175731042916,7
2016-11-09,0.07090512494859698,5
2016-11-16,0.07643250676334869,5
2016-11-23,0.02638600842126347,3
2016-12-01,0.09166668341319287,5
2016-12-08,0.07095247027619547,5
2016-12-15,0.09993838916330608,6
2016-12-22,0.14197290322189463,7
2016-12-30,0.050462184860640746,4
2017-01-09,0.07536465283222198,5
2017-01-17,0.03209578838017231,2
2017-01-24,0.07953570085198552,5
2017-01-31,0.0854802360318522,5
2017-02-07,0.1821221885611435,6
2017-02-14,0.06804335599579367,5
2017-02-22,0.07158499409427482,5
2017-03-01,0.027956713367251015,4
2017-03-08,0.05500660416687314,4
2017-03-15,0.028054617185374872,5
2017-03-22,0.023217791306012675,4
2017-03-29,0.03584099951689744,3
2017-04-05,0.00787714564277979,1
2017-04-12,0.002044861951796484,1
2017-04-20,0.001780992148706223,1
2017-04-27,0.056097691542447925,4
2017-05-04,0.02060278340863972,3
2017-05-11,0.04654286350182721,3
2017-05-18,0.013455645681879042,1
2017-05-25,0.0,0
2017-06-02,0.025427763146512974,2
2017-06-09,0.009105299309981232,1
2017-06-16,0.010322241614045713,1
2017-06-23,0.03908494561114777,4
2017-06-30,0.1048685137453829,6
2017-07-10,0.08313136857814615,7
2017-07-17,0.1281355716830494,4
2017-07-24,0.08320282658171231,6
2017-07-31,0.05066275335199159,3
2017-08-07,0.07188328018136345,4
2017-08-14,0.053733414962494216,4
2017-08-21,0.00558909449740963,1
2017-08-28,0.02263367535660299,1
2017-09-05,0.03680534895805598,2
2017-09-12,0.09699560832090343,2
2017-09-19,0.05784858425294506,1
2017-09-26,0.015981630554766618,3
2017-10-03,0.005659508293447871,4
2017-10-10,0.023971938125960712,3
2017-10-17,0.03096000442135824,4
2017-10-24,0.06982610103774543,5
2017-10-31,0.06399862847104616,6
2017-11-07,0.03536390943209697,5
2017-11-14,0.025588997250211062,4
2017-11-21,0.014080459359706116,1
2017-11-29,0.01374327876962092,3
2017-12-06,0.039060026124655145,4
2017-12-13,0.1373652633322892,6
2017-12-20,0.09470498004039668,5
2017-12-28,0.07074320517705704,5
2018-01-05,0.054243943655552004,5
2018-01-12,0.04751564097838097,6
2018-01-22,0.05166727349577292,5
2018-01-29,0.028314710970280238,5
2018-02-05,0.023339390682614536,5
2018-02-12,0.004118741050764457,2
2018-02-20,0.004245399458320004,1
2018-02-27,0.08257275609122267,2
2018-03-06,0.05289560231766566,3
2018-03-13,0.09756738032772022,6
2018-03-20,0.15635126473503738,6
2018-03-27,0.1712744657621887,5
2018-04-04,0.15320142562908795,5
2018-04-11,0.2133347669362004,5
2018-04-18,0.3480117056169503,7
2018-04-25,0.1482380188199117,3
2018-05-02,0.08668285387616773,3
2018-05-09,0.1142446946010497,5
2018-05-16,0.13548819140560223,7
2018-05-23,0.08799040303107553,5
2018-05-31,0.06529156344568962,3
2018-06-07,0.10038229122433073,4
2018-06-14,0.07590362087206812,2
2018-06-21,0.09666659956627413,4
2018-06-28,0.10296658607603124,4
2018-07-06,0.046626886944856644,3
2018-07-13,0.06488287106082846,4
2018-07-20,0.09763550582082625,3
2018-07-27,0.10170823538358789,4
2018-08-03,0.1040984748769393,7
2018-08-10,0.09289404515502242,2
2018-08-17,0.13949407449870005,3
2018-08-24,0.10376697419778277,5
2018-08-31,0.09005650416540201,4
2018-09-10,0.018484210316738053,1
2018-09-17,0.03619115260856108,1
2018-09-24,0.019081307472910397,5
2018-10-01,0.029792553122294577,5
2018-10-08,0.03359383435960968,5
2018-10-15,0.04503096050994161,5
2018-10-22,0.027894611050978402,3
2018-10-29,0.03156664865563022,1
2018-11-05,0.28818188855726196,4
2018-11-12,0.11638099567491794,4
2018-11-19,0.09693777923826874,3
2018-11-27,0.28342146936877183,4
2018-12-04,0.22754379589349988,6
2018-12-12,0.1305299434054764,4
2018-12-19,0.23987899881696434,4
2018-12-27,0.3203505323172541,6
2019-01-04,0.33400065935285245,5
2019-01-11,0.1153620849489626,4
2019-01-18,0.028702401669869815,1
2019-01-28,0.05571381694608485,3
2019-02-04,0.027861179388187968,4
2019-02-11,0.03103090590161181,3
2019-02-19,0.06751815403492029,6
2019-02-26,0.03826300763715702,5
2019-03-05,0.06565448935752252,6
2019-03-12,0.09038993091133887,5
2019-03-19,0.038878025643580366,6
2019-03-26,0.060061730643672484,5
2019-04-02,0.10402703001913577,4
2019-04-09,0.09320536359164652,5
2019-04-16,0.017592077056977115,2
2019-04-24,0.01144199617719402,1
2019-05-01,0.01377869057046241,2
2019-05-08,0.01377869057046241,2
2019-05-15,0.08807215219857337,2
2019-05-22,0.09218759663746434,4
2019-05-30,0.14976380243398862,5
2019-06-06,0.2805130859547598,6
2019-06-13,0.060392186213451826,2
2019-06-20,0.002676919200671507,1
2019-06-27,0.01575330653795093,1
2019-07-05,0.025413891388802914,2
2019-07-12,0.030808288834051956,3
2019-07-19,0.01702405580694541,3
2019-07-26,0.04127423466035442,1
2019-08-02,0.03156973859194931,2
2019-08-09,0.04214175887394031,2
2019-08-16,0.0027291976992525058,1
2019-08-23,0.046797477987826075,2
2019-08-30,0.023022190595910874,3
2019-09-09,0.10911853111098258,3
2019-09-16,0.08813305072207078,4
2019-09-23,0.08964124512233615,2
2019-09-30,0.04260247436911385,2
2019-10-07,0.05555291758500788,3
2019-10-14,0.0597477949557263,3
2019-10-21,0.09544053857910251,5
2019-10-28,0.09600594877368177,4
2019-11-04,0.1140932285754356,4
2019-11-11,0.07948015194847681,4
2019-11-18,0.0752338386468381,3
2019-11-25,0.04836596992631041,4
2019-12-03,0.03647735629639472,4
2019-12-10,0.03860699218916275,4
2019-12-17,0.11298093126559175,5
2019-12-24,0.11578297215938393,7
2020-01-02,0.07908245665671917,6
2020-01-09,0.0717797140263241,5
2020-01-16,0.0754195234826737,4
2020-01-24,0.02690663563061292,5
2020-01-31,0.042109113751335,4
2020-02-07,0.09363750461733109,5
2020-02-14,0.0668103807324524,1
2020-02-24,0.08533755276150501,3
2020-03-02,0.0537746158324488,3
2020-03-09,0.08408922695994397,2
2020-03-16,0.3062770050225712,4
2020-03-23,0.7584776721669529,4
2020-03-30,1.424843785532828,6
2020-04-06,1.3545557952924123,6
2020-04-14,0.3850421267541805,3
2020-04-21,0.5398676156663589,6
2020-04-28,0.09934366157277841,5
2020-05-05,0.06825517355632915,4
2020-05-12,0.13092967709542552,3
2020-05-19,0.01600104150361259,1
2020-05-27,0.2355567959657543,4
2020-06-03,0.37129358557970976,8
2020-06-10,0.15663981020291468,5
2020-06-17,0.23099742952054586,5
2020-06-24,0.11884231509880577,6
2020-07-01,0.0008812167081582167,1
2020-07-09,0.0008812167081582167,1
2020-07-16,0.07596173068911322,4
2020-07-23,0.07833124806398828,5
2020-07-30,0.16164507552160332,8
2020-08-06,0.10041122782173162,5
2020-08-13,0.06015765193157488,3
2020-08-20,0.06573580635018608,5
2020-08-27,0.08987733993225273,5
2020-09-03,0.06413087408630265,6
2020-09-11,0.05559418370489019,5
2020-09-18,0.06615052004727057,4
2020-09-25,0.013222128504546765,2
2020-10-02,0.07349152410658774,4
2020-10-09,0.08700131424791607,6
2020-10-16,0.08463614430765509,8
2020-10-23,0.1458370325840969,6
2020-10-30,0.031580621125357505,3
2020-11-06,0.027654022259988448,3
2020-11-13,0.14948571875187347,2
2020-11-20,0.25046574237845476,4
2020-11-30,0.03082652823083734,2
2020-12-07,0.12600067883719898,4
2020-12-14,0.1120741053341972,5
2020-12-21,0.09895678528638163,5
2020-12-29,0.041885619253961864,3
2021-01-06,0.03280058329983962,5
2021-01-13,0.028219003111360358,3
2021-01-21,0.08239275669588741,5
2021-01-28,0.05520062600633721,4
2021-02-04,0.06842652935202104,4
2021-02-11,0.15895995265176843,4
2021-02-19,0.13647090392878738,4
2021-02-26,0.13112306429479642,2
2021-03-05,0.0,0
2021-03-12,0.05322313050683264,3
2021-03-19,0.070102090407137,4
2021-03-26,0.09612943067582896,3
2021-04-05,0.08974834998715625,5
2021-04-12,0.11951352875211158,4
2021-04-19,0.13654939746391495,7
2021-04-26,0.136106547700764,4
2021-05-03,0.0032007203832355308,1
2021-05-10,0.06752612840433136,4
2021-05-17,0.0409068622846053,2
2021-05-24,0.0,0
2021-06-01,0.023422674583209402,2
2021-06-08,0.007531420114421233,1
2021-06-15,0.005639358793684254,2
2021-06-22,0.07629679703480739,3
2021-06-29,0.011335985442087457,3
2021-07-07,0.05532086089507156,4
2021-07-14,0.10020621135277247,5
2021-07-21,0.11173521655381813,4
2021-07-28,0.12241193623068619,3
2021-08-04,0.04749747869872317,3
2021-08-11,0.013226333986877309,4
2021-08-18,0.0022218163374990996,1
2021-08-25,0.060046204783400337,2
2021-09-01,0.04315933549761647,3
2021-09-09,0.019866197506486008,3
2021-09-16,0.0138659436163166,3
2021-09-23,0.009757255731339842,2
2021-09-30,0.006119196962972792,1
2021-10-07,0.01105137816921914,1
2021-10-14,0.027158654214285205,2
2021-10-21,0.12037723785511228,4
2021-10-28,0.08192253359024529,4
2021-11-04,0.08505431168669647,5
2021-11-11,0.09332804747815715,5
2021-11-18,0.0740066269057843,4
2021-11-26,0.07143921008301132,5
2021-12-03,0.057419801686209665,3
2021-12-10,0.024932480460157724,2
2021-12-17,0.011873830847442868,2
2021-12-27,0.018663251710608064,3
2022-01-03,0.19282894666109096,4
2022-01-10,0.028638939672482377,1
2022-01-18,0.06493828853829187,4
2022-01-25,0.13898330564829764,7
2022-02-01,0.16827276098950522,7
2022-02-08,0.21028272947978344,5
2022-02-15,0.32419097888375753,7
2022-02-23,0.42198727911174533,9
2022-03-03,0.37821773107808493,6
2022-03-10,0.32044345789576983,6
2022-03-17,0.567414055339418,5
2022-03-24,0.05444987216171093,2
2022-03-31,0.0,0
2022-04-07,0.058452958889687795,2
2022-04-14,0.0893950048601827,4
2022-04-21,0.07036123495281965,3
2022-04-28,0.06431266591958332,2
2022-05-05,0.18489399306825416,3
2022-05-12,0.24253563563394515,6
2022-05-19,0.1755448520876328,5
2022-05-26,0.10804518849959541,5
2022-06-02,0.09912623413647359,2
2022-06-09,0.15700796436463943,4
2022-06-16,0.11021654979825507,5
2022-06-23,0.17969041931922541,5
2022-06-30,0.13901833931640672,4
2022-07-07,0.12162099312564512,4
2022-07-14,0.05281703768322482,2
2022-07-21,0.13827731207840221,2
2022-07-28,0.10709212489934061,4
2022-08-04,0.16236246912129526,4
2022-08-11,0.03490040882217882,4
2022-08-18,0.08413462539049779,5
2022-08-25,0.1140678938248593,5
2022-09-01,0.11227751238038297,6
2022-09-08,0.17439632342201136,4
2022-09-15,0.15284383445316801,4
2022-09-22,0.17624451926456758,4
2022-09-29,0.08726502304900463,4
2022-10-06,0.05308116796544793,3
2022-10-13,0.028301453020336598,2
2022-10-20,0.03685603716292016,4
2022-10-27,0.06420478949181405,3
2022-11-03,0.2671379503147773,5
2022-11-10,0.2179633791398954,6
2022-11-17,0.0404854134666327,4
2022-11-24,0.07761297227396613,4
2022-12-01,0.05660163777469954,3
2022-12-08,0.028569454162117064,2
2022-12-15,0.01808795980372338,1
2022-12-22,0.04872048457685915,2
2022-12-29,0.10178665999538686,4
2023-01-05,0.024021914967613106,4
2023-01-12,0.048613788694205906,6
2023-01-19,0.03195350107235348,4
2023-01-26,0.03571497150729873,4
2023-02-02,0.03857028240381473,5
2023-02-09,0.02084774321816557,2
2023-02-16,0.013543065872928486,2
2023-02-23,0.008981908018643611,2
2023-03-02,0.033413614953580084,2
2023-03-09,0.050285290821550185,4
2023-03-16,0.03966461608568714,3
2023-03-23,0.1663227875942095,3
2023-03-30,0.17467937182897902,3
2023-04-06,0.21832206521432007,4
2023-04-13,0.14004828418750181,3
2023-04-20,0.04677312180211368,2
2023-04-27,0.15298932557847356,4
2023-05-04,0.09408994757317884,3
2023-05-11,0.12316054564312318,4
2023-05-18,0.036903774800720435,3
2023-05-25,0.03136581610417846,3
2023-06-01,0.05899855338133475,3
2023-06-08,0.05928358880317708,4
2023-06-15,0.07053310802511839,5
2023-06-22,0.04635274136159487,2
2023-06-29,0.02927319534837089,1
2023-07-06,0.08119041768585791,4
2023-07-13,0.05953647870465881,4
2023-07-20,0.08370773529376677,5
2023-07-27,0.010787429034309542,1
2023-08-03,0.014063777441659764,3
2023-08-10,0.054274070606404656,3
2023-08-17,0.06259630691369077,4
2023-08-24,0.005737513750200832,2
2023-08-31,0.024262529605039482,3
2023-09-07,0.05008982779286314,5
2023-09-14,0.055806338593799784,5
2023-09-21,0.05701331966490292,2
2023-09-28,0.06812689750180294,2
2023-10-05,0.10406593779524727,7
2023-10-12,0.127887065165428,9
2023-10-19,0.06644636752581573,5
2023-10-26,0.1843158155324075,6
2023-11-02,0.20866098637157374,6
2023-11-09,0.19910961165553567,5
2023-11-16,0.15802864921696927,8
2023-11-23,0.024588421225613055,3
2023-11-30,0.05484087838501295,3
2023-12-07,0.05901761066413541,2
2023-12-14,0.05258707887308216,5
2023-12-21,0.08341559430276557,6
2023-12-28,0.04989933028613236,5
2024-01-04,0.02478500470720047,3
2024-01-11,0.00137100758723218,2
2024-01-18,0.00319685550712992,2
2024-01-25,0.021749581312044533,5
2024-02-01,0.08265133028165586,9
2024-02-08,0.06810845947123238,5
2024-02-16,0.0013658523999284106,1
2024-02-23,0.017183975179162606,1
2024-03-01,0.017183975179162606,1
2024-03-08,0.031626516627414614,2
2024-03-15,0.01047978166305831,4
2024-03-22,0.023728900710874204,5
2024-03-29,0.02599052141868527,5
2024-04-05,0.02934003459065765,4
2024-04-12,0.03263854267431253,3
2024-04-19,0.03717984805693672,2
2024-04-26,0.087757334760803,4
2024-05-03,0.0959435014263999,5
2024-05-10,0.06053774502218509,3
2024-05-17,0.01686961705022555,2
2024-05-24,0.04202761916392708,3
2024-05-31,0.0401193768655498,2
2024-06-07,0.03049418737819222,5
2024-06-14,0.036357309248237754,4
2024-06-21,0.030707611569986873,3
2024-06-28,0.023609374159159147,1
2024-07-05,0.04071473869877951,2
2024-07-12,0.04409557210284665,3
2024-07-19,0.06158148390125176,4
2024-07-26,0.05836091021082797,5
2024-08-02,0.053036629492104984,5
2024-08-09,0.02156166108180499,3
2024-08-16,0.09424511069086375,3
2024-08-23,0.1291209341322183,2
2024-08-30,0.0772972069019936,2
2024-09-06,0.11035258826604222,3
2024-09-13,0.03305538136404862,1
2024-09-20,0.11634108992583976,5
2024-09-27,0.08439797469832788,4
2024-10-04,0.07327826744198768,3
2024-10-11,0.031936402570605926,1
2024-10-18,0.03828981491861877,2
2024-10-25,0.023667451371583326,3
2024-11-01,0.00120595191182149,2
2024-11-08,0.02085448924330713,2
2024-11-15,0.008884346017469236,3
2024-11-22,0.01850540507925423,2
2024-11-29,0.017586700507632835,2
2024-12-06,0.09675427912282297,3
2024-12-13,0.047314233570810355,5
2024-12-20,0.0820105427586226,3
2024-12-27,0.06335818545966551,2
2025-01-03,0.05309900709570517,3
2025-01-10,0.024995379306442522,1
2025-01-17,0.09298766585095336,5
2025-01-24,0.03932814510462693,3
2025-01-31,0.02271988066717781,4
2025-02-07,0.04631451401596069,2
2025-02-14,0.06432062254968127,4
2025-02-21,0.03244226671599146,3
2025-02-28,0.028321396548145916,3
2025-03-07,0.06345026996964967,6
2025-03-14,0.043343111859611136,3
2025-03-21,0.03177645965210743,4
2025-03-28,0.07166914965926421,5
2025-04-04,0.15522274695956234,5
2025-04-11,0.0256509811363545,3
2025-04-18,0.014965657089418993,1
2025-04-25,0.015368061197441718,1
2025-05-02,0.03283371469873447,1
2025-05-09,0.03283371469873447,1
2025-05-16,0.01692935507776333,2
2025-05-23,0.03701361248028728,2
2025-05-30,0.049346201756775565,2
2025-06-06,0.043085890834668183,5
2025-06-13,0.05023390622517959,4
2025-06-20,0.08137490879117484,4
2025-06-27,0.0018758253675518755,1
2025-07-04,0.0018758253675518755,1
2025-07-11,0.07084365078229957,2
2025-07-18,0.040969826426445116,4
2025-07-25,0.040414416771562864,5
2025-08-01,0.053570027284254584,4
2025-08-08,0.012104958740122393,3
2025-08-15,0.053855115958550095,4
2025-08-22,0.024289734991849915,3
2025-08-29,0.03682622498440738,2
2025-09-05,0.05168055454885957,3
2025-09-12,0.022037257207747588,5
2025-09-19,0.06584817267436305,6
2025-09-26,0.07089059513044607,6
2025-10-03,0.07366382318312552,3
2025-10-10,0.12290835287033895,6
2025-10-17,0.042533049729371206,5
2025-10-24,0.012687209368076116,3
2025-10-31,0.08687661984448439,5
2025-11-07,0.06357656355621485,4
2025-11-14,0.035898160184928696,2
2025-11-21,0.044403929481878185,3
2025-11-28,0.11328621748725848,5
2025-12-05,0.10871012631798554,6
2025-12-12,0.13759623576326938,4
2025-12-19,0.14019572978313735,3
2025-12-26,0.1844072127064553,5
2026-01-02,0.1571693004664008,5
2026-01-09,0.07521628121664672,3
2026-01-16,0.06354125752637034,6
2026-01-23,0.045864181380061556,5
2026-01-30,0.0,0
2026-02-06,0.04279241020421892,3
2026-02-13,8.980931454571905e-06,1
2026-02-20,0.021156415520044297,4
2026-02-27,0.06481073912613916,6
2026-03-06,0.11119689998487281,7
2026-03-13,0.08656663229812361,5
2026-03-20,0.07839215700088026,3
2026-03-27,0.2034497674498436,3
2026-04-03,0.09248156543328934,1
2026-04-10,0.1007134718856677,3
2026-04-17,0.06470299801987467,4
2026-04-24,0.011195040819766189,2
2026-05-01,0.01914539409385757,1
2026-05-08,0.06742706157649764,3
2026-05-15,0.13606816342311798,5
2026-05-22,0.12405893952061645,5
2026-05-29,0.09679088846739348,4
2026-06-05,0.07309968277945705,5
2026-06-12,0.04834422272889602,4
2026-06-19,0.07001443811273733,4
2026-06-26,0.1298939547196074,4
2026-07-03,0.10255309289049025,4
2026-07-10,0.2015131137791324,6
