sample,labels,baseline,dF1,p,f1,f1_omega,threshold,holm
OOS 2016-2026,crisis23,erank_data,0.22854102194750386,0.0,0.17369727047146402,0.44665012406947896,0.0020833333333333333,True
OOS 2016-2026,crisis23,AR,0.2196561796546772,0.0,0.13399503722084366,0.44665012406947896,0.002173913043478261,True
OOS 2016-2026,crisis25,erank_data,0.21982289831811186,0.0,0.18134715025906734,0.45077720207253885,0.002272727272727273,True
OOS 2016-2026,crisis25,AR,0.23216737846065752,0.0,0.13471502590673576,0.45077720207253885,0.002380952380952381,True
FULL 2000-2026,crisis25,AR,0.19347635485479095,0.0,0.16352201257861634,0.38634321653189574,0.0025,True
FULL 2000-2026,crisis25,erank_data,0.19450639415698243,0.0,0.16711590296495957,0.38634321653189574,0.002631578947368421,True
FULL 2000-2026,crisis23,erank_data,0.19970877861921119,0.0,0.1646017699115044,0.3893805309734513,0.002777777777777778,True
FULL 2000-2026,crisis23,AR,0.18337351067702917,0.0,0.1752212389380531,0.3893805309734513,0.0029411764705882353,True
OOS 2016-2026,crisis25,ricci,0.10115314270621113,0.003,0.3212435233160622,0.45077720207253885,0.003125,True
OOS 2016-2026,crisis16,erank_data,0.1791223356188355,0.006,0.22377622377622375,0.4335664335664336,0.0033333333333333335,False
OOS 2016-2026,crisis23,ricci,0.08672383534311778,0.0065,0.337468982630273,0.44665012406947896,0.0035714285714285718,False
OOS 2016-2026,crisis16,ricci,0.12559474128456752,0.011,0.3006993006993007,0.4335664335664336,0.0038461538461538464,False
FULL 2000-2026,crisis23,ricci,0.07423284226903723,0.018,0.31681415929203544,0.3893805309734513,0.004166666666666667,False
FULL 2000-2026,crisis25,ricci,0.07282521846711848,0.0225,0.31626235399820307,0.38634321653189574,0.004545454545454546,False
FULL 2000-2026,crisis16,erank_data,0.1345529299379707,0.0355,0.19239904988123516,0.33966745843230406,0.005,False
FULL 2000-2026,crisis16,AR,0.11550725660241243,0.044,0.20427553444180527,0.33966745843230406,0.005555555555555556,False
OOS 2016-2026,crisis16,AR,0.1700528353287275,0.055,0.16783216783216784,0.4335664335664336,0.00625,False
FULL 2000-2026,crisis23,erank,0.04430334847418789,0.0665,0.3415929203539823,0.3893805309734513,0.0071428571428571435,False
OOS 2016-2026,crisis16,erank,0.07721588743628478,0.071,0.34265734265734266,0.4335664335664336,0.008333333333333333,False
FULL 2000-2026,crisis25,erank,0.04122675524843301,0.118,0.34321653189577717,0.38634321653189574,0.01,False
OOS 2016-2026,crisis23,erank,0.036813812047389115,0.1215,0.3771712158808933,0.44665012406947896,0.0125,False
OOS 2016-2026,crisis25,erank,0.0325656111878765,0.155,0.38341968911917096,0.45077720207253885,0.016666666666666666,False
FULL 2000-2026,crisis16,ricci,0.022741989506731407,0.388,0.334916864608076,0.33966745843230406,0.025,False
FULL 2000-2026,crisis16,erank,-0.010321042405807954,0.584,0.36342042755344417,0.33966745843230406,0.05,False
