date,Omega,AbsorptionRatio
2006-02-01,0.5077636254997384,0.7528598898752876
2006-02-06,0.5175179721339991,0.7444450637436563
2006-02-09,0.4402601786745225,0.7343430107747226
2006-02-14,0.5361673540363042,0.7383697984238267
2006-02-17,0.2731317666575728,0.7011208096844034
2006-02-23,0.4479068639481614,0.7492743234616327
2006-02-28,0.3792728846718174,0.7352650056200066
2006-03-03,0.36520189971224093,0.7370978249850839
2006-03-08,0.298480611264401,0.7307063527262125
2006-03-13,0.7594252022236492,0.791263426105544
2006-03-16,0.9567901364877623,0.7974236437974541
2006-03-21,0.8520221651107079,0.8071553045207727
2006-03-24,0.6358794304147,0.8096400156467602
2006-03-29,0.486676017189761,0.7812089110218602
2006-04-03,0.46555786163050605,0.7825205994240547
2006-04-06,0.6051991908729238,0.7995292352717146
2006-04-11,0.7795214037572417,0.7406632897397598
2006-04-17,0.7250350655740405,0.7764205373076066
2006-04-20,0.6209842527288624,0.7627077495159984
2006-04-25,0.477057954694845,0.7358251111271575
2006-04-28,0.7958668469503923,0.7906797089814621
2006-05-03,1.0825224702158913,0.8113804320496218
2006-05-08,0.841715048266268,0.7981029932833994
2006-05-11,0.7182509899853607,0.7747739820674012
2006-05-16,1.0056709474548142,0.7742162845341772
2006-05-19,1.141078843848969,0.8333907061325753
2006-05-24,1.125363885958845,0.8157328525671368
2006-05-30,0.9031427471797485,0.8306238215952726
2006-06-02,1.1336087887937882,0.8462532054229487
2006-06-07,0.8701940396799805,0.8314425241420448
2006-06-12,0.6817278600081623,0.8565468674118719
2006-06-15,1.0874674073040347,0.8521410735862971
2006-06-20,0.922026759490206,0.8671061195792116
2006-06-23,0.7202339147415935,0.8692985416759234
2006-06-28,0.6149080285864776,0.8581366200668459
2006-07-03,0.8978615761311283,0.8737533295562995
2006-07-07,0.9630262128366888,0.8671757296921854
2006-07-12,0.8736051146095045,0.8543522845133666
2006-07-17,0.5609083506363702,0.831153886647013
2006-07-20,1.723171076781691,0.8398469131820965
2006-07-25,1.382169552363544,0.8516141515581078
2006-07-28,1.0144562125719148,0.8290794030492004
2006-08-02,0.891100365249558,0.8238453537429582
2006-08-07,0.7843247964630231,0.8149117259542553
2006-08-10,0.4736953951455214,0.7892942360565673
2006-08-15,0.9691567196380854,0.8178957423451648
2006-08-18,0.6982140097881717,0.7803389722877712
2006-08-23,0.744634850604312,0.7789424378320408
2006-08-28,0.3555827847251671,0.7316558213459411
2006-08-31,0.2672763945879691,0.7345134919859714
2006-09-06,0.3502264478589742,0.7292777728090971
2006-09-11,0.2199592075659703,0.698620127672801
2006-09-14,0.17165764958102933,0.7692967245553548
2006-09-19,0.16657564997932203,0.7566062329972102
2006-09-22,0.3043692106335594,0.7735731851751385
2006-09-27,0.23275163992074402,0.7486203633671848
2006-10-02,0.23567369303764146,0.7698569423752538
2006-10-05,0.2261727064484296,0.7568439897722069
2006-10-10,0.2180333620268118,0.6383939234691358
2006-10-13,0.2264567815366992,0.6809398363897393
2006-10-18,0.13005745464339583,0.6489784291801152
2006-10-23,0.11221211618681938,0.5731582650842179
2006-10-26,0.05478851166751259,0.5673053285099299
2006-10-31,0.055241288776349616,0.6310192638984363
2006-11-03,0.062077315950687724,0.68558852276832
2006-11-08,0.22023422340429907,0.7294121278837568
2006-11-13,0.2114463811103543,0.7395626374190645
2006-11-16,0.34312719278824777,0.7450485308484388
2006-11-21,0.4018665322808581,0.7482965930046022
2006-11-27,0.6393282341530186,0.7842517704473464
2006-11-30,0.4151485316997467,0.7442675681961728
2006-12-05,0.25035389969587857,0.7111764692613414
2006-12-08,0.15835694083520369,0.7042600625987988
2006-12-13,0.1253062948051682,0.6884569485496638
2006-12-18,0.27706278580411586,0.7136448211853175
2006-12-21,0.1476091046671354,0.6847055204048392
2006-12-27,0.06571991421189546,0.652005587227071
2007-01-03,0.11064781639032159,0.644537724087071
2007-01-08,0.08167858173741636,0.6445429269529441
2007-01-11,0.08457130079852472,0.638247280444218
2007-01-17,0.07297801615985734,0.6027723132732682
2007-01-22,0.02045048579182303,0.6002500346396933
2007-01-25,0.15838408713362562,0.7174701669682835
2007-01-30,0.07063913302536877,0.6982289830783931
2007-02-02,0.17877737778537559,0.7043404015182159
2007-02-07,0.1408900593165945,0.7108005894461998
2007-02-12,0.15883010965501154,0.710060870711428
2007-02-15,0.23481593087237002,0.7295105937442349
2007-02-21,0.2968697058182591,0.7777598215924791
2007-02-26,0.3403841261584645,0.7438399166112823
2007-03-01,0.5318540762467914,0.8764603131714267
2007-03-06,1.8995888037947322,0.88585210513624
2007-03-09,1.9533874854994946,0.8880587151235658
2007-03-14,1.7681888800635175,0.881903660558229
2007-03-19,1.8711689056851573,0.8848325989098458
2007-03-22,2.117744061631307,0.9016434821317943
2007-03-27,2.5192932828044894,0.8752122189257988
2007-03-30,0.5224340643002987,0.9082436689407953
2007-04-04,0.5108703795997527,0.8980042634519589
2007-04-10,0.46096423323972613,0.9028499562243618
2007-04-13,0.8640367992193985,0.86949185163789
2007-04-18,0.6891278270110623,0.8483069469790733
2007-04-23,0.6711204067724275,0.7821251416284479
2007-04-26,0.7824733146862068,0.8020555049345913
2007-05-01,0.552228905893945,0.7765156663206585
2007-05-04,0.35309659349839057,0.7558924518448816
2007-05-09,0.2807628883859653,0.7557453728627979
2007-05-14,0.2718231498644163,0.7748746861108885
2007-05-17,0.27537777068491054,0.7825384335300504
2007-05-22,0.5537397384223844,0.7645705309309144
2007-05-25,0.46455133942734544,0.7786306346445827
2007-05-31,0.5421880571860443,0.7724121767212546
2007-06-05,0.5909485182656588,0.783336577071118
2007-06-08,0.7721693684283988,0.8149410985462909
2007-06-13,0.947477471995976,0.8365265301542697
2007-06-18,1.0440076182605422,0.8305488789935226
2007-06-21,0.98721020435482,0.83219353061457
2007-06-26,0.8788816544625091,0.8626619064357612
2007-06-29,1.154275694280198,0.8576410915068701
2007-07-05,1.2171750348170898,0.8739918676397338
2007-07-10,0.8537398074887605,0.8552964829522193
2007-07-13,0.7765591944257962,0.8598690549245555
2007-07-18,1.0196167173307893,0.8686018235017997
2007-07-23,1.6357554638477236,0.8591369555405516
2007-07-26,2.0116878564230896,0.8859276279360271
2007-07-31,1.315472171842839,0.859856291980773
2007-08-03,1.1286023785004522,0.8750731334169544
2007-08-08,0.7492903435916624,0.9018047625198039
2007-08-13,0.5691733088427089,0.8883712201357544
2007-08-16,0.6433675831261516,0.8997108000046286
2007-08-21,0.368469165334373,0.9027616203474779
2007-08-24,0.32290807944946404,0.893930974330111
2007-08-29,0.3578860887340511,0.9044346977471045
2007-09-04,0.8443485409054765,0.8815377730096614
2007-09-07,0.7792651931382687,0.8728992388647294
2007-09-12,0.9255764166434667,0.8766506678100277
2007-09-17,0.8038659274098041,0.8532998266593529
2007-09-20,0.471704578349643,0.9160594631801914
2007-09-25,0.5339774953637569,0.9081049095780768
2007-09-28,0.7739593512763482,0.887851077071083
2007-10-03,0.8755387402734757,0.877530675452983
2007-10-08,0.7845180043738111,0.8816064167024401
2007-10-11,0.7908823502005793,0.8667483450249897
2007-10-16,0.5160623571545536,0.7861756662767482
2007-10-19,0.9076245418243511,0.7947851258072425
2007-10-24,0.7424853869333572,0.7794662853650439
2007-10-29,0.8361353298100528,0.7834386666444846
2007-11-01,1.1307509769776685,0.8401549365109701
2007-11-06,0.7033089260184807,0.8081585447588978
2007-11-09,0.6348322135142964,0.8192961576798039
2007-11-14,0.7735249813127039,0.8450509519390779
2007-11-19,0.8521476929353833,0.8575937882512568
2007-11-23,0.7799429676082072,0.8673476751520716
2007-11-28,0.6473991933616802,0.8847299786195529
2007-12-03,0.5784725352419097,0.8795392794304289
2007-12-06,0.53274029792432,0.8762866321243096
2007-12-11,0.5597481986587755,0.8972187392655467
2007-12-14,0.4702632382360336,0.8628664287038994
2007-12-19,0.5807111489139984,0.8621615689954973
2007-12-24,0.5668117711793237,0.8462089675502615
2007-12-28,0.5042984853747663,0.8257526616546087
2008-01-03,0.6389363908197289,0.8265899259427478
2008-01-08,0.706534197058334,0.8503582209313946
2008-01-11,1.0292938110237722,0.8215057245954802
2008-01-16,0.7889080980165006,0.8105193383867614
2008-01-22,0.5257775701019033,0.8241436940184347
2008-01-25,0.2756383187760974,0.8698913518944015
2008-01-30,0.3394788151565069,0.8626535097780877
2008-02-04,0.372785428934051,0.8441021278939768
2008-02-07,0.31196679328253213,0.8463280796717523
2008-02-12,0.7692954359235669,0.8385090272281563
2008-02-15,1.1480649961597145,0.8323605375088251
2008-02-21,0.9853594168570725,0.7978688059839951
2008-02-26,1.1025011674703358,0.792105873231608
2008-02-29,1.3063601087560697,0.8118919231605533
2008-03-05,1.2230913342372645,0.8262469674427285
2008-03-10,1.1701970272261173,0.8397278561389928
2008-03-13,0.9243356379662121,0.8867438873730827
2008-03-18,0.9506238914419821,0.9144481793537
2008-03-24,0.6967899522456489,0.9126513819142713
2008-03-27,0.5700916610437377,0.9186807617329851
2008-04-01,0.5724159856632997,0.9200341349550857
2008-04-04,0.5677924783028839,0.9165574615314729
2008-04-09,0.6249683508283799,0.9115429056085895
2008-04-14,0.7606831281885031,0.9189998336903806
2008-04-17,0.4217359084743747,0.9070936799913706
2008-04-22,1.2698460054451606,0.885964514321679
2008-04-25,1.2283964038157067,0.895720291195527
2008-04-30,1.6506878231236506,0.8392558562313314
2008-05-05,1.7887765927335393,0.8543444552044845
2008-05-08,2.2295121141773824,0.8801264971379834
2008-05-13,1.9572664510940452,0.8285813399944316
2008-05-16,1.2416746527532747,0.8440573888647236
2008-05-21,1.3901884735815153,0.8742652450107034
2008-05-27,1.8362875218302137,0.8755601003678417
2008-05-30,1.594682922766753,0.865350302917424
2008-06-04,1.690036078049894,0.8605514469906719
2008-06-09,1.9775017548986455,0.8623198019987126
2008-06-12,0.5461555230720312,0.8688480911637438
2008-06-17,0.4734486150816023,0.8796870205996673
2008-06-20,0.5409993607392469,0.8576774924095115
2008-06-25,0.6188285269845428,0.8500081553237482
2008-06-30,0.4676703216726007,0.8586718477855548
2008-07-03,0.4558096938525475,0.8427547359792412
2008-07-09,0.6364424406059418,0.8824870531415424
2008-07-14,1.7417227525214276,0.867407617302978
2008-07-17,0.8194644793516658,0.929017622893962
2008-07-22,0.643493866223934,0.9051531830604674
2008-07-25,0.6342915794024242,0.9016475896064546
2008-07-30,0.5289450826351664,0.9085944316769022
2008-08-04,0.5643853859754144,0.9097850866189666
2008-08-07,0.6208190178573532,0.9068603301891467
2008-08-12,0.7696408187950714,0.9028986240596067
2008-08-15,0.7623784113009936,0.8957395459715165
2008-08-20,0.7305181328163739,0.9237512060289329
2008-08-25,0.949173415663063,0.9142085082510093
2008-08-28,0.8057450573949207,0.9147235647844107
2008-09-03,0.7112276204093766,0.9190099388704852
2008-09-08,0.4735250072145333,0.9293442338915568
2008-09-11,0.31124034904522707,0.9233196315144107
2008-09-16,1.6088777124170424,0.9721887353800448
2008-09-19,1.0740687469435934,0.9493576572981606
2008-09-24,1.3057287822428205,0.9453320856683715
2008-09-29,1.4636074627228213,0.9326901778422126
2008-10-02,1.328369251415751,0.9354038126042193
2008-10-07,1.4328925931514378,0.9151779965802022
2008-10-10,1.4475907992063959,0.8870590811348196
2008-10-15,1.1680164793629921,0.8278012342770216
2008-10-20,0.9973288442661106,0.8394470483016923
2008-10-23,1.1041749983933844,0.8894969961087206
2008-10-28,0.6873754464330931,0.863551779864659
2008-10-31,0.9884037389947969,0.8754999412871199
2008-11-05,1.296438627762353,0.8941755752242985
2008-11-10,1.244674502414813,0.8686314106820617
2008-11-13,1.3238205031513397,0.8632837461050571
2008-11-18,1.1704193084516172,0.8599496936896132
2008-11-21,1.12551841966176,0.8603596234447793
2008-11-26,0.9658139801787362,0.8933935945172282
2008-12-02,0.8434313874993293,0.9189974610331785
2008-12-05,1.0054679747689552,0.9119457523570017
2008-12-10,0.9181608567991267,0.9209006601564006
2008-12-15,0.9227407024307106,0.9154428981648622
2008-12-18,1.1191213815118206,0.9139524941642906
2008-12-23,0.9707697816586708,0.9049966296545424
2008-12-29,1.1222922273106761,0.9096616688013662
2009-01-02,1.9196839847922291,0.8405286369980491
2009-01-07,1.5300388655556458,0.8420964036740994
2009-01-12,0.6028447056428322,0.8115425155610682
2009-01-15,0.22070435075461356,0.7823668529155058
2009-01-21,1.8885501317312834,0.92492801451663
2009-01-26,2.164372186551251,0.9011265066554291
2009-01-29,2.0238427320954653,0.8880467745665596
2009-02-03,2.066007657971731,0.8755884574331263
2009-02-06,1.8181506472664721,0.8664581881798058
2009-02-11,1.6957633551653861,0.877478898704734
2009-02-17,1.5742182055458633,0.8878353153957309
2009-02-20,0.8588074106388259,0.8331945403116894
2009-02-25,1.851105058149285,0.8197869838086046
2009-03-02,1.2657117738145254,0.7948270649842045
2009-03-05,1.2972232281802123,0.7908940265748017
2009-03-10,1.4415794255374437,0.8123943432731707
2009-03-13,1.465726099843123,0.8097214587014954
2009-03-18,1.2745168716410462,0.8413252577600592
2009-03-23,2.003337620066624,0.8643973450992053
2009-03-26,1.8346874432365363,0.8698107470079082
2009-03-31,2.3494846342727556,0.8958118195201346
2009-04-03,2.51833067895601,0.9022374965231081
2009-04-08,2.9024466371210575,0.9209049912572757
2009-04-14,3.1094352988543505,0.914920609831813
2009-04-17,2.475920493479507,0.9054962979541207
2009-04-22,1.9416260626025583,0.9205927639022494
2009-04-27,1.5598745168972576,0.9187145663036939
2009-04-30,1.4620664209858976,0.8984526859640741
2009-05-05,1.8026373120354122,0.8965603503952958
2009-05-08,1.0787619967676116,0.8517076890655313
2009-05-13,1.0469122088302467,0.8694181872084054
2009-05-18,1.110352692667138,0.8225097031521906
2009-05-21,1.109337859162361,0.8236881151520713
2009-05-27,1.218531733950469,0.8310943941584463
2009-06-01,1.378492278252967,0.8504637755534523
2009-06-04,1.0634333750000675,0.8489549757340189
2009-06-09,0.6854244516105796,0.8620868630788248
2009-06-12,1.1771380632494512,0.7996723139115135
2009-06-17,1.013907907883059,0.7843704717942541
2009-06-22,0.7268753447477729,0.8312170432468118
2009-06-25,0.607622977313361,0.8143244349338223
2009-06-30,0.7847421911864785,0.8350108710748763
2009-07-06,1.364893548649955,0.8491859346772651
2009-07-09,1.1889789220192268,0.9075535368669504
2009-07-14,2.2957228892782924,0.9387021594748178
2009-07-17,2.2989222120469277,0.9329787729051344
2009-07-22,1.0814624529180943,0.9019619246169237
2009-07-27,0.7618566852469888,0.8777263138182936
2009-07-30,0.6038987831486295,0.8188642340932561
2009-08-04,0.48109545591005576,0.7970698232573569
2009-08-07,0.5388713031805951,0.8183586583787904
2009-08-12,0.2886366848548597,0.84323996117491
2009-08-17,0.6506230163727154,0.8396170814244585
2009-08-20,1.0637741021937852,0.8649209656988248
2009-08-25,1.3015703488176036,0.8983903672478186
2009-08-28,1.4400464811450717,0.9171440391832423
2009-09-02,1.1514750543824657,0.9035864002982228
2009-09-08,1.210691987533495,0.9332276758339512
2009-09-11,1.0978189255147837,0.9244933702075003
2009-09-16,0.8796151477952652,0.8986504459783692
2009-09-21,0.6877916966091441,0.8763051940377152
2009-09-24,0.8102935478402219,0.8794266271397041
2009-09-29,1.0240349663017725,0.8451561557732976
2009-10-02,0.6569891616969648,0.7728455899773976
2009-10-07,0.8199855889394927,0.7714502667148125
2009-10-12,0.7454700236133943,0.7646634960071083
2009-10-15,0.844853093300724,0.8232196510383456
2009-10-20,1.4797372182167041,0.8045061036738024
2009-10-23,0.8585621294544518,0.7490196707950099
2009-10-28,1.3189560833235638,0.7841112460949753
2009-11-02,1.2256232698784495,0.7947652116216238
2009-11-05,1.40927798409689,0.8343723186761808
2009-11-10,1.5658802020632359,0.8443883958023749
2009-11-13,1.2716962977069068,0.8372161364623799
2009-11-18,1.769645645932451,0.8538055648883077
2009-11-23,2.580210359609222,0.8929932481118429
2009-11-27,1.4904667280898172,0.8710677166818561
2009-12-02,1.0370398021436378,0.8818759797788205
2009-12-07,1.2666535355684485,0.8418557255964938
2009-12-10,0.9005038719764896,0.7952221381161988
2009-12-15,0.7477734841539485,0.7534139371003075
2009-12-18,0.6257387093646508,0.7239336886784419
2009-12-23,0.6142688582584698,0.7510817451482419
2009-12-29,0.30226124478972,0.6657665925913614
2010-01-04,0.3117923702996827,0.7000980964223985
2010-01-07,0.3740630989630409,0.719292928908664
2010-01-12,0.5875314537428209,0.7563394616085425
2010-01-15,0.7895641237786512,0.800649874504706
2010-01-21,0.5641188234750674,0.7937044366474465
2010-01-26,1.2354926239287232,0.76682035024031
2010-01-29,1.086823932658557,0.7839262977095716
2010-02-03,0.7974305091286731,0.7497171263244525
2010-02-08,0.757517714328247,0.7940056894618654
2010-02-11,1.0391855708424929,0.7819339803313986
2010-02-17,0.9211356487755149,0.7979990370757545
2010-02-22,1.195828710476848,0.853475091433539
2010-02-25,1.329355898105629,0.8682345604997511
2010-03-02,1.7964686063369197,0.8977895508312197
2010-03-05,0.9223565196186905,0.8754637855735053
2010-03-10,0.41646560270560506,0.8590273910507918
2010-03-15,0.3378202592900935,0.8176176866068385
2010-03-18,0.34609652055812573,0.8256506704425461
2010-03-23,0.1005813711542926,0.811470684392392
2010-03-26,0.058834073662540974,0.7783025964266809
2010-03-31,0.124694480502242,0.7743761394264143
2010-04-06,0.08754161540871053,0.7846034890388123
2010-04-09,0.05759488419626334,0.7289275961044861
2010-04-14,0.18737676708230433,0.750178014410273
2010-04-19,0.6654941214464042,0.7983212533418743
2010-04-22,0.6157265616646771,0.7594888125021242
2010-04-27,1.208674939055443,0.8325069357035159
2010-04-30,1.6774199614273335,0.8380410299333182
2010-05-05,1.9750920808117085,0.8373971867115992
2010-05-10,2.092367075523398,0.8290285560237478
2010-05-13,1.8679516180454476,0.8237536127808139
2010-05-18,1.854977394302965,0.8263793137937555
2010-05-21,2.245668664611648,0.8575108779676002
2010-05-26,1.4124825269245627,0.8361855641459403
2010-06-01,1.3178618801457598,0.8753995225359593
2010-06-04,1.3654434417797368,0.8800238723240225
2010-06-09,1.2138588190135773,0.8698987712567076
2010-06-14,1.794476149266016,0.8585148216090454
2010-06-17,1.9662628948406684,0.8717359123602433
2010-06-22,2.2423592711068143,0.8414289981286412
2010-06-25,2.396151693171657,0.8431944174810689
2010-06-30,2.2698536810627123,0.8335050384595573
2010-07-06,2.1068776329785432,0.8087193730244286
2010-07-09,1.5292001773578243,0.8806258129956204
2010-07-14,0.6850343870421067,0.8946033139803413
2010-07-19,2.1452816717262615,0.8858077962901438
2010-07-22,2.1601581093062867,0.8605668850676068
2010-07-27,2.318879406226882,0.852915468518289
2010-07-30,2.156163486782103,0.8238922264278924
2010-08-04,1.6284551783528092,0.8159706697097546
2010-08-09,1.5132915711120032,0.8078516435084123
2010-08-12,1.8737066643320637,0.808087232175597
2010-08-17,1.1222409756109886,0.7669963724537793
2010-08-20,0.81666232287017,0.8056089194511502
2010-08-25,0.5717920271421599,0.7971459031829847
2010-08-30,0.9701760009401862,0.8066882049259534
2010-09-02,0.8778103080569304,0.8805108022982795
2010-09-08,1.325547968920197,0.9103904755275787
2010-09-13,1.370063284973962,0.9048988283984044
2010-09-16,1.3249683964131587,0.9021516918931516
2010-09-21,1.1792877272318927,0.8847983923159566
2010-09-24,0.9338705282412926,0.8804312592844329
2010-09-29,0.3894365533137968,0.8552224723652537
2010-10-04,0.9361824086000496,0.8130904301612889
2010-10-07,1.1192141250996148,0.799415333455856
2010-10-12,0.9530989705468466,0.7825540505376826
2010-10-15,0.8821672117449814,0.8089840965067588
2010-10-20,1.1771438781365253,0.8111290766061342
2010-10-25,0.815190179429014,0.7785320028916032
2010-10-28,0.7238399040110557,0.7808454347810845
2010-11-02,0.5448717301923905,0.7542099697468921
2010-11-05,0.8621130000106242,0.8078414905149568
2010-11-10,0.7979181772105067,0.8114867488076667
2010-11-15,0.7177583692473045,0.7851392164978379
2010-11-18,0.6367070618985301,0.8517762711333198
2010-11-23,0.6040318422553034,0.8861115281732888
2010-11-29,0.43832425921629287,0.8997186854178182
2010-12-02,0.28684952433792404,0.9142764562275977
2010-12-07,0.23718780475739396,0.8751539135594956
2010-12-10,2.03438417456958,0.8683736699986349
2010-12-15,2.0012744641645104,0.8579156489873636
2010-12-20,1.866816212939199,0.8497964115293881
2010-12-23,1.5558573170385703,0.8410260955949931
2010-12-29,1.2074898186679945,0.8416296816542214
2011-01-03,0.9900746801670565,0.8291147476514654
2011-01-06,0.8918650555872967,0.8505861809219387
2011-01-11,1.1841288578252729,0.8490202258596523
2011-01-14,1.23751963039999,0.8561025890609255
2011-01-20,1.2273922896813225,0.8211074194804094
2011-01-25,0.8930064306838195,0.7682860184774873
2011-01-28,0.8889383913045549,0.7671770294808592
2011-02-02,0.9841252195875301,0.7703841940578179
2011-02-07,1.0390831839820356,0.7707458793912738
2011-02-10,0.8926831025567376,0.7478168756469304
2011-02-15,0.6332094215997561,0.7664274360281234
2011-02-18,0.2891516604618984,0.7472616409145975
2011-02-24,0.6909988019312316,0.8270937791583503
2011-03-01,1.806563824360458,0.8458191737545266
2011-03-04,1.8926369851237415,0.8395252996073029
2011-03-09,2.337798271414999,0.8628759532575154
2011-03-14,2.5728685733532557,0.8812630960219916
2011-03-17,2.772520354961748,0.8722058706818673
2011-03-22,1.6489336666500551,0.8424581321666041
2011-03-25,1.880119567613132,0.8278725351778244
2011-03-30,1.7037142815029949,0.8092783031493028
2011-04-04,1.439244544548471,0.7965826836876608
2011-04-07,0.8117689928453091,0.7479623393311382
2011-04-12,0.7115706602217665,0.7890646402949145
2011-04-15,0.36157824740431327,0.7146673771543742
2011-04-20,0.2756178013089276,0.6340754995235592
2011-04-26,0.19311905639244478,0.5893122364570332
2011-04-29,0.14299445368221217,0.5682366473492849
2011-05-04,0.186247830868902,0.5621433536524459
2011-05-09,0.09269974504785568,0.5334012151513379
2011-05-12,0.08935137060404211,0.5447592286921289
2011-05-17,0.14386064650412492,0.5805998235418314
2011-05-20,0.3883299992342514,0.6806766500334296
2011-05-25,0.517702500505811,0.7206825640746805
2011-05-31,0.8603215249693075,0.7743144544178264
2011-06-03,1.675788236731341,0.8424898667640539
2011-06-08,1.4754924338001152,0.8232529015625678
2011-06-13,1.8380921350179118,0.8217592552155154
2011-06-16,1.5869627990438133,0.8100082945218332
2011-06-21,2.010876487123871,0.8096894337205532
2011-06-24,1.668951295645076,0.812247262301357
2011-06-29,1.2237190992372324,0.7974874470372264
2011-07-05,1.2363168226298076,0.7879831839656884
2011-07-08,1.251413119339231,0.8111806610330301
2011-07-13,1.1728003121834567,0.8569967074403942
2011-07-18,1.3318364187523382,0.8667280371500369
2011-07-21,1.0166387224405995,0.8375781065271911
2011-07-26,0.9438905541187611,0.8411602794656529
2011-07-29,0.9804541741941488,0.8427393955365153
2011-08-03,0.6735333371069582,0.8472114132181332
2011-08-08,0.2278904903991784,0.9402810792972683
2011-08-11,0.6614340667990507,0.9477278552090055
2011-08-16,0.6894795390805658,0.953324361165948
2011-08-19,0.6150924099262115,0.946920382880077
2011-08-24,0.6135496793292405,0.9370813079662532
2011-08-29,0.607860570710898,0.9371876352881564
2011-09-01,0.6311460558658057,0.9350351423180886
2011-09-07,0.9929342119466312,0.9276422758408345
2011-09-12,0.5443653263794727,0.9411880447562472
2011-09-15,0.764193381935053,0.9307327774436082
2011-09-20,0.8287089320701999,0.9136553758692331
2011-09-23,0.5673166665780037,0.9399551155300622
2011-09-28,0.41602979165347337,0.9470532311358596
2011-10-03,0.30427787951450436,0.9460189280456182
2011-10-06,0.29708538047751654,0.9397956465097791
2011-10-11,0.28982222294714804,0.9438025970378213
2011-10-14,0.21742456320694487,0.9452949575396655
2011-10-19,0.16534282020602398,0.9372791289504225
2011-10-24,0.34143519773523723,0.9214158655244428
2011-10-27,0.25929164576348745,0.9273855295589074
2011-11-01,0.3218713459930492,0.9350809239357052
2011-11-04,0.34473504635509683,0.9305507288200405
2011-11-09,0.30785548694679915,0.9359947196111269
2011-11-14,0.391927123715012,0.9391752975089136
2011-11-17,0.29460011312759454,0.9388774002581468
2011-11-22,0.2739944175592877,0.9436485584957699
2011-11-28,0.27947816096105943,0.9397114138968146
2011-12-01,0.3792826468691885,0.93786482102063
2011-12-06,0.19079577339083256,0.9419746092302723
2011-12-09,0.17785251305889138,0.9449481976130016
2011-12-14,0.20400909198346795,0.9455812058522671
2011-12-19,0.22169336442494575,0.9363512226381226
2011-12-22,0.21832672888592494,0.9343568720516919
2011-12-28,0.19106391025031166,0.9421345756510645
