date,Omega
2006-02-01,0.10702442362104127
2006-02-06,0.10484928966612242
2006-02-09,0.13075534577406223
2006-02-14,0.1796549402662157
2006-02-17,0.039379600635917056
2006-02-23,0.0418616748850352
2006-02-28,0.11337906017151382
2006-03-03,0.07696131628598192
2006-03-08,0.062285027840526884
2006-03-13,0.03139748295706107
2006-03-16,0.009445094143169491
2006-03-21,0.010076809991069432
2006-03-24,0.02826424092971442
2006-03-29,0.04221100016086202
2006-04-03,0.04964336255829537
2006-04-06,0.013201877074797865
2006-04-11,0.008874041619264465
2006-04-17,0.009467327767666685
2006-04-20,0.02445074645675798
2006-04-25,0.02072463851741684
2006-04-28,0.018370702148872035
2006-05-03,0.03155596603837519
2006-05-08,0.08143472719887043
2006-05-11,0.07445121553670793
2006-05-16,0.022737939095064295
2006-05-19,0.08124199981958366
2006-05-24,0.08327195638311098
2006-05-30,0.4562722612986351
2006-06-02,0.4116057970091911
2006-06-07,0.35080910405484167
2006-06-12,0.25962457688782653
2006-06-15,0.09645467193873215
2006-06-20,0.08430061997881877
2006-06-23,0.14260748769069426
2006-06-28,0.18974901269614539
2006-07-03,0.23727909439738604
2006-07-07,0.19986233794337357
2006-07-12,0.2959384557854775
2006-07-17,0.44718667580274285
2006-07-20,0.3722479964909346
2006-07-25,0.4378778627009795
2006-07-28,0.2510952178427585
2006-08-02,0.24751699050981593
2006-08-07,0.1733545291851879
2006-08-10,0.04767477459509347
2006-08-15,0.06129387619303037
2006-08-18,0.034066784426075886
2006-08-23,0.09706287134409752
2006-08-28,0.05276861489184557
2006-08-31,0.04652119651784828
2006-09-06,0.04554110702353739
2006-09-11,0.040813596334126366
2006-09-14,0.03949077565225314
2006-09-19,0.02802702237041828
2006-09-22,0.04507991761452189
2006-09-27,0.07340646340776269
2006-10-02,0.07241826078882346
2006-10-05,0.07122319637525026
2006-10-10,0.07697361254353613
2006-10-13,0.06075098786823216
2006-10-18,0.034421351009698745
2006-10-23,0.03714097835891764
2006-10-26,0.037824713172910036
2006-10-31,0.03452382569228744
2006-11-03,0.046062328726622
2006-11-08,0.049645716825182915
2006-11-13,0.0637158456296815
2006-11-16,0.1028684920674647
2006-11-21,0.05720519911230675
2006-11-27,0.09466646930144404
2006-11-30,0.090095285859201
2006-12-05,0.047193220369941294
2006-12-08,0.0162395565106968
2006-12-13,0.004545133622037301
2006-12-18,0.01162346211053405
2006-12-21,0.01818064685499663
2006-12-27,0.014185831952473252
2007-01-03,0.009714835297030416
2007-01-08,0.03223652242259298
2007-01-11,0.07815066985837846
2007-01-17,0.04033014288438891
2007-01-22,0.036353613354035176
2007-01-25,0.0463843477421451
2007-01-30,0.027540116896621784
2007-02-02,0.007007718557991672
2007-02-07,0.002482908940084387
2007-02-12,0.0022251820738351884
2007-02-15,0.005190784093177198
2007-02-21,0.023587774916512316
2007-02-26,0.009156654228660757
2007-03-01,0.5079242490314104
2007-03-06,0.5762020922068085
2007-03-09,0.4283518763379357
2007-03-14,0.27806607050807525
2007-03-19,0.20890627522185656
2007-03-22,0.18004909673583866
2007-03-27,0.2521931331634946
2007-03-30,0.29784452493527497
2007-04-04,0.22531871564014683
2007-04-10,0.19540053602552174
2007-04-13,0.14617930806901036
2007-04-18,0.05875932790513284
2007-04-23,0.050239303851535085
2007-04-26,0.016066481046763954
2007-05-01,0.01470231791817417
2007-05-04,0.009366604715966158
2007-05-09,0.009621459704436335
2007-05-14,0.0186866759187826
2007-05-17,0.07573527926224584
2007-05-22,0.04243668333583734
2007-05-25,0.0713765133669444
2007-05-31,0.08667923257953228
2007-06-05,0.09571619494934624
2007-06-08,0.10932354553335524
2007-06-13,0.1823416850779118
2007-06-18,0.26635966813761214
2007-06-21,0.2334875147330656
2007-06-26,0.2592724309450712
2007-06-29,0.254256915831211
2007-07-05,0.2705173937394822
2007-07-10,0.31561380287984003
2007-07-13,0.5145352986011371
2007-07-18,0.44653095928394626
2007-07-23,0.2168507287670103
2007-07-26,0.40801322762489556
2007-07-31,0.32485674583156254
2007-08-03,0.4128534729904836
2007-08-08,0.5762533355286116
2007-08-13,0.5907365587232101
2007-08-16,0.5152148699476279
2007-08-21,0.46675408794892803
2007-08-24,0.4289988479891954
2007-08-29,0.48954833238429313
2007-09-04,0.46840655407143805
2007-09-07,0.41920944793218706
2007-09-12,0.295436740902152
2007-09-17,0.3481299320481223
2007-09-20,0.5200485923755662
2007-09-25,0.6684342795611085
2007-09-28,0.6123057226954471
2007-10-03,0.48566387151242973
2007-10-08,0.3856793461415008
2007-10-11,0.44453518848970924
2007-10-16,0.04020389291399661
2007-10-19,0.14187329938879517
2007-10-24,0.13970664813827038
2007-10-29,0.06429506478355217
2007-11-01,0.25862104868223085
2007-11-06,0.1600565130101788
2007-11-09,0.3300823360417532
2007-11-14,0.48495239227246834
2007-11-19,0.4684196280886722
2007-11-23,0.49285940605370415
2007-11-28,0.8051828446100373
2007-12-03,0.6006283273185046
2007-12-06,0.48832245041878813
2007-12-11,0.4789168092039668
2007-12-14,0.44012873021398274
2007-12-19,0.5642412033930447
2007-12-24,0.3152784922919565
2007-12-28,0.29460560776254
2008-01-03,0.5504323341638261
2008-01-08,0.4440956919823489
2008-01-11,0.44297394226021747
2008-01-16,0.5432148804341198
2008-01-22,0.1098373341877613
2008-01-25,0.07146475092063646
2008-01-30,0.09304709682994582
2008-02-04,0.09795519248388913
2008-02-07,0.1848794267184854
2008-02-12,0.12417831857675701
2008-02-15,0.12218957955877004
2008-02-21,0.3280880024278864
2008-02-26,0.26604252353995755
2008-02-29,0.3324355545266068
2008-03-05,0.17195350491029962
2008-03-10,0.2525178667277996
2008-03-13,0.6356235204398165
2008-03-18,0.7111630874715618
2008-03-24,0.28327744234426055
2008-03-27,0.29248559480077596
2008-04-01,0.30912491869517694
2008-04-04,0.34304899203040784
2008-04-09,0.3582627425665529
2008-04-14,0.1540813190086094
2008-04-17,0.21563561177478635
2008-04-22,0.24234667100511675
2008-04-25,0.13625775650520833
2008-04-30,0.02860097989065493
2008-05-05,0.03305451929270157
2008-05-08,0.038998573997253975
2008-05-13,0.04458838750872535
2008-05-16,0.027536512707994346
2008-05-21,0.1588317875508001
2008-05-27,0.3459897672194734
2008-05-30,0.19113403604451093
2008-06-04,0.3263323283692236
2008-06-09,0.5037652801263514
2008-06-12,0.4049547810359539
2008-06-17,0.47356541029049337
2008-06-20,0.36074538899241565
2008-06-25,0.38523703192853004
2008-06-30,0.5618431670634431
2008-07-03,0.42141431938187673
2008-07-09,0.5303494214486418
2008-07-14,0.5303024664790176
2008-07-17,0.33052860497832026
2008-07-22,0.2946227411621809
2008-07-25,0.08939721589665688
2008-07-30,0.2039932098404438
2008-08-04,0.21688382647154386
2008-08-07,0.2236650908813031
2008-08-12,0.3491447314970335
2008-08-15,0.47792052504782073
2008-08-20,0.6480454744625811
2008-08-25,0.7768116220393386
2008-08-28,0.7098849042626937
2008-09-03,0.4670193433925431
2008-09-08,0.6589449828437177
2008-09-11,0.7570263456494188
2008-09-16,0.7262508246565255
2008-09-19,0.6371150313959486
2008-09-24,0.5930292207645734
2008-09-29,0.4199430472228986
2008-10-02,0.3568848563971781
2008-10-07,0.3199046294131104
2008-10-10,0.3624083829350219
2008-10-15,0.9031553340440219
2008-10-20,0.9172434677115593
2008-10-23,0.7207483601513727
2008-10-28,0.6003582738155967
2008-10-31,0.5990039538811656
2008-11-05,0.6198907340849635
2008-11-10,0.9930018749182491
2008-11-13,0.7506467596919656
2008-11-18,0.6647413975105946
2008-11-21,0.6657973613856045
2008-11-26,0.7163075083736201
2008-12-02,0.4693058314256495
2008-12-05,0.44586162214089436
2008-12-10,0.3836422006470384
2008-12-15,0.39065679529800584
2008-12-18,0.6141281664404573
2008-12-23,0.4883051343063905
2008-12-29,0.653454707485594
2009-01-02,0.3410931370067804
2009-01-07,0.3306800627268731
2009-01-12,0.2902600806115541
2009-01-15,0.0815388678561464
2009-01-21,0.1851798038123966
2009-01-26,0.17971950945644774
2009-01-29,0.1846527807667714
2009-02-03,0.12440791297498338
2009-02-06,0.20654393089281764
2009-02-11,0.18887532771953133
2009-02-17,0.28298476537266126
2009-02-20,0.30224318156607727
2009-02-25,0.5241580877006816
2009-03-02,0.3592261981883508
2009-03-05,0.6063109835453324
2009-03-10,0.5544938645523635
2009-03-13,0.5495921280761232
2009-03-18,0.3350705605316761
2009-03-23,0.46282702491257827
2009-03-26,0.4872601493942256
2009-03-31,0.5758292578771599
2009-04-03,0.9773826284376299
2009-04-08,1.608847756127319
2009-04-14,0.8940922187960041
2009-04-17,0.8078220224919486
2009-04-22,0.49098112311224085
2009-04-27,0.4465254353113197
2009-04-30,0.1551844130287058
2009-05-05,0.17785539858237484
2009-05-08,0.0855696230694442
2009-05-13,0.0821340075661849
2009-05-18,0.050935605086688616
2009-05-21,0.06115729454944582
2009-05-27,0.24080895585962253
2009-06-01,0.2889379189870101
2009-06-04,0.3078755749758977
2009-06-09,0.28276958655545814
2009-06-12,0.3480580218806589
2009-06-17,0.2979166793981522
2009-06-22,0.3013528975548298
2009-06-25,0.1239007966547452
2009-06-30,0.12977930026646517
2009-07-06,0.26467667083005264
2009-07-09,0.28889222473713605
2009-07-14,0.23680812774910123
2009-07-17,0.3504924728818402
2009-07-22,0.17492592792733655
2009-07-27,0.17666415884454909
2009-07-30,0.10485720317741543
2009-08-04,0.028470846276702894
2009-08-07,0.02765254527864041
2009-08-12,0.012723226677026264
2009-08-17,0.07582543562923658
2009-08-20,0.08976534663709934
2009-08-25,0.11078142859327228
2009-08-28,0.14547423044469548
2009-09-02,0.1934332808883765
2009-09-08,0.40541432751815404
2009-09-11,0.26247121089792813
2009-09-16,0.08335821368888498
2009-09-21,0.03741229578193256
2009-09-24,0.07969957968784827
2009-09-29,0.11582382622101542
2009-10-02,0.16284127169955231
2009-10-07,0.2413817427589848
2009-10-12,0.15441967602796927
2009-10-15,0.16791796299193043
2009-10-20,0.14146248563286348
2009-10-23,0.0941469606629723
2009-10-28,0.08491174871158287
2009-11-02,0.18931729679005477
2009-11-05,0.2620023363923827
2009-11-10,0.30087298104937366
2009-11-13,0.36884148561806046
2009-11-18,0.5015693968992215
2009-11-23,0.6246808729365886
2009-11-27,0.5227070562013767
2009-12-02,0.37535006487264033
2009-12-07,0.38418167010210463
2009-12-10,0.1467884262632483
2009-12-15,0.054623130607692104
2009-12-18,0.07032286352266562
2009-12-23,0.051599010229608375
2009-12-29,0.029474335138470392
2010-01-04,0.07059196194498926
2010-01-07,0.045142876731914604
2010-01-12,0.018981316336538552
2010-01-15,0.04948607082321827
2010-01-21,0.15415013739413455
2010-01-26,0.1094216995161427
2010-01-29,0.06367181984960456
2010-02-03,0.05476217456046948
2010-02-08,0.23489431469549488
2010-02-11,0.3358737837021333
2010-02-17,0.5412467882910496
2010-02-22,0.4790022420278262
2010-02-25,0.4732070825091736
2010-03-02,0.4505586507254163
2010-03-05,0.3034927818740276
2010-03-10,0.2552370557317776
2010-03-15,0.12499471779845535
2010-03-18,0.05243512277796885
2010-03-23,0.015326485843928294
2010-03-26,0.024467299716854917
2010-03-31,0.009221273898744498
2010-04-06,0.014504062754744926
2010-04-09,0.011825424760409238
2010-04-14,0.011907269559097136
2010-04-19,0.012453504266383773
2010-04-22,0.008731475834783125
2010-04-27,0.010852687019185422
2010-04-30,0.034943410833116424
2010-05-05,0.1593034193181366
2010-05-10,0.6627575890616009
2010-05-13,0.7750248315452863
2010-05-18,1.2991031995418971
2010-05-21,1.5014361882139646
2010-05-26,1.2410922993269948
2010-06-01,0.9344219289794455
2010-06-04,0.7541413413347378
2010-06-09,0.693727798246017
2010-06-14,0.8128896249332669
2010-06-17,0.6981139697715021
2010-06-22,0.9450834660002413
2010-06-25,0.6663308535556396
2010-06-30,0.40832393893776026
2010-07-06,0.2510881653540583
2010-07-09,0.28636969390940525
2010-07-14,0.22584062475867456
2010-07-19,0.2990374982271956
2010-07-22,0.4559651377501385
2010-07-27,0.7351453771606126
2010-07-30,0.5802896066788998
2010-08-04,0.41094829103504366
2010-08-09,0.42448924736682236
2010-08-12,0.6665963261620932
2010-08-17,0.4237675821964243
2010-08-20,0.5870530558229522
2010-08-25,0.5464462073152904
2010-08-30,0.5257269537050248
2010-09-02,0.641963519036172
2010-09-08,0.5971116147312506
2010-09-13,0.4686571808485682
2010-09-16,0.6787243581465109
2010-09-21,0.4212526191429232
2010-09-24,0.44011360256032095
2010-09-29,0.4605455208564078
2010-10-04,0.26561460515693064
2010-10-07,0.29299804869627544
2010-10-12,0.3703031099842794
2010-10-15,0.48118916223508906
2010-10-20,0.36987909442315
2010-10-25,0.24660227097702925
2010-10-28,0.09356607886960343
2010-11-02,0.04107728511463039
2010-11-05,0.08006382477484106
2010-11-10,0.08855486126807968
2010-11-15,0.14634551748492242
2010-11-18,0.34998431855159473
2010-11-23,0.49966597124123474
2010-11-29,0.6599456107118042
2010-12-02,0.8849432907500392
2010-12-07,0.5660866730544801
2010-12-10,0.5979171002139408
2010-12-15,0.2666474017866934
2010-12-20,0.177358825965928
2010-12-23,0.05712567747416084
2010-12-29,0.045845162678845856
2011-01-03,0.023526565149926307
2011-01-06,0.02856636483379445
2011-01-11,0.00912057990464668
2011-01-14,0.012593188343386559
2011-01-20,0.011848348515476817
2011-01-25,0.00806028579837294
2011-01-28,0.014080968449437951
2011-02-02,0.01087945961625765
2011-02-07,0.01032925291914427
2011-02-10,0.004853071621173121
2011-02-15,0.0030741729024049893
2011-02-18,0.004495529600224078
2011-02-24,0.1231940549676923
2011-03-01,0.11915086682496803
2011-03-04,0.10719589001054092
2011-03-09,0.11672210427493436
2011-03-14,0.19150271834547034
2011-03-17,0.4545751893501292
2011-03-22,0.40255564105340164
2011-03-25,0.5575942562361926
2011-03-30,0.7818772737526144
2011-04-04,0.6742108925844278
2011-04-07,0.5331257284763319
2011-04-12,0.4857046242862321
2011-04-15,0.03213232605250796
2011-04-20,0.03267000579260247
2011-04-26,0.05241613060772957
2011-04-29,0.07740458966504035
2011-05-04,0.08656058249724717
2011-05-09,0.13970919028289025
2011-05-12,0.18346777048099489
2011-05-17,0.130647972480132
2011-05-20,0.2065003657797103
2011-05-25,0.11979243896178356
2011-05-31,0.18727419728136557
2011-06-03,0.31218816276194183
2011-06-08,0.26796493604500055
2011-06-13,0.33721836681038725
2011-06-16,0.49522011881674355
2011-06-21,0.4468556663428565
2011-06-24,0.7628726396390433
2011-06-29,0.7516643450260203
2011-07-05,0.8768704458179625
2011-07-08,0.9233744543413626
2011-07-13,0.7938217381509015
2011-07-18,0.6464149960888784
2011-07-21,0.4535925583525189
2011-07-26,0.18594826673279016
2011-07-29,0.3575973818021414
2011-08-03,0.3715763299372605
2011-08-08,0.6508352950235186
2011-08-11,0.46631009108660604
2011-08-16,0.3925287738538625
2011-08-19,0.7183306949173581
2011-08-24,0.7825898609405298
2011-08-29,0.8341631050719289
2011-09-01,0.8709622427688573
2011-09-07,1.5129552853800792
2011-09-12,1.8037438038013793
2011-09-15,0.8813948102267807
2011-09-20,0.9736676235359292
2011-09-23,1.4254848001156164
2011-09-28,2.0083034774323325
2011-10-03,1.924346880212825
2011-10-06,1.6231996844343244
2011-10-11,1.5738836537104481
2011-10-14,1.561681954905339
2011-10-19,1.0683474708083025
2011-10-24,0.7078646364827494
2011-10-27,0.5937085334992978
2011-11-01,0.7394505579774074
2011-11-04,0.915979491075574
2011-11-09,0.8292393514597778
2011-11-14,1.0037583978710338
2011-11-17,1.3704826469990627
2011-11-22,1.7869490288497396
2011-11-28,1.7869407601636984
2011-12-01,1.6559928764739311
2011-12-06,1.2048007458079253
2011-12-09,1.2534924372470686
2011-12-14,0.8961534451376689
2011-12-19,1.175639272790811
2011-12-22,0.9662136703197635
2011-12-28,1.0289411446310803
2012-01-03,0.7333750921126485
2012-01-06,0.8998273587021784
2012-01-11,0.6151642824216375
2012-01-17,0.6555036007683412
2012-01-20,0.20908828979906102
2012-01-25,0.13300255873152556
2012-01-30,0.0368695782649168
2012-02-02,0.0047032163459071715
2012-02-07,0.0053016437019884595
2012-02-10,0.022470091758089148
2012-02-15,0.04412813071102496
2012-02-21,0.08882821577122285
2012-02-24,0.1257620995233291
2012-02-29,0.10653229875131782
2012-03-05,0.046058966071998025
2012-03-08,0.19420458071697327
2012-03-13,0.1681550092506589
2012-03-16,0.1027620490640906
2012-03-21,0.16515816247315962
2012-03-26,0.24205138803871654
2012-03-29,0.271008566952822
2012-04-03,0.13590748435082212
2012-04-09,0.3847579031629123
2012-04-12,0.35412161707466727
2012-04-17,0.8579654929136872
2012-04-20,0.6428441831039765
2012-04-25,0.5185109306635032
2012-04-30,0.6010636246661879
2012-05-03,0.5600921039949044
2012-05-08,0.35368759780601283
2012-05-11,0.23357591493391097
2012-05-16,0.17206528258352594
2012-05-21,0.1823845800817513
2012-05-24,0.09249115270286434
2012-05-30,0.08428003597584295
2012-06-04,0.09331778803030116
2012-06-07,0.21114765653183462
2012-06-12,0.27875707396979293
2012-06-15,0.4573826334656089
2012-06-20,0.42636567506786693
2012-06-25,0.5750493279682555
2012-06-28,0.6362919447144514
2012-07-03,0.5552703021473516
2012-07-09,0.49185867660764415
2012-07-12,0.5448625045645946
2012-07-17,0.5373170641420832
2012-07-20,0.25041194744257683
2012-07-25,0.23062626322096924
2012-07-30,0.20025529690637836
2012-08-02,0.30200281551951125
2012-08-07,0.36196282831746673
2012-08-10,0.24619171355774191
2012-08-15,0.31771728022324525
2012-08-20,0.3432048791650277
2012-08-23,0.26505474457673334
2012-08-28,0.2311587108527198
2012-08-31,0.07541818091050857
2012-09-06,0.286837679190447
2012-09-11,0.2295612027214082
2012-09-14,0.25922210463378886
2012-09-19,0.23031110811740108
2012-09-24,0.16942756376565463
2012-09-27,0.17323548608247688
2012-10-02,0.17753512014629383
2012-10-05,0.09685095828494338
2012-10-10,0.08298565813493201
2012-10-15,0.055414113828958673
2012-10-18,0.0735685631459232
2012-10-23,0.45246643326302055
2012-10-26,0.38996458639568743
2012-11-02,0.37770454213841564
2012-11-07,0.482909495215158
2012-11-12,0.5700382952432232
2012-11-15,0.4691662218034259
2012-11-20,0.7433660828652143
2012-11-26,0.7166422790023484
2012-11-29,0.8104718307122876
2012-12-04,0.6827411810231764
2012-12-07,0.4044927287952618
2012-12-12,0.37475307938974134
2012-12-17,0.43232231523666187
2012-12-20,0.28328172539728935
2012-12-26,0.273181969816475
2012-12-31,0.6999490708749515
2013-01-04,1.0348738619639608
2013-01-09,0.8180265029230156
2013-01-14,0.7104903619157715
2013-01-17,0.7710634115212759
2013-01-23,0.3996017505804503
2013-01-28,0.2870073857098696
2013-01-31,0.034695379400663154
2013-02-05,0.04920241420772247
2013-02-08,0.04695223799255587
2013-02-13,0.06741709707126714
2013-02-19,0.07904149882635443
2013-02-22,0.08661376569320228
2013-02-27,0.20437419778985838
2013-03-04,0.14153646172683518
2013-03-07,0.10385537641530396
2013-03-12,0.09488054308753537
2013-03-15,0.25303849045091575
2013-03-20,0.19501910164861988
2013-03-25,0.10828847600275783
2013-03-28,0.035814224610807056
2013-04-03,0.08668003405028424
2013-04-08,0.05957862987392812
2013-04-11,0.06669123107585614
2013-04-16,0.1680925869925875
2013-04-19,0.12150662207930366
2013-04-24,0.0949892637837364
2013-04-29,0.050035745570465
2013-05-02,0.045389292180261324
2013-05-07,0.03496226747278268
2013-05-10,0.027269267553159674
2013-05-15,0.026726342260227923
2013-05-20,0.021834871891281766
2013-05-23,0.04453271795147462
2013-05-29,0.09109409779147395
2013-06-03,0.15015172929131
2013-06-06,0.14517328249771616
2013-06-11,0.3332771474300132
2013-06-14,0.40433818843134245
2013-06-19,0.7092313026019477
2013-06-24,0.7783864258724142
2013-06-27,0.9023686893248837
2013-07-02,0.9368214967156182
2013-07-08,0.8096226190418658
2013-07-11,0.714677736585689
2013-07-16,0.7182261108416437
2013-07-19,0.049424660377681943
2013-07-24,0.1334350509928962
2013-07-29,0.07125279085700097
2013-08-01,0.08178259243829372
2013-08-06,0.05592573672308953
2013-08-09,0.03626621413413623
2013-08-14,0.049013635182449465
2013-08-19,0.04093504637719278
2013-08-22,0.033960062634842955
2013-08-27,0.04755559201933786
2013-08-30,0.03259363086831093
2013-09-05,0.08318597043892795
2013-09-10,0.12010777565925887
2013-09-13,0.079114951536533
2013-09-18,0.13378464224335893
2013-09-23,0.13712074673116603
2013-09-26,0.14104314134931814
2013-10-01,0.19043032348456576
2013-10-04,0.15987056686367881
2013-10-09,0.10166978142223243
2013-10-14,0.31233780276718054
2013-10-17,0.3303534347927119
2013-10-22,0.3245446269470786
2013-10-25,0.24191479041600258
2013-10-30,0.1744698903693247
2013-11-04,0.09359496008901416
2013-11-07,0.05797959614675433
2013-11-12,0.06416570953415657
2013-11-15,0.028684970450283332
2013-11-20,0.029919544903864382
2013-11-25,0.04222327290588045
2013-11-29,0.05217508426538795
2013-12-04,0.034321642358487975
2013-12-09,0.07815021691731251
2013-12-12,0.07032675396461074
2013-12-17,0.06476244115750157
2013-12-20,0.22566480726896185
2013-12-26,0.3035651866494398
2013-12-31,0.2759384405871305
2014-01-06,0.15956496962016303
2014-01-09,0.07208343095205724
2014-01-14,0.1522872923690273
2014-01-17,0.07424638436461388
2014-01-23,0.09108213053430948
2014-01-28,0.1162340843438002
2014-01-31,0.07251392701619587
2014-02-05,0.21661406935458247
2014-02-10,0.3210946111014008
2014-02-13,0.3556224777133719
2014-02-19,0.31739458455652036
2014-02-24,0.16722800852218608
2014-02-27,0.27988571152713543
2014-03-04,0.10208948194889692
2014-03-07,0.06140970744792601
2014-03-12,0.034678858769931965
2014-03-17,0.11081850811193011
2014-03-20,0.14533759762687218
2014-03-25,0.17067645708491633
2014-03-28,0.1735125866420892
2014-04-02,0.11950767827583211
2014-04-07,0.16161360454701287
2014-04-10,0.2018990871349574
2014-04-15,0.1414612032159119
2014-04-21,0.17414902521899783
2014-04-24,0.07453879728126239
2014-04-29,0.12798470282861896
2014-05-02,0.09204094630083214
2014-05-07,0.12718244208514284
2014-05-12,0.026860506025336937
2014-05-15,0.05168052474944349
2014-05-20,0.06401193579519268
2014-05-23,0.11972200724580959
2014-05-29,0.12037655116084779
2014-06-03,0.20361571812922816
2014-06-06,0.10001111334631965
2014-06-11,0.15563293162546746
2014-06-16,0.1081522539104718
2014-06-19,0.033108730560411546
2014-06-24,0.02507427438113865
2014-06-27,0.019393157227854826
2014-07-02,0.0473421933151378
2014-07-08,0.034934674119974383
2014-07-11,0.004781042722088901
2014-07-16,0.00401374285722882
2014-07-21,0.04846400695951897
2014-07-24,0.024735898768579456
2014-07-29,0.02240712883301795
2014-08-01,0.1550830803785012
2014-08-06,0.17659122582193204
2014-08-11,0.24491263772099486
2014-08-14,0.5226326908395723
2014-08-19,0.6344773188792716
2014-08-22,0.6061701203795337
2014-08-27,0.5620080205068694
2014-09-02,0.15258199564480637
2014-09-05,0.07240423035831303
2014-09-10,0.06438043337943519
2014-09-15,0.062202549991462346
2014-09-18,0.06444710732641463
2014-09-23,0.07418830292209436
2014-09-26,0.30196986036373663
2014-10-01,0.31918698428474224
2014-10-06,0.4731330673866192
2014-10-09,1.1808716749436947
2014-10-14,0.8132516727618688
2014-10-17,0.44534361949072176
2014-10-22,0.5163546395208676
2014-10-27,0.3929467959805844
2014-10-30,0.37709986589441136
2014-11-04,0.2560478614312322
2014-11-07,0.10038729157356086
2014-11-12,0.08732021827748382
2014-11-17,0.05997952658385653
2014-11-20,0.006298516879449662
2014-11-25,0.008736145783261422
2014-12-01,0.023940129254770615
2014-12-04,0.007211360681061118
2014-12-09,0.004223063556350991
2014-12-12,0.07424679303766826
2014-12-17,0.11139631595486484
2014-12-22,0.25576067866613655
2014-12-26,0.18027879025601332
2014-12-31,0.12123959168545216
2015-01-06,0.12907019831579
2015-01-09,0.1792029661989814
2015-01-14,0.18557135062353136
2015-01-20,0.20380230907972588
2015-01-23,0.380141811445298
2015-01-28,0.29797642029628785
2015-02-02,0.4201238221218536
2015-02-05,0.5533850161981243
2015-02-10,0.28295324964141005
2015-02-13,0.25254523348942526
2015-02-19,0.2501188027280384
2015-02-24,0.2004346550459657
2015-02-27,0.12057942486082061
2015-03-04,0.0087547003000278
2015-03-09,0.06879625915676811
2015-03-12,0.2783368649287508
2015-03-17,0.5054320434067188
2015-03-20,0.6940426004610061
2015-03-25,0.9914327681081673
2015-03-30,0.7861582260491152
2015-04-02,0.7265759244644862
2015-04-08,0.4267901279316741
2015-04-13,0.2544310562626487
2015-04-16,0.1749277598775317
2015-04-21,0.33996171913115125
2015-04-24,0.1309412620703412
2015-04-29,0.013654516067347685
2015-05-04,0.01924191672637613
2015-05-07,0.06826061979296738
2015-05-12,0.0849608440647246
2015-05-15,0.14117242322465692
2015-05-20,0.12453954610834549
2015-05-26,0.4156735527021639
2015-05-29,0.6289801686193379
2015-06-03,0.4693652255490698
2015-06-08,0.21785006016318254
2015-06-11,0.3206841383841087
2015-06-16,0.35607109893358896
2015-06-19,0.5604351244694833
2015-06-24,0.651736298856214
2015-06-29,0.6413953899755779
2015-07-02,0.8586280581916695
2015-07-08,0.6293160731711651
2015-07-13,0.6943318693944626
2015-07-16,0.6012297939209079
2015-07-21,0.5090877553855307
2015-07-24,0.32524236102666193
2015-07-29,0.1520793794185557
2015-08-03,0.1424485892317756
2015-08-06,0.08764158829856941
2015-08-11,0.08025593965950492
2015-08-14,0.08545109436414994
2015-08-19,0.11885243353259516
2015-08-24,0.6120870050965252
2015-08-27,0.4968208202233605
2015-09-01,0.5416300336426453
2015-09-04,0.4693680514436733
2015-09-10,0.34585974254679125
2015-09-15,0.380664859573922
2015-09-18,0.2796353666694362
2015-09-23,0.44951793906453946
2015-09-28,0.6471486357745324
2015-10-01,0.7376175152878091
2015-10-06,0.6841574546502195
2015-10-09,0.6780831718609109
2015-10-14,0.3806803185659153
2015-10-19,0.19544685156222058
2015-10-22,0.2938149999946389
2015-10-27,0.25465400276077926
2015-10-30,0.2745065947847686
2015-11-04,0.2072651423678948
2015-11-09,0.1871206624616442
2015-11-12,0.3263034470403479
2015-11-17,0.5444168963134888
2015-11-20,0.2545201505963212
2015-11-25,0.19664617189021422
2015-12-01,0.20955584082655268
2015-12-04,0.583654973650867
2015-12-09,0.7592158391898854
2015-12-14,0.7349036720511921
2015-12-17,0.26285268612637314
2015-12-22,0.626657328725449
2015-12-28,0.7522075213053162
2015-12-31,0.9236241119822409
2016-01-06,0.6767846717607262
2016-01-11,0.7262265891834816
2016-01-14,1.226228496325156
2016-01-20,1.1277512162882044
2016-01-25,0.8032878745161592
2016-01-28,0.6612727422756777
2016-02-02,0.6421314210715391
2016-02-05,0.3605147673988536
2016-02-10,0.330966792521846
2016-02-16,0.1872701908752948
2016-02-19,0.19188339441673677
2016-02-24,0.2550098074297189
2016-02-29,0.18331517895300461
2016-03-03,0.30045035417372157
2016-03-08,0.36456641053299477
2016-03-11,0.31745173746830774
2016-03-16,0.2727867448296156
2016-03-21,0.2355289583866429
2016-03-24,0.12911488961366674
2016-03-30,0.008136688096690017
2016-04-04,0.00909124004381277
2016-04-07,0.03230216402205948
2016-04-12,0.036740052754992564
2016-04-15,0.026982151456276738
2016-04-20,0.03399727100353303
2016-04-25,0.04573735210116328
2016-04-28,0.040851545274613425
2016-05-03,0.07757288676873554
2016-05-06,0.034155749648968996
2016-05-11,0.06735980787088072
2016-05-16,0.13896895480930765
2016-05-19,0.1407928536667868
2016-05-24,0.1987641958010379
2016-05-27,0.2174227083562306
2016-06-02,0.12178967258173898
2016-06-07,0.12641637759925223
2016-06-10,0.07261343254235429
2016-06-15,0.013237893392992996
2016-06-20,0.07074838515879968
2016-06-23,0.0581698456242615
2016-06-28,0.8298227586813417
2016-07-01,1.3643347353469544
2016-07-07,1.0665476175530426
2016-07-12,1.3068490548702307
2016-07-15,1.2755599262164212
2016-07-20,1.3597786607701534
2016-07-25,0.43219152681933254
2016-07-28,0.10026211982073245
2016-08-02,0.01470981956432583
2016-08-05,0.010357972157963689
2016-08-10,0.004863344742665122
2016-08-15,0.0029149008165981175
2016-08-18,0.0035164270014595724
2016-08-23,0.003665156217690377
2016-08-26,0.004467363154018577
2016-08-31,0.015567785935509452
2016-09-06,0.017613317868291442
2016-09-09,0.6833627484430551
2016-09-14,0.95044038692426
2016-09-19,0.9651534057532241
2016-09-22,1.072103030010996
2016-09-27,1.119805250108191
2016-09-30,0.9124573053191318
2016-10-05,0.8394589017289101
2016-10-10,0.2338137001669621
2016-10-13,0.13097379277777485
2016-10-18,0.08011695122515683
2016-10-21,0.03816557475039146
2016-10-26,0.018966107997000405
2016-10-31,0.004493216235726096
2016-11-03,0.0035121200192130505
2016-11-08,0.0607692548890191
2016-11-11,0.013332287927904255
2016-11-16,0.01665388907419421
2016-11-21,0.008543118941212466
2016-11-25,0.011717682414653872
2016-11-30,0.01156859867769407
2016-12-05,0.012776405462454107
2016-12-08,0.04299981116207124
2016-12-13,0.024620338739669557
2016-12-16,0.04869397279140726
2016-12-21,0.08757000988071323
2016-12-27,0.06564772464447481
2016-12-30,0.08009383965544152
2017-01-05,0.05869168914741811
2017-01-10,0.03264625517002396
2017-01-13,0.02201400907380023
2017-01-19,0.011520429121378191
2017-01-24,0.004875311659798067
2017-01-27,0.007965078364924529
2017-02-01,0.01636962453216514
2017-02-06,0.021210299318802514
2017-02-09,0.014364763227133598
2017-02-14,0.01598218575307312
2017-02-17,0.010271162385912582
2017-02-23,0.007428591691553236
2017-02-28,0.007310492476855155
2017-03-03,0.03155444468374505
2017-03-08,0.055322645385736585
2017-03-13,0.029999228958357226
2017-03-16,0.03723976980551053
2017-03-21,0.046886223048094096
2017-03-24,0.07717218178341154
2017-03-29,0.007904384114326691
2017-04-03,0.01246184001934007
2017-04-06,0.014292744032097262
2017-04-11,0.028905378703449294
2017-04-17,0.04926536626673265
2017-04-20,0.05044945426285368
2017-04-25,0.04593708063102026
2017-04-28,0.04360005012582579
2017-05-03,0.022358789898732866
2017-05-08,0.009700419244713083
2017-05-11,0.00836644373900627
2017-05-16,0.004132986812701455
2017-05-19,0.020480192682784906
2017-05-24,0.03051921365776738
2017-05-30,0.01639148530148059
2017-06-02,0.009377282820803802
2017-06-07,0.014192359071532533
2017-06-12,0.007636419277635304
2017-06-15,0.009610479949274536
2017-06-20,0.009057446358488704
2017-06-23,0.007770793155120977
2017-06-28,0.015417905413087218
2017-07-03,0.05337524966242514
2017-07-07,0.09192259860791069
2017-07-12,0.08001747112964695
2017-07-17,0.08173155833747693
2017-07-20,0.11783118633641784
2017-07-25,0.016800641610514897
2017-07-28,0.009051444306697088
2017-08-02,0.007884150527056428
2017-08-07,0.0028321435031855363
2017-08-10,0.005561732853074773
2017-08-15,0.006398456912333808
2017-08-18,0.02980304098547966
2017-08-23,0.14351304512352023
2017-08-28,0.11117519067159291
2017-08-31,0.10494199929123564
2017-09-06,0.06174943351288421
2017-09-11,0.04102821467554606
2017-09-14,0.015908798740227888
2017-09-19,0.0030698455963102302
2017-09-22,0.0055365296660419
2017-09-27,0.004190043354526589
2017-10-02,0.0065056466430707385
2017-10-05,0.007237734199993496
2017-10-10,0.004233036335156395
2017-10-13,0.00472016503998017
2017-10-18,0.002502307625623129
2017-10-23,0.004699520333693364
2017-10-26,0.003878523720092047
2017-10-31,0.006424462605707293
2017-11-03,0.005275459828807028
2017-11-08,0.00633388383773112
2017-11-13,0.010379407127636261
2017-11-16,0.0019473182544244977
2017-11-21,0.0016651362784871231
2017-11-27,0.004493471975593254
2017-11-30,0.00849219961718792
2017-12-05,0.011422897551715456
2017-12-08,0.008978097650521915
2017-12-13,0.011050641303607578
2017-12-18,0.009162030246628523
2017-12-21,0.023303587825236144
2017-12-27,0.012953033776937194
2018-01-02,0.04658053801400716
2018-01-05,0.017060928033860324
2018-01-10,0.01739165897376259
2018-01-16,0.01075133262264644
2018-01-19,0.0043779962933303065
2018-01-24,0.0024370906188231653
2018-01-29,0.00480392529160489
2018-02-01,0.01738097332079126
2018-02-06,0.7749831914279331
2018-02-09,0.9832948343555534
2018-02-14,0.8626927312574014
2018-02-20,0.820431121432623
2018-02-23,0.9901159044046141
2018-02-28,0.9640141505313716
2018-03-05,0.9909556599101427
2018-03-08,0.4046416420867491
2018-03-13,0.07865724130052174
2018-03-16,0.08517420650867699
2018-03-21,0.23525300271658187
2018-03-26,0.499977438634579
2018-03-29,0.466652250103934
2018-04-04,0.7016339586538347
2018-04-09,0.8973153308879226
2018-04-12,0.8128224715010008
2018-04-17,0.7112918746332718
2018-04-20,0.6605226755373577
2018-04-25,0.16298146781348122
2018-04-30,0.0642210353720962
2018-05-03,0.008740666627214247
2018-05-08,0.003696320866932083
2018-05-11,0.008964598226024802
2018-05-16,0.011146151281500118
2018-05-21,0.009453828455705545
2018-05-24,0.010314886620996746
2018-05-30,0.0374232613438562
2018-06-04,0.05176541706336257
2018-06-07,0.11025454696744015
2018-06-12,0.11980846567600567
2018-06-15,0.1307982490510173
2018-06-20,0.07401818564263107
2018-06-25,0.06347210607413155
2018-06-28,0.013304376167673241
2018-07-03,0.006457203330206211
2018-07-09,0.007429815016810103
2018-07-12,0.01850832214554692
2018-07-17,0.014198870001884762
2018-07-20,0.010363755494127375
2018-07-25,0.01404734840469686
2018-07-30,0.016076135564639264
2018-08-02,0.02917023136718083
2018-08-07,0.03685869935875594
2018-08-10,0.018437424854721305
2018-08-15,0.016560601558123954
2018-08-20,0.025231389259949895
2018-08-23,0.008367143444912847
2018-08-28,0.03735793255931637
2018-08-31,0.02977899653927067
2018-09-06,0.02653270044262897
2018-09-11,0.009505452828165097
2018-09-14,0.0051940850669985085
2018-09-19,0.0055659942636245895
2018-09-24,0.016477856430926644
2018-09-27,0.029418172524208943
2018-10-02,0.05201482541726671
2018-10-05,0.023527274459188802
2018-10-10,0.08212005937920143
2018-10-15,0.26813962823004384
2018-10-18,0.40181547361203207
2018-10-23,0.3715555845550184
2018-10-26,0.3105025213399368
2018-10-31,0.18691138258468684
2018-11-05,0.19714259164646325
2018-11-08,0.08471972522237249
2018-11-13,0.07203187567884023
2018-11-16,0.07736034042638573
2018-11-21,0.10189096507141022
2018-11-27,0.08142609090885156
2018-11-30,0.09662025091733017
2018-12-06,0.12048331690408283
2018-12-11,0.11718778732035531
2018-12-14,0.19080747501273698
2018-12-19,0.2685809171756079
2018-12-24,0.31062367734828406
2018-12-28,0.7014031695922524
2019-01-03,0.5639479343863462
2019-01-08,0.6376033796735828
2019-01-11,0.6610500474657017
2019-01-16,0.5991917516869198
2019-01-22,0.8057829062131487
2019-01-25,0.14904848807222382
2019-01-30,0.14014688329861796
2019-02-04,0.009395234043844207
2019-02-07,0.020211594622852207
2019-02-12,0.03140475840682288
2019-02-15,0.059302776142279204
2019-02-21,0.025236600075071412
2019-02-26,0.029607130401814896
2019-03-01,0.05166791237061731
2019-03-06,0.1568780902072433
2019-03-11,0.11934881692865906
2019-03-14,0.08260820305200725
2019-03-19,0.05075070353844439
2019-03-22,0.03586602593603158
2019-03-27,0.04429452435664783
2019-04-01,0.052672109848884756
2019-04-04,0.07737033374557148
2019-04-09,0.072712049129698
2019-04-12,0.029646604596487318
2019-04-17,0.03743591444959522
2019-04-23,0.0026962706544320847
2019-04-26,0.0036418683462711007
2019-05-01,0.004492008634542866
2019-05-06,0.00378402745687606
2019-05-09,0.014476591767020078
2019-05-14,0.041809541259628526
2019-05-17,0.051260637332998044
2019-05-22,0.03141125374459504
2019-05-28,0.09944130009553603
2019-05-31,0.08488120691878333
2019-06-05,0.13337356418637852
2019-06-10,0.16272031916524618
2019-06-13,0.09565937377002504
2019-06-18,0.1266419665124133
2019-06-21,0.1364832247713788
2019-06-26,0.08211906360237707
2019-07-01,0.0651945952551746
2019-07-05,0.032658208283564756
2019-07-10,0.007822568723097438
2019-07-15,0.01743366353264081
2019-07-18,0.012060810214378952
2019-07-23,0.024775281963231963
2019-07-26,0.024821693283400576
2019-07-31,0.01607142081754822
2019-08-05,0.1259883596904952
2019-08-08,0.10818167196558834
2019-08-13,0.1558281630052617
2019-08-16,0.27835235651635226
2019-08-21,0.3389395241223417
2019-08-26,0.6938439895745917
2019-08-29,0.8403352328317908
2019-09-04,0.843180091562119
2019-09-09,0.6711869770367964
2019-09-12,0.24443945347669482
2019-09-17,0.09716369376178675
2019-09-20,0.13976556482902408
2019-09-25,0.04193678818014277
2019-09-30,0.032295912230245645
2019-10-03,0.054679485135981615
2019-10-08,0.1264770479222581
2019-10-11,0.2648350089530354
2019-10-16,0.2956062697318204
2019-10-21,0.22174309261413844
2019-10-24,0.2429036946023246
2019-10-29,0.19696406851956288
2019-11-01,0.05537335007082645
2019-11-06,0.03248218199858079
2019-11-11,0.023443374518038584
2019-11-14,0.026642115910572903
2019-11-19,0.02300115324154714
2019-11-22,0.02533749772295108
2019-11-27,0.06419801533007938
2019-12-03,0.02870025382620735
2019-12-06,0.042942988708425625
2019-12-11,0.07101350384459386
2019-12-16,0.05672554713354277
2019-12-19,0.03896463155431926
2019-12-24,0.03157229843884829
2019-12-30,0.04060630538998795
2020-01-03,0.022956407730664336
2020-01-08,0.015099698456450665
2020-01-13,0.020922578606236253
2020-01-16,0.014436184331662303
2020-01-22,0.06776017865271144
2020-01-27,0.09462186509210155
2020-01-30,0.019136159872110228
2020-02-04,0.050296051043684786
2020-02-07,0.08324351466465046
2020-02-12,0.047796811288679415
2020-02-18,0.05445938413541023
2020-02-21,0.0405069150625799
2020-02-26,0.31381685962095796
2020-03-02,0.7788302059448075
2020-03-05,0.7978406993068514
2020-03-10,0.6543523903659808
2020-03-13,0.20693334255505633
2020-03-18,0.19812615856983895
2020-03-23,0.30811538312837167
2020-03-26,0.5196511891459292
2020-03-31,0.5870514323586412
2020-04-03,0.5734502358495183
2020-04-08,0.5364497939036591
2020-04-14,0.7144587301724763
2020-04-17,0.8240226357090361
2020-04-22,0.8021985110862145
2020-04-27,0.5037001387361255
2020-04-30,0.30791297728137645
2020-05-05,0.12482467936016
2020-05-08,0.19267232364052325
2020-05-13,0.28721386511908714
2020-05-18,0.4156879855667419
2020-05-21,0.39423260754645123
2020-05-27,0.49654496963433237
2020-06-01,0.33034705793367886
2020-06-04,0.40582981744229957
2020-06-09,0.33394209260008106
2020-06-12,0.6162008792642357
2020-06-17,0.5182066465130489
2020-06-22,0.5392078717288226
2020-06-25,0.6374055456564848
2020-06-30,1.0431349269294201
2020-07-06,1.3067592544241875
2020-07-09,1.2975583728771898
2020-07-14,0.7141340168393001
2020-07-17,0.5754170818538381
2020-07-22,0.4146304210429997
2020-07-27,0.18317970321967922
2020-07-30,0.07585951398503703
2020-08-04,0.06436507551894476
2020-08-07,0.021989427146600002
2020-08-12,0.014400300354242333
2020-08-17,0.013517730137242525
2020-08-20,0.013262336074091097
2020-08-25,0.06895048725342733
2020-08-28,0.04602202846876176
2020-09-02,0.11686201172842707
2020-09-08,0.17620252811038162
2020-09-11,0.2897172795391184
2020-09-16,0.13417924057856775
2020-09-21,0.17842138660300377
2020-09-24,0.17684999807471946
2020-09-29,0.192250535031387
2020-10-02,0.16913642351828717
2020-10-07,0.16391291512369863
2020-10-12,0.16225068533639064
2020-10-15,0.3344386554173364
2020-10-20,0.30642098024862774
2020-10-23,0.29882671879501216
2020-10-28,0.43227844938926474
2020-11-02,0.4962784466917814
2020-11-05,0.2885226044412337
2020-11-10,0.30626682227044283
2020-11-13,0.35112833743281757
2020-11-18,0.3242719156073281
2020-11-23,0.2638834190188372
2020-11-27,0.33389405825561463
2020-12-02,0.43230863144076237
2020-12-07,0.5166467461681798
2020-12-10,0.20957662113050118
2020-12-15,0.15391425796102304
2020-12-18,0.09032326925537962
2020-12-23,0.08039043061930301
2020-12-29,0.05161629379327043
2021-01-04,0.044125803743172626
2021-01-07,0.01604239681320511
2021-01-12,0.009063538287988934
2021-01-15,0.007421831723169243
2021-01-21,0.02072176229907299
2021-01-26,0.013347448097807055
2021-01-29,0.013924852868789512
2021-02-03,0.021997592393766335
2021-02-08,0.029667428317947057
2021-02-11,0.035515680370150175
2021-02-17,0.0280645069537983
2021-02-22,0.007290195995469662
2021-02-25,0.04496067604297669
2021-03-02,0.05873643597182637
2021-03-05,0.041934910344577164
2021-03-10,0.05238833424127919
2021-03-15,0.04133835740806606
2021-03-18,0.0845631954735061
2021-03-23,0.08363921453278829
2021-03-26,0.03729215690439084
2021-03-31,0.05901676130109748
2021-04-06,0.028991903837769485
2021-04-09,0.01651749874960818
2021-04-14,0.01910029896364631
2021-04-19,0.045390647931390006
2021-04-22,0.04942617166909111
2021-04-27,0.02732286535080049
2021-04-30,0.04104535699480021
2021-05-05,0.028001834073059288
2021-05-10,0.044752232042212514
2021-05-13,0.14357816424969289
2021-05-18,0.18631754038626755
2021-05-21,0.1732961229907209
2021-05-26,0.2262015211637279
2021-06-01,0.139299583555694
2021-06-04,0.19521035289736297
2021-06-09,0.1018191366330185
2021-06-14,0.04072810512697183
2021-06-17,0.028518629071213455
2021-06-22,0.23911109673580877
2021-06-25,0.2972353242099763
2021-06-30,0.2691423298550803
2021-07-06,0.2623146161788719
2021-07-09,0.4059787323563427
2021-07-14,0.33899031766744986
2021-07-19,0.2937583622630588
2021-07-22,0.21260038032117567
2021-07-27,0.1978412774908367
2021-07-30,0.1458680298146416
2021-08-04,0.19802775650532511
2021-08-09,0.15713456468102294
2021-08-12,0.28807989622200364
2021-08-17,0.06777914752641281
2021-08-20,0.08510729316371514
2021-08-25,0.05405775975013546
2021-08-30,0.03894455447855857
2021-09-02,0.02424711321893495
2021-09-08,0.09691527231896903
2021-09-13,0.09279523943523105
2021-09-16,0.07915251913473687
2021-09-21,0.06467170332235647
2021-09-24,0.13058208884719288
2021-09-29,0.15397900862726147
2021-10-04,0.25864277120403173
2021-10-07,0.29382780283767335
2021-10-12,0.15706112014095605
2021-10-15,0.12412752629177426
2021-10-20,0.08896519233393453
2021-10-25,0.08660526341361095
2021-10-28,0.08854166179727135
2021-11-02,0.0971419091387565
2021-11-05,0.09154254899300666
2021-11-10,0.06432902955054388
2021-11-15,0.030421442987741742
2021-11-18,0.017369563610653203
2021-11-23,0.023378197285448547
2021-11-29,0.04900038763931639
2021-12-02,0.1360721807964861
2021-12-07,0.17075177456691043
2021-12-10,0.17560179897581982
2021-12-15,0.11078857694503715
2021-12-20,0.16616310053680558
2021-12-23,0.17412674769242056
2021-12-29,0.028760295195112254
2022-01-03,0.05303872458283226
2022-01-06,0.04254902416368785
2022-01-11,0.07755222424993657
2022-01-14,0.05337063159722785
2022-01-20,0.03228701933909246
2022-01-25,0.01925736225770082
2022-01-28,0.02253130785821028
2022-02-02,0.032052910859838274
2022-02-07,0.03373293435496653
2022-02-10,0.022884644918029017
2022-02-15,0.03403518384128025
2022-02-18,0.011142242210246253
2022-02-24,0.01449826029724537
2022-03-01,0.11370319688292038
2022-03-04,0.14486913870679533
2022-03-09,0.06646825689055934
2022-03-14,0.0648915810907704
2022-03-17,0.07478797003323205
2022-03-22,0.10118142763352518
2022-03-25,0.037987169341916066
2022-03-30,0.02499186789938577
2022-04-04,0.02074368132001915
2022-04-07,0.039756379447187656
2022-04-12,0.02386410050797799
2022-04-18,0.057117072752366826
2022-04-21,0.07690343619058747
2022-04-26,0.19476176815493168
2022-04-29,0.3070997272770216
2022-05-04,0.3149889106080071
2022-05-09,0.31894254187596555
2022-05-12,0.3692833331265981
2022-05-17,0.2523389019673527
2022-05-20,0.17497906215615694
2022-05-25,0.17855616733647114
2022-05-31,0.13462042874644603
2022-06-03,0.05961819828852806
2022-06-08,0.16629551129878956
2022-06-13,0.2820063288328717
2022-06-16,0.25881816645673167
2022-06-22,0.33149570513690413
2022-06-27,0.41949334311966957
2022-06-30,0.339772762283131
2022-07-06,0.28318396259292733
2022-07-11,0.16447686277858123
2022-07-14,0.06381060154245045
2022-07-19,0.05941650212704497
2022-07-22,0.05210513024841976
2022-07-27,0.017956846528193664
2022-08-01,0.017815005782861163
2022-08-04,0.017228904370636313
2022-08-09,0.014038149713766428
2022-08-12,0.014828796945776773
2022-08-17,0.007546857354334207
2022-08-22,0.024492989814784195
2022-08-25,0.0789822590274118
2022-08-30,0.21889209797149192
2022-09-02,0.4088375430715344
2022-09-08,0.3806213366355283
2022-09-13,0.7261271439493007
2022-09-16,0.7339952910867289
2022-09-21,0.6645617996253175
2022-09-26,0.36460340699539506
2022-09-29,0.28075934424999505
2022-10-04,0.43337839586088606
2022-10-07,0.6043643686234275
2022-10-12,0.4357210645454523
2022-10-17,0.6690115631184509
2022-10-20,0.65871519377656
2022-10-25,0.7101838419981389
2022-10-28,0.46297007168527665
2022-11-02,0.6226436898351668
2022-11-07,0.3014532565142697
2022-11-10,0.652129774527992
2022-11-15,0.29909160920120725
2022-11-18,0.34546963058483005
2022-11-23,0.5086972194171457
2022-11-29,0.3294790651681897
2022-12-02,0.31046998138336585
2022-12-07,0.4213576687722171
2022-12-12,0.16602478953997948
2022-12-15,0.17122499569412683
2022-12-20,0.19032583525607913
2022-12-23,0.26611730927864174
2022-12-29,0.46976743496260837
2023-01-04,0.32242194023579707
2023-01-09,0.4179565854323012
2023-01-12,0.36892078556428093
2023-01-18,0.31123869878704624
2023-01-23,0.2606466724505649
2023-01-26,0.1399319158728623
2023-01-31,0.1432965382410651
2023-02-03,0.1282085843988757
2023-02-08,0.05985285558176245
2023-02-13,0.09041381703672013
2023-02-16,0.02592342541782379
2023-02-22,0.042371951228502944
2023-02-27,0.0342716750868894
2023-03-02,0.019242314463849115
2023-03-07,0.05939390579130866
2023-03-10,0.05425933615831415
2023-03-15,0.03269104182205629
2023-03-20,0.04472307596139315
2023-03-23,0.04695811550044711
2023-03-28,0.05662206085171174
2023-03-31,0.14077549129241335
2023-04-05,0.06029003074737106
2023-04-11,0.011191112867046956
2023-04-14,0.04148558323329971
2023-04-19,0.035470960303187846
2023-04-24,0.0159252205517587
2023-04-27,0.025565826933387756
2023-05-02,0.024188506647869947
2023-05-05,0.06147070072492832
2023-05-10,0.09391442510652544
2023-05-15,0.1129807283043129
2023-05-18,0.16796243322616966
2023-05-23,0.10276457803630318
2023-05-26,0.03211638796418055
2023-06-01,0.019543997924310014
2023-06-06,0.05883353444907211
2023-06-09,0.05405064714776201
2023-06-14,0.04686751442141289
2023-06-20,0.07182745991633825
2023-06-23,0.08558340106723096
2023-06-28,0.059573054981995395
2023-07-03,0.01624149861236637
2023-07-07,0.013075011116523629
2023-07-12,0.0029122850000784487
2023-07-17,0.004329868697578203
2023-07-20,0.006247241342726694
2023-07-25,0.003594192644377753
2023-07-28,0.004256323853986973
2023-08-02,0.003878454414213836
2023-08-07,0.008273650213991568
2023-08-10,0.012841024653502972
2023-08-15,0.029541899807554742
2023-08-18,0.019055038939817602
2023-08-23,0.025128442640014712
2023-08-28,0.03201136975024113
2023-08-31,0.023867809774136144
2023-09-06,0.04208935929935453
2023-09-11,0.05437317171676961
2023-09-14,0.029305005353109342
2023-09-19,0.0328009899628637
2023-09-22,0.05180742543557788
2023-09-27,0.02391821961452698
2023-10-02,0.05365399405225391
2023-10-05,0.03145157309474077
2023-10-10,0.015030541153160335
2023-10-13,0.0054865186178699255
2023-10-18,0.009400079209410916
2023-10-23,0.006652582356928241
2023-10-26,0.045703391066199424
2023-10-31,0.10059452554455019
2023-11-03,0.18192118461582604
2023-11-08,0.1656884495974962
2023-11-13,0.20141084945227905
2023-11-16,0.13778407818426627
2023-11-21,0.10252279245156046
2023-11-27,0.031955900414733805
2023-11-30,0.017771304163620428
2023-12-05,0.007980704818659009
2023-12-08,0.010426145353215927
2023-12-13,0.004315526730540358
2023-12-18,0.0051213335088433455
2023-12-21,0.032935436139252004
2023-12-27,0.03770924407246063
2024-01-02,0.06415263291235483
2024-01-05,0.04667339727716435
2024-01-10,0.05632524487555229
2024-01-16,0.08708718313130655
2024-01-19,0.10895424842226044
2024-01-24,0.007216036130393527
2024-01-29,0.0053325383833133615
2024-02-01,0.01331858161467929
2024-02-06,0.009461534308893583
2024-02-09,0.012237880932766013
2024-02-14,0.010107976856969654
2024-02-20,0.012719858868618084
2024-02-23,0.037477459571371885
2024-02-28,0.05159792245278293
2024-03-04,0.03910590935373049
2024-03-07,0.02188726914550201
2024-03-12,0.020884288301145568
2024-03-15,0.003326306630222665
2024-03-20,0.002830298619328962
2024-03-25,0.003833231318109251
2024-03-28,0.007812059271181113
2024-04-03,0.009349873599189215
2024-04-08,0.015591990354256756
2024-04-11,0.00791245495095116
2024-04-16,0.017000637418451658
2024-04-19,0.030256313922551202
2024-04-24,0.01227347277896352
2024-04-29,0.015543928455425515
2024-05-02,0.005572735184936105
2024-05-07,0.0060895096790782085
2024-05-10,0.0097259629445825
2024-05-15,0.008571813022885939
2024-05-20,0.00252654531941313
2024-05-23,0.003749562656769248
2024-05-29,0.007157382059335816
2024-06-03,0.033504719222483804
2024-06-06,0.01709946750032114
2024-06-11,0.005071216027369894
2024-06-14,0.011222123361845616
2024-06-20,0.013179786165033383
2024-06-25,0.023498931453042507
2024-06-28,0.01951839135303136
2024-07-03,0.014755229057396574
2024-07-09,0.008672747263451564
2024-07-12,0.00572267941880172
2024-07-17,0.023924044166029702
2024-07-22,0.035692262535804035
2024-07-25,0.045156682904211466
2024-07-30,0.05373552517837108
2024-08-02,0.03182066499591721
2024-08-07,0.02539041774998111
2024-08-12,0.02544570527746794
2024-08-15,0.018785367922343175
2024-08-20,0.015394552877828361
2024-08-23,0.018215425567909612
2024-08-28,0.04125366976100579
2024-09-03,0.0794465096344927
2024-09-06,0.06129269673067226
2024-09-11,0.02495035941857302
2024-09-16,0.016755198120360047
2024-09-19,0.012174575221013522
2024-09-24,0.007166796103520581
2024-09-27,0.008310276737989173
2024-10-02,0.02574465060000565
2024-10-07,0.023536549293692945
2024-10-10,0.02210565222565747
2024-10-15,0.006158185398687424
2024-10-18,0.014738155767845283
2024-10-23,0.0021288231588922164
2024-10-28,0.004242357391275582
2024-10-31,0.005987864850173969
2024-11-05,0.006398201026695819
2024-11-08,0.003166725979404814
2024-11-13,0.003972513576741822
2024-11-18,0.0048101411348561735
2024-11-21,0.010158483462866342
2024-11-26,0.013378755729912789
2024-12-02,0.01832736749192911
2024-12-05,0.008663727476165046
2024-12-10,0.00925160234580892
2024-12-13,0.006767452264885758
2024-12-18,0.0276138399573496
2024-12-23,0.021313364441842522
2024-12-27,0.03388002375626043
2025-01-02,0.04255367207507203
2025-01-07,0.05382140922206412
2025-01-13,0.06880078004917407
2025-01-16,0.09228618354585316
2025-01-22,0.04666551394403498
2025-01-27,0.0324901383803751
2025-01-30,0.01592543363215788
2025-02-04,0.01614052125312301
2025-02-07,0.017804552262627848
2025-02-12,0.008396264622266315
2025-02-18,0.017402157175103083
2025-02-21,0.01870310395123585
2025-02-26,0.012844783351768252
2025-03-03,0.02102023458223562
2025-03-06,0.027894631784244905
2025-03-11,0.017077241503223435
2025-03-14,0.026799599569155615
2025-03-19,0.041143194417368266
2025-03-24,0.0553740988128454
2025-03-27,0.05872871248158576
2025-04-01,0.04071490610024451
2025-04-04,0.4229456854663698
2025-04-09,0.9090634685364202
2025-04-14,0.8868248194318715
2025-04-17,0.8639862547104088
2025-04-23,0.9237659929797302
2025-04-28,0.998154669248139
2025-05-01,0.6989329080997361
2025-05-06,0.60839969283486
2025-05-09,0.13207110599443833
2025-05-14,0.09604482007508551
2025-05-19,0.0316274420471479
2025-05-22,0.008012733068262548
2025-05-28,0.0150721339663563
2025-06-02,0.032614514268228
2025-06-05,0.04024856228454051
2025-06-10,0.03624195166405976
2025-06-13,0.07953548993801726
2025-06-18,0.03080198570028339
2025-06-24,0.03808174738381691
2025-06-27,0.021214081668189215
2025-07-02,0.03243231413548726
2025-07-08,0.024555846815958675
2025-07-11,0.027090583825599476
2025-07-16,0.017912556080658948
2025-07-21,0.003979781977509797
2025-07-24,0.0036327970678974573
2025-07-29,0.005634833481372413
2025-08-01,0.0020331633467676542
2025-08-06,0.00043242095988866203
2025-08-11,0.0004783353103410867
2025-08-14,0.0011674085385857207
2025-08-19,0.005575372537507737
2025-08-22,0.004823541096976521
2025-08-27,0.005925650972810932
2025-09-02,0.015379147674259061
2025-09-05,0.010928163769319968
2025-09-10,0.005039209957227372
2025-09-15,0.0038952804170140336
2025-09-18,0.004120342040808499
2025-09-23,0.005505675656854279
2025-09-26,0.004652330846028407
2025-10-01,0.004740015487613289
2025-10-06,0.002899996171102496
2025-10-09,0.004184535177836263
2025-10-14,0.0022333343912318694
2025-10-17,0.00671906651585142
2025-10-22,0.005413086309931769
2025-10-27,0.006982263713503507
2025-10-30,0.00800032385665357
2025-11-04,0.009423282426198555
2025-11-07,0.001158124299782253
2025-11-12,0.0006698606763779705
2025-11-17,0.004331843074938344
2025-11-20,0.0069232078035301224
2025-11-25,0.008101241460928455
2025-12-01,0.010983601227246289
2025-12-04,0.0033151744080682265
2025-12-09,0.0028529492851001492
2025-12-12,0.002567913467986671
2025-12-17,0.0026878569977378634
2025-12-22,0.0037564071054698714
2025-12-26,0.003244684940556444
2025-12-31,0.0031318520999117317
2026-01-06,0.0036486334185814795
2026-01-09,0.007430402019350487
2026-01-14,0.0063280670939922234
2026-01-20,0.01594549942231684
2026-01-23,0.0036821323446411943
2026-01-28,0.0024030262219422176
2026-02-02,0.003239100272728739
2026-02-05,0.0038543040797301286
2026-02-10,0.012886218319351064
2026-02-13,0.007152638013400893
2026-02-19,0.0028903854851310023
2026-02-24,0.00391213657186095
2026-02-27,0.007592296127405435
2026-03-04,0.02032648990117833
2026-03-09,0.03209424110929115
2026-03-12,0.025416192724968013
2026-03-17,0.006936394768526682
2026-03-20,0.01702203639846973
2026-03-25,0.019978886204444067
2026-03-30,0.03924070103012849
2026-04-02,0.03637137850681036
2026-04-08,0.12838173686930432
2026-04-13,0.16603836629740293
2026-04-16,0.11419306812848323
2026-04-21,0.13695360502904672
2026-04-24,0.0598860951105503
2026-04-29,0.06678964727382479
2026-05-04,0.08576074584810267
2026-05-07,0.023752201300393773
2026-05-12,0.02562800996024041
2026-05-15,0.02838979344406774
2026-05-20,0.016551615912188906
2026-05-26,0.016074557230225262
2026-05-29,0.007415965460086148
2026-06-03,0.003428633720102807
2026-06-08,0.006447271056709556
2026-06-11,0.024717768807551593
2026-06-16,0.018366743868436206
2026-06-22,0.017798925708178186
2026-06-25,0.018155603040254095
2026-06-30,0.014981974315267136
2026-07-06,0.02427978954306972
2026-07-09,0.04999338824202899
2026-07-14,0.03503039183709911
2026-07-17,0.03659491593499232
