date,kappa,kappa_bin,Omega,erank,AR,mean_corr,avg20
2007-08-07,1.0,1.0,5.513293325565585,-18.965232408772287,0.6262232101924786,0.32027088396453096,-0.0002473207874681753
2007-09-19,1.0,1.0,7.437498064874366,-16.936103403565966,0.6529592222022069,0.35685377923987727,0.002678954576564026
2007-10-31,1.0,1.0,7.341168302997537,-16.8822019313685,0.652501875628244,0.3587629852236427,0.0003785901921890333
2007-12-13,1.0,1.0,9.834446624063869,-15.368328809109546,0.6817122936709414,0.38570250350208235,0.0009818144049171644
2008-01-29,1.0,1.0,9.679684270415105,-15.037595537625599,0.6946735843834217,0.38798984075246085,-0.0039021875778458017
2008-03-12,1.0,1.0,7.984253304824087,-14.385693966867601,0.7073220567820612,0.3980093743049265,-0.0014612596029566303
2008-04-24,1.0,1.0,9.352046738285297,-13.725975909318638,0.7233218325251666,0.4117867397315718,0.002227286585124858
2008-06-06,1.0,1.0,10.505304094141506,-13.184899809568613,0.7314976902511586,0.42453063282818876,-0.0024004188450703397
2008-07-21,1.0,1.0,9.687636071884619,-13.203201562425384,0.744714603860729,0.416049032173689,-0.0014806986938119588
2008-09-02,1.0,1.0,13.6280837383717,-12.564783843663323,0.7596615953543167,0.42765205683577967,0.0011835632018399368
2008-10-14,1.0,1.0,16.44480559080941,-10.028663478879073,0.8453681022498993,0.49794619008907265,-0.007668455422933438
2008-11-25,1.0,1.0,23.464097228635126,-7.982701752069687,0.8580274521716984,0.5620748226979926,-0.0057420590385991125
2009-01-09,1.0,1.0,23.82368345404979,-7.80910870041288,0.857299161913275,0.5702732811507529,-0.0014102528145868453
2009-02-24,1.0,1.0,22.46097179876812,-8.202076032938567,0.8573620492868693,0.5568140303105972,-0.00633208125127682
2009-04-07,1.0,1.0,23.64027234472053,-8.237396626888692,0.8643075965063844,0.5538992725841566,0.009277367467122283
2009-05-20,1.0,1.0,23.0983441575368,-8.576441874246711,0.8637454025097692,0.5415448381564911,0.0050784802347807875
2009-07-02,1.0,1.0,23.499225048953257,-8.623739149400068,0.8625833366661244,0.5394323067948985,-0.003544929469943983
2009-08-14,1.0,1.0,23.567287739326645,-8.719325574568542,0.8638075860890206,0.536254649111228,0.004890491705635579
2009-09-28,1.0,1.0,24.915808117103328,-8.604593012302692,0.867279775495568,0.5394954682116123,0.0013889702148427345
2009-11-09,1.0,1.0,24.11339941026438,-8.572156707479063,0.8677943293744682,0.5402132018933379,0.0010696838978468937
2009-12-22,1.0,1.0,24.451123504710704,-8.478113010292981,0.8693933663129245,0.5428547437824267,-0.00029584293535647765
2010-02-05,1.0,1.0,24.84612085700785,-8.4257228755164,0.8704126613205936,0.5444917312555985,-0.0037181596295181966
2010-03-22,1.0,1.0,26.898589721904163,-8.227751747600259,0.8730379483099375,0.5503757523166954,0.002797988966569856
2010-05-04,1.0,1.0,27.675118892037514,-8.456536474504833,0.8633960440043958,0.5401837389269541,-3.207763920208863e-05
2010-06-16,1.0,1.0,27.75788235573035,-9.451502073563175,0.8646995440216269,0.5115916538106222,-0.0003179283545992677
2010-07-29,1.0,1.0,24.03446024885993,-10.951205831297543,0.8588036360542314,0.4658348577583717,0.003971318000726617
2010-09-10,1.0,1.0,25.49858903011224,-10.62199905530351,0.8605004864466059,0.4743554797706134,0.0009118180173938757
2010-10-22,1.0,1.0,19.956521594997245,-12.406332895128543,0.8263666782771938,0.4280640700532023,0.001521859634427859
2010-12-06,1.0,1.0,17.47695884129218,-12.498344241455063,0.7993855673030764,0.43915480517753613,-0.0006484624174856377
2011-01-19,1.0,1.0,17.242195730117306,-12.459203522544374,0.7942712735159287,0.44584486517130684,0.001636459806845654
2011-03-03,1.0,1.0,16.700598720402752,-12.623664205461404,0.7783583344737183,0.4457635580324464,0.0005052234044623662
2011-04-14,1.0,1.0,17.673936202167322,-12.327797682809356,0.7512001322130789,0.4566314730128679,0.0012148220961034435
2011-05-27,1.0,1.0,17.914410095489306,-12.102392137915988,0.7482853368688565,0.46121903158147226,-0.001685707637099698
2011-07-12,1.0,1.0,18.456841040609323,-11.988282854225778,0.7435044183660602,0.46417760681691406,0.001130865944261486
2011-08-23,1.0,1.0,31.02676581246602,-9.212722524399146,0.7854087686315226,0.5394007963088483,-0.007467885334549252
2011-10-05,1.0,1.0,33.83292602419894,-8.42453160626043,0.800895323798881,0.5636599630299116,-0.0020481956205788167
2011-11-16,1.0,1.0,38.77669839579305,-7.576164994158048,0.8188908052422672,0.591193368546471,0.0007279130363432524
2011-12-30,1.0,1.0,39.39353396310284,-7.577590891793713,0.82000650716293,0.5903910847073958,0.0009692164993107234
2012-02-14,1.0,1.0,39.076877129522046,-8.051321423335844,0.8152979906256158,0.5735369037093646,0.0021967876156021
2012-03-28,1.0,1.0,39.5836811201906,-8.156947001261162,0.8168905197662887,0.568985695593208,0.001865909255722915
2012-05-10,1.0,1.0,40.030217858012804,-8.381737416757376,0.8153811802769468,0.5608328089597417,-0.0013106980281003358
2012-06-22,1.0,1.0,43.31981527926786,-8.061729483951416,0.8210925762568304,0.5708378276778026,0.0009807805797368413
2012-08-06,1.0,1.0,45.3670815076956,-8.073239488016114,0.817319408222084,0.5699032111098251,0.0013630797948790557
2012-09-18,1.0,1.0,48.25983246131613,-7.710422923247258,0.8247750089604277,0.5802247540860014,0.0014004012688766101
2012-11-01,1.0,1.0,47.32026971275906,-7.942793050211308,0.8217372427338725,0.5721071142952833,-0.00024120483962386017
2012-12-14,1.0,1.0,52.10780093080262,-7.688946328761484,0.8263687541349843,0.580569695273586,0.0026410448986630766
2013-01-30,1.0,1.0,51.06950389199421,-7.849325378978191,0.8236161140142647,0.5751113573019788,0.002755906203486739
2013-03-14,1.0,1.0,45.77915889444532,-8.882532658008232,0.8078463122314392,0.5406904808821047,0.0016327237863266286
2013-04-26,1.0,1.0,34.86512297905935,-10.873699934956795,0.7764115667919775,0.48274365104045386,0.0007933479343095512
2013-06-10,1.0,1.0,23.446927926714153,-12.965643156715517,0.7388283119389536,0.43127403024144284,0.0011723233180932512
2013-07-23,1.0,1.0,14.595614883609624,-15.42003822239174,0.7035262664785336,0.3754511161013751,0.003588614460632549
2013-09-04,1.0,1.0,13.95445871676358,-15.51561763841789,0.6997601692233282,0.3747867005000133,-0.0017316811902927816
2013-10-16,1.0,1.0,13.484034711148153,-15.25462179061333,0.6992525651555564,0.38146122591135123,-0.0001224834508347091
2013-11-27,1.0,1.0,12.486974275110052,-15.821936765361231,0.6912159899996744,0.37001013663740984,0.0016955691523672268
2014-01-13,1.0,1.0,9.614995241102845,-16.371124929689774,0.6778167364259367,0.36130556277584397,0.0014416474576945284
2014-02-26,1.0,1.0,8.084783861796694,-16.67595553846887,0.670182920602796,0.3579500883951074,0.0009208939851342192
2014-04-09,1.0,1.0,8.238748993475099,-16.8444792506992,0.6658100077692806,0.355023529597513,0.0009862338779715331
2014-05-22,1.0,1.0,7.9589219365729145,-16.94186385322683,0.6584555933137614,0.3537174164225201,0.0003060769304069488
2014-07-07,1.0,1.0,5.762703102431708,-17.581339460664058,0.6504684306576124,0.3388112866525004,0.0006785557727734424
2014-08-18,1.0,1.0,5.451115314244198,-17.894877093375992,0.6420274083759889,0.3314793969292413,-0.00045854218054291107
2014-09-30,1.0,1.0,6.2981253971619315,-17.5367271892331,0.6416239210175397,0.3367967521981056,-0.0002116408003031387
2014-11-11,1.0,1.0,9.190554205602734,-16.490927877001845,0.6500012311527279,0.35588652572933566,0.003741322496514298
2014-12-24,1.0,1.0,10.139799587503884,-15.741356257055992,0.6579514844565055,0.36994271092688535,0.0006839102729740141
2015-02-09,1.0,1.0,10.63488985735604,-15.699224371229045,0.66095334587069,0.3716105434862004,-0.00032586753694916225
2015-03-24,0.9991736134010543,1.0,11.496338041614191,-15.084703486317284,0.6688901226779104,0.38377575000262265,-0.000891403403173564
2015-05-06,0.9991773352223671,1.0,10.449754412590519,-15.118309225873842,0.6650519667741899,0.38517586382378466,0.0007293671935141771
2015-06-18,0.9976793682740442,1.0,9.781706504397402,-14.967781403203125,0.6690421592303949,0.387609616434014,-4.665377874989284e-05
2015-07-31,0.9969126113662464,1.0,9.149925619922195,-14.710795040345108,0.6718452436064971,0.39292658930210544,-2.949890757747485e-05
2015-09-14,1.0,1.0,17.809669720013126,-11.680173545498148,0.7155036841521537,0.4655778362394701,-0.003542684198487371
2015-10-26,1.0,1.0,19.015617307311782,-11.484297030849238,0.7206957346688849,0.4689695689148213,0.0049994496327692255
2015-12-08,1.0,1.0,21.419266279892653,-11.033687733432696,0.7340081439809144,0.4780528502445265,-0.0005842115957501317
2016-01-22,1.0,1.0,24.40699844934664,-10.361121127510422,0.7466043758113462,0.49705227286394826,-0.004369179173219091
2016-03-07,1.0,1.0,23.580544496911553,-10.486799404757292,0.7531568622540453,0.4911584332561949,0.0030487380538684224
2016-04-19,1.0,1.0,22.449273470853083,-10.583923567349403,0.7543185232092522,0.4871922604502235,0.0012579296970053003
2016-06-01,1.0,1.0,21.23212218664547,-10.794924250729082,0.7538793574266905,0.4776839630773855,0.0007597789796508856
2016-07-14,1.0,1.0,23.247363454727104,-10.171921403552503,0.7653124485294306,0.4940658445848103,0.0025356555382406052
2016-08-25,0.9997841174945786,1.0,22.083137442903954,-10.576521577632075,0.7595188554296207,0.4805049217671797,0.0006111986428716262
2016-10-07,0.9999834889143565,1.0,21.821775278612776,-10.529393524064485,0.7624022717244036,0.48179792568015595,0.0006622152606195642
2016-11-18,0.9978190254762421,1.0,19.46555913477323,-10.926110874749012,0.75996816945997,0.4661591123790165,0.0026148856793346458
2017-01-04,0.9962451292631256,1.0,18.376997501283075,-11.004845654559976,0.7632763187098172,0.4615433455005634,0.0018010136303442709
2017-02-16,0.9924849259103731,1.0,16.57310104458653,-11.639083549274368,0.7550313215336937,0.4451279196684197,0.0020738567095414957
2017-03-31,0.9685170610790729,1.0,14.152903006267751,-12.83157949359267,0.7484432101508475,0.4093311079106728,-0.0007657136735978131
2017-05-15,0.9614318848125524,1.0,11.395588745456628,-14.229918994934161,0.7317028836485568,0.3757377831844779,0.00077424858932962
2017-06-27,0.9623327079925544,1.0,10.726825574941069,-14.477966168471927,0.7360910239999195,0.3671579580724522,0.00047384833022905864
2017-08-09,0.9549926006712586,0.9934367836226443,8.009003535639753,-16.15634930130801,0.7151433565500577,0.3290461130649102,0.0013390990369957566
2017-09-21,0.9437541065708384,0.9755038827003886,6.286797720817407,-17.446558540066363,0.6929611984696855,0.2988766377665126,0.0016922651384264835
2017-11-02,0.94094920190665,0.9822358047942473,5.0503367331301945,-18.755539373779715,0.6691714982497585,0.2741883740645828,0.001047439982568324
2017-12-15,0.9291973049491701,0.9932414705023201,3.214105056319641,-19.67327594121847,0.6526882324863529,0.25648270705439274,0.002221174871144234
2018-01-31,0.8931797867198399,0.9972821804666573,2.025967990897867,-22.170324442103585,0.6093980979754517,0.21612231049597425,0.002099597632081829
2018-03-15,0.9452690693553552,0.9961860492349466,3.914913619125607,-18.362593449361633,0.644908064794792,0.29669839491886746,0.00036290154127926924
2018-04-27,0.956882929322736,1.0,5.257067200826258,-17.305770140499778,0.6585426180529463,0.3173903248643003,0.0006146913403154818
2018-06-11,0.9614055473391825,1.0,5.519998375253351,-16.788708336082298,0.6660439495650524,0.3247974947339258,0.0007054002535196893
2018-07-24,0.9757610492105522,1.0,4.80787971536101,-16.911329715879194,0.6638173792638706,0.32679489392160704,0.0021043577912122783
2018-09-05,0.9784098032812619,1.0,4.556594133376212,-16.920695278849777,0.6649824719437372,0.32656987911107327,0.00033177579137908404
2018-10-17,0.9801251408803695,1.0,4.476526551031618,-16.50900012088679,0.66924545225123,0.3367649399679719,-0.0013976274625575567
2018-11-29,0.9843828137923627,1.0,5.042925064200943,-15.907423978176602,0.6749801714864133,0.34749500342462813,0.0006050872485623466
2019-01-15,0.9889489558216918,1.0,8.798622985078183,-13.700787762196166,0.7042964405848453,0.39536611086250123,0.0008594505124956058
2019-02-28,0.9898726268175877,1.0,8.388225520324749,-14.061913651346707,0.6961557728955635,0.38910103254654194,0.0017787743162082624
2019-04-11,0.9891495684829251,1.0,8.830351586988613,-13.95414568282722,0.6990429449337859,0.39148116616443873,0.0007832648139808605
2019-05-24,0.9899171378211274,1.0,8.038500663451085,-14.189350804559126,0.6964238385993731,0.38710270181147705,-0.0015765754670281414
2019-07-09,0.9889101522917259,1.0,8.43838290595588,-13.912349553699375,0.7015164142736855,0.39307824156459237,0.001500741696320392
2019-08-20,0.9938192066899016,1.0,9.420064850778774,-13.445927032583494,0.7092910390017924,0.4054241365082056,-0.003084616608500627
2019-10-02,0.993784928391134,1.0,8.9302899495651,-14.185158482836938,0.7055970344000586,0.38316117939331795,-0.00020245224300476398
2019-11-13,0.9883980167123263,1.0,7.452720421836849,-15.373657922130956,0.6905467621455835,0.3553095321055158,0.0022839654253821694
2019-12-27,0.9896237597015366,1.0,7.74021485465179,-15.080613300005373,0.6954309477297266,0.36074522252187513,0.001119982003406851
2020-02-11,0.9936613736005014,1.0,7.8928084230036015,-15.23991716788798,0.692452053933899,0.3591992346977662,-7.445719772181437e-05
2020-03-25,1.0,1.0,47.51352670992256,-7.1137424484733796,0.8254658030997998,0.588163258168132,-0.01363770303916525
2020-05-07,1.0,1.0,44.695704213439605,-6.803818695106238,0.834865943543378,0.5992797397215617,8.875641228995017e-05
2020-06-19,1.0,1.0,45.189251645478606,-6.481746609374544,0.8445497706905707,0.6090825943625908,0.0027898549201706146
2020-08-03,1.0,1.0,43.558345886690695,-6.764237639073594,0.8403028790636395,0.597136877728436,0.0003945364440681368
2020-09-15,1.0,1.0,42.596402296306934,-6.767394920456351,0.8398969496464027,0.5969493818443112,-4.675239089926876e-05
2020-10-27,1.0,1.0,40.592003100546705,-6.779272252111756,0.8395465212028607,0.5968327284858795,0.000460046995397796
2020-12-09,1.0,1.0,40.70809401968333,-6.755726550479568,0.8438493680558211,0.594627317342578,0.003761312684221587
2021-01-25,1.0,1.0,38.80670411407856,-6.930570065457861,0.8409614563432158,0.5876931458970802,0.0013895619484153026
2021-03-09,1.0,1.0,37.382903695733745,-7.034180558782961,0.8393774963248815,0.5835429261800015,0.0022864642057216986
2021-04-21,1.0,1.0,36.21004478804012,-7.174819829867053,0.8377059574787084,0.5770707482324701,0.002356012285238282
2021-06-03,1.0,1.0,36.952970807390486,-7.137920184451299,0.8386284143061389,0.5768791939800132,0.0007741633004913958
2021-07-16,1.0,1.0,37.12710635323363,-7.110329482892061,0.8393268772113007,0.5770950723679876,0.0006188970791165922
2021-08-27,1.0,1.0,38.307798465494244,-7.070422268693327,0.8410231417751448,0.5770713396837845,0.001445600992491094
2021-10-11,1.0,1.0,37.13031006928796,-7.750183395942015,0.8335811085482007,0.5470025894432523,5.5587976960186444e-05
2021-11-22,0.9991617421803813,1.0,17.554349652475235,-13.138782879913842,0.7564311325242975,0.3746300938761417,-0.00020632792156023504
2022-01-05,0.9998066603945744,1.0,16.621165732482265,-14.030333852410257,0.736278343073998,0.35166778265643284,0.0017150945933570004
2022-02-17,0.9860065534125013,1.0,7.2736990586351125,-16.279768677652793,0.7025941180683476,0.30008147012367603,-0.0007733787460738365
2022-04-01,0.9845611428741077,1.0,8.513422505291924,-15.56748786134028,0.7145723816012911,0.31698814062671943,0.00104198884843605
2022-05-16,0.9908862982116244,1.0,7.491859055425625,-15.423928266621754,0.719059289527607,0.3217182038061484,-0.003150451717801102
2022-06-29,1.0,1.0,7.811831468366846,-15.221884154190597,0.7151947096398522,0.33182284645156496,-0.0044152139524395
2022-08-11,0.9979124363283423,1.0,8.504951178155387,-15.074088395005978,0.7160783827260118,0.3345433110394103,0.004747183202903895
2022-09-23,0.9985412137535296,1.0,12.208401400205238,-13.738728342826885,0.7354582465625576,0.36591124021656185,-0.006451285153434414
2022-11-04,1.0,1.0,15.676756272657986,-13.019871603461722,0.740515454033137,0.3915109409706758,0.005377643060803371
2022-12-19,1.0,1.0,16.660828849207245,-12.702682410305288,0.7431867011442194,0.4027334020081626,-0.0018158260308309537
2023-02-02,1.0,1.0,16.558704259986687,-12.857592851589743,0.7390784113188147,0.4027794416976081,0.001923212290855293
2023-03-17,1.0,1.0,16.06048063989016,-12.914438529064313,0.7397258016337955,0.40146255743579945,-0.004128493012914092
2023-05-01,1.0,1.0,15.057478946982021,-13.218711491201137,0.7338121210312674,0.3968418238714353,0.0005797026383623572
2023-06-13,1.0,1.0,16.437411089449263,-12.910512859010678,0.742860750632076,0.39937150366216384,0.0021824828181096446
2023-07-27,1.0,1.0,15.42427859699004,-13.11479866361374,0.7411613154290985,0.3952269671925234,0.0023668634366897775
2023-09-08,1.0,1.0,16.94909561556052,-12.824838852089549,0.7440792640791242,0.40335192733546965,-0.0011383152208901109
2023-10-20,1.0,1.0,14.75447480903175,-13.266930289393365,0.733557243216364,0.3984974232169039,-0.0015969636436998196
2023-12-04,1.0,1.0,13.833164614940348,-13.684531554739058,0.7261526409629501,0.3895403542070329,0.0027712372086370852
2024-01-18,1.0,1.0,10.502049276042719,-14.945356968908955,0.710049059879735,0.3604413534191889,-0.0005599544006937357
2024-03-01,1.0,1.0,8.466401792767368,-15.88123651379077,0.690235646757252,0.3472286462930491,0.0010357145359960462
2024-04-15,1.0,1.0,6.5632190428810295,-16.784147967052505,0.6771433176666474,0.33221490220129474,-0.0007312801134375899
2024-05-28,0.9961230558617697,1.0,3.0735911116605283,-19.54481555829468,0.642236196189016,0.2755272158785354,0.0007495605020135615
2024-07-11,0.9865772127558203,1.0,2.1355088508423052,-21.147684576778325,0.6258654661023064,0.24419215642611727,0.0014094285146034565
2024-08-22,0.9707152656231214,1.0,2.2097746261875892,-21.605517282415075,0.6307763584777814,0.22688693406015556,0.00012872466577388352
2024-10-04,0.9548212957651737,1.0,2.303406696312638,-21.481669419402024,0.6358046466870798,0.22419926883391098,0.0026294178659798284
2024-11-15,0.9334155252218841,1.0,1.772714340259126,-22.298269049299314,0.62117639657826,0.20939545654927194,0.00027539431359507817
2024-12-31,0.9362937108832186,1.0,1.8135552329958982,-22.411693793804545,0.6193970221177082,0.2062039081234304,-0.0025481871851481546
2025-02-14,0.9124654649642613,1.0,1.3301222916378976,-23.070809713416715,0.6072006929532264,0.19659291892241137,0.0019180810255913258
2025-03-31,0.8989976630537864,1.0,1.421915283209653,-22.21746476473105,0.6250503489493467,0.2061042659342285,-0.0016667644722289762
2025-05-13,0.9614239616698936,1.0,3.610495664243292,-17.279440745315878,0.6863456906684533,0.2894649577620244,0.003891154619892868
2025-06-26,0.9601463201463961,1.0,3.5967437799790947,-16.800854449603538,0.6980226542551101,0.2941267780198781,0.0023865617363694326
2025-08-08,0.9574530412505492,1.0,3.7926350673979194,-17.12601743684421,0.6919668875750262,0.2896666157360902,-0.0007172212428556412
2025-09-22,0.9524224288929662,1.0,4.279369977800957,-16.95951752748319,0.704827707748738,0.2888096849767997,0.0008157736793971678
2025-11-03,0.9482567838150714,1.0,4.548769294327537,-17.169172678276574,0.7018185443771949,0.2851469715645264,-0.0002488279100129285
2025-12-16,0.9412687441614742,1.0,5.046005884472373,-17.095120151765293,0.7064728589199717,0.2840223095950062,0.0021930067291554014
2026-01-30,0.9282330354217937,1.0,4.233557879034436,-17.525507237855685,0.7075987582404331,0.27568312123634015,0.00135491316475434
2026-03-16,0.9117233487033318,1.0,3.7646196212722587,-17.68362153694347,0.7039785710530562,0.27068974942513957,-0.002459994855621087
2026-04-28,0.9074255039967032,1.0,3.439059896274416,-17.885235603473348,0.704941515644548,0.26454531745874127,0.0034155521908969264
2026-06-10,0.885429731514692,1.0,3.032733427693784,-18.114900158748515,0.7050032437723208,0.2554463958651403,0.0010995292290286126
