,equal,theirs,tsi,tsi_inv
2019-06-26,67953.7784365532,67953.7784365532,75364.46782851848,68235.19347474503
2019-08-25,97085.35699829929,97085.35699829929,107672.98643959973,97487.4138092101
2019-10-24,121852.26233965704,121852.26233965704,135140.8430291118,122356.88562697127
2019-12-23,209546.2404349695,209546.2404349695,224022.1572765006,200837.8581628087
2020-02-21,103401.4150976215,103401.4150976215,103401.4150976215,103401.4150976215
2020-04-21,214836.883948137,212433.6635026815,214836.883948137,214836.883948137
2020-06-20,404342.7572272361,399819.6755138794,404342.7572272361,404342.7572272361
2020-08-19,496141.91818989813,490591.94753435004,496141.91818989813,496141.91818989813
2020-10-18,326687.06849283056,323032.6632164188,326687.06849283056,326687.06849283056
2020-12-17,364338.3462484199,364338.3462484199,364338.3462484199,364338.3462484199
2021-02-15,150607.71340644048,150607.71340644048,150607.71340644048,150607.71340644048
2021-04-16,58193.38095767971,58193.38095767971,58193.38095767971,58193.38095767971
2021-06-15,65555.72742199709,65555.72742199709,65555.72742199709,65555.72742199709
2021-08-14,61943.73116411424,61943.73116411424,61943.73116411424,61943.73116411424
2021-10-13,30018.72398536714,30018.72398536714,29809.353278042832,32239.164682794908
2021-12-12,41010.61786579375,41010.61786579375,40665.75792427416,43980.49345260483
2022-02-10,45383.46257217856,45383.46257217856,45001.831202960624,48670.007485477436
2022-04-11,44457.93884605085,44457.93884605085,44084.0902432158,47677.45988937935
2022-06-10,91881.85421648147,91881.85421648147,86245.81913225478,96403.90126531568
2022-08-09,101113.45432936656,101113.45432936656,101113.45432936656,101113.45432936656
2022-10-08,80878.51018420447,80878.51018420447,80878.51018420447,80878.51018420447
2022-12-07,109919.82638423287,109919.82638423287,117270.09931993391,109949.97656354649
2023-02-05,79567.92140781927,79567.92140781927,86062.24352553829,78220.1783608025
2023-04-06,107997.78246847937,107997.78246847937,116812.54569139716,106168.48671913963
2023-06-05,125244.92121475194,125244.92121475194,135467.39338174523,123123.48874856772
2023-08-04,164194.05159680077,164194.05159680077,166464.18572550055,161368.62599267048
2023-10-03,153042.59130124294,153042.59130124294,156112.47917526713,138099.89508289876
2023-12-02,103178.7278992143,103178.7278992143,105110.55543307666,96945.7274200223
2024-01-31,101051.42912961065,101051.42912961065,97974.01622117397,98028.51803728836
2024-03-31,160484.348864678,160484.348864678,140401.67752667272,150101.2157470739
2024-05-30,123417.07344156619,123417.07344156619,114202.0376705289,121530.39506768997
2024-07-29,110799.60046953081,110799.60046953081,96969.91681069868,98952.37727467537
2024-09-27,130311.63116737893,130311.63116737893,124321.89713635144,109430.6064965623
2024-11-26,92467.13957663473,92467.13957663473,79863.29039746776,83717.02045122499
