date,kappa,omega
2005-03-30,0.8642612475619741,5.653718939183257
2005-04-13,0.872536857643638,4.818959244911101
2005-04-27,0.9757970935188951,13.987035400688322
2005-05-11,0.9775555856915444,14.205795334967428
2005-05-25,0.9923631188454906,22.213313485990387
2005-06-08,0.9955386492201885,20.26797582690822
2005-06-22,0.9902368030792754,15.155517683660477
2005-07-06,0.9933506979373997,18.153728201139913
2005-07-20,0.9814429138788502,17.506420057050786
2005-08-03,0.9458159692486201,9.76658606625921
2005-08-17,0.9506357763214078,12.147183331345317
2005-08-31,0.9544160977596735,15.923131570583132
2005-09-14,0.9515215448365074,19.654545266558202
2005-09-28,0.964897452804702,31.72455491080284
2005-10-12,0.9524183614488297,20.90925527996532
2005-10-26,0.9860821445445815,37.30604456979458
2005-11-09,0.9899918938674196,39.07945239967896
2005-11-23,0.9848215307339261,26.712440281273043
2005-12-07,0.9865207043029737,24.03092737755376
2005-12-21,0.9763411226192298,10.058738561802262
2006-01-04,0.979116792767803,9.367598856438422
2006-01-18,0.947353487538374,9.294329947998927
2006-02-01,0.9337285140022272,5.931683131831129
2006-02-15,0.9213065761443503,5.710048851197924
2006-03-01,0.8909159020825222,5.684640651206104
2006-03-15,0.8792480878451135,7.008315023856618
2006-03-29,0.8748134528265489,5.969282885218057
2006-04-12,0.9149371261787602,6.645699418564324
2006-04-26,0.9004704358749431,6.141893733627004
2006-05-10,0.9129456672552206,4.595495705888194
2006-05-24,1.0,28.57951005791677
2006-06-07,0.9992732222504446,49.68113854341967
2006-06-21,0.97841458635622,67.41389950306592
2006-07-05,0.9828306913086223,76.94898130482373
2006-07-19,0.9859025949598272,92.68096240532915
2006-08-02,0.9874433768376282,98.67689311154382
2006-08-16,0.9783309725461028,99.0205078824455
2006-08-30,0.971709323708346,77.23709524967389
2006-09-13,0.9969803711388556,62.446133873458095
2006-09-27,0.9955503957074825,36.625053485817666
2006-10-11,0.9749977390036589,19.260238223984494
2006-10-25,0.9568216161258445,14.448919845490082
2006-11-08,0.9262193118326859,8.107446654998455
2006-11-22,0.8919528040999138,5.2380433810475004
2006-12-06,0.9720969068104053,7.2753602936368
2006-12-20,0.9549806449391226,5.826798015683571
2007-01-03,0.9709216162641138,11.315211379533098
2007-01-17,0.9585078635743628,12.778184891532728
2007-01-31,0.949618761263048,12.27823916843221
2007-02-14,0.9668321590502524,16.426535045331896
2007-02-28,0.9558079271534315,10.469231538429288
2007-03-14,0.974628561383383,16.23088751928905
2007-03-28,0.9779063790605625,19.015434359375785
2007-04-11,0.993731855077422,21.627022937335514
2007-04-25,0.9978428729840074,35.224151155611786
2007-05-09,0.9824817865037646,26.6759322408472
2007-05-23,0.9745346865324768,16.656916933941407
2007-06-06,0.963948265800325,7.436659239094265
2007-06-20,0.9424969389995588,6.666340221573956
2007-07-04,0.943739889538988,7.430925371243398
2007-07-18,0.9579824902627336,9.53084151351961
2007-08-01,0.9853194759389879,27.99252227625118
2007-08-15,0.9920740724552289,56.846472016857106
2007-08-29,0.997472579066042,48.396900452965816
2007-09-12,1.0,58.547646013417555
2007-09-26,1.0,72.35167023032473
2007-10-10,1.0,69.73115122308232
2007-10-24,0.9957008909547275,41.904484004487195
2007-11-07,0.994803373459506,24.33516757349855
2007-11-21,0.9498039786822894,15.97303931699795
2007-12-05,0.9299827517025212,14.224302306738805
2007-12-19,0.9033367153910175,9.23638006856735
2008-01-02,0.9191738849454296,11.475800506471387
2008-01-16,0.91571154567782,10.740540717548617
2008-01-30,0.995106744962919,66.23791778083653
2008-02-13,0.9987927821882615,88.66582719694364
2008-02-27,0.9993878552681262,74.18578065061268
2008-03-12,0.9990434883443142,80.4316852759602
2008-03-26,0.9996641653007583,68.58289492658635
2008-04-09,0.9989576416063596,82.64148359842464
2008-04-23,0.9951119788056446,37.30736803576647
2008-05-07,0.9911196729860502,32.66525213941967
2008-05-21,0.9918407881574082,22.01688412544422
2008-06-04,0.9932348217858343,35.958620330894526
2008-06-18,0.9823111889462579,17.609787809609678
2008-07-02,0.9884405771527258,17.371722340817044
2008-07-16,0.9856398829706732,24.842803454582832
2008-07-30,0.960701937321393,20.960214873444905
2008-08-13,0.9736894532900532,19.397080764714616
2008-08-27,0.9744141309597056,25.000391399120513
2008-09-10,0.9866521093328589,30.487039926865737
2008-09-24,0.9867932756444968,37.43206101368854
2008-10-08,1.0,92.68566050673392
2008-10-22,0.9999138685998252,60.949344168043964
2008-11-05,0.9901857152192546,41.97764462432725
2008-11-19,0.9920293772911896,47.21822722683602
2008-12-03,0.9937839231675765,69.84951946338046
2008-12-17,0.9950223664841167,75.55144541232202
2008-12-31,0.9922810216673369,71.0395361494116
2009-01-14,0.9918552790926958,68.0978672801803
2009-01-28,0.9895542711245269,39.62305439786476
2009-02-11,0.9889928630422818,43.35360407887896
2009-02-25,0.9919214126743717,22.77974983255424
2009-03-11,0.9930720575060722,21.41993568037241
2009-03-25,0.9881402571100164,20.978789821582385
2009-04-08,0.9963258086751375,33.34188559390896
2009-04-22,0.9979504331788207,44.192284051068725
2009-05-06,0.9908627260537144,41.064389642403974
2009-05-20,0.9869028515787772,40.37130853685036
2009-06-03,0.9442205902469261,24.187567270600137
2009-06-17,0.9525157401246428,27.356237740549048
2009-07-01,0.8880962843801304,19.435305177371724
2009-07-15,0.911797007089095,27.695466894125843
2009-07-29,0.9544798831238447,28.818314048032104
2009-08-12,0.967688957858572,29.495839780081933
2009-08-26,0.9745889188018083,25.624427303994704
2009-09-09,0.9817987137057184,15.98017541314681
2009-09-23,0.9600326432443682,15.27803430201227
2009-10-07,0.9519253180281122,13.233134243664328
2009-10-21,0.9549300662567372,19.75652125792534
2009-11-04,0.9835605141885022,36.45908316737609
2009-11-18,0.9818460944246384,33.196733176791476
2009-12-02,0.998326524856187,63.16445699960545
2009-12-16,0.9995872907063453,67.56911881410161
2009-12-30,1.0,68.44383411105298
2010-01-13,1.0,69.43617871528494
2010-01-27,0.9988072995505192,62.83592933850884
2010-02-10,1.0,72.51089085242737
2010-02-24,0.9944673777077361,42.16146538932533
2010-03-10,0.9898597780880646,41.23999009729763
2010-03-24,0.9850548044013323,33.17527589350528
2010-04-07,0.9775353568435946,41.655291161756594
2010-04-21,0.9847480995144434,46.373354019617636
2010-05-05,0.9984259326084993,63.71251126994617
2010-05-19,1.0,151.6504523006422
2010-06-02,1.0,132.00130140617532
2010-06-16,1.0,120.60517218614318
2010-06-30,1.0,120.98492397845281
2010-07-14,1.0,117.4023989062899
2010-07-28,1.0,100.00099926966712
2010-08-11,0.9994670055898658,66.33024740070226
2010-08-25,0.9991331461220433,60.80968117390645
2010-09-08,0.9975468109249696,54.98219257188975
2010-09-22,0.9909124470383114,41.17906731894949
2010-10-06,0.986432961014062,31.80643917532694
2010-10-20,0.9941794514375737,37.90110759861332
2010-11-03,0.9906183692393239,36.2885653013561
2010-11-17,0.976042496344346,18.726301272687603
2010-12-01,0.9839476071693052,21.116897430474886
2010-12-15,0.9827930524916306,20.95642534643148
2010-12-29,0.9710135225393765,18.429205092624844
2011-01-12,0.9899051323219268,23.297836388558085
2011-01-26,0.9835736910504524,18.75895895012088
2011-02-09,0.9628760967895149,11.308283487232838
2011-02-23,0.8835802643756928,7.658942360877597
2011-03-09,0.882232282110649,8.060822735155815
2011-03-23,0.9627417729945941,15.3131340828166
2011-04-06,0.9654917232998627,14.242877576471674
2011-04-20,0.9925076785769519,26.50010864557601
2011-05-04,0.9883787244282598,34.35972838822307
2011-05-18,0.9917923950343789,41.12036116214821
2011-06-01,0.9904306977075964,27.873265950347257
2011-06-15,0.9820600421508663,21.521956976897492
2011-06-29,0.99385220961525,38.48206103424909
2011-07-13,0.9912367082612432,35.60459395977274
2011-07-27,0.9910648478811065,38.635436679123416
2011-08-10,0.9996379140694334,65.12477150006337
2011-08-24,1.0,93.19232712016627
2011-09-07,1.0,122.44449668144013
2011-09-21,1.0,124.25354014188784
2011-10-05,1.0,118.18177339669339
2011-10-19,1.0,130.84908992302073
2011-11-02,1.0,150.77868336938545
2011-11-16,1.0,149.67197699278972
2011-11-30,1.0,159.75278136598283
2011-12-14,1.0,163.33570858042376
2011-12-28,1.0,187.61026535263932
2012-01-11,1.0,184.71699774071342
2012-01-25,1.0,113.07447539455062
2012-02-08,1.0,101.14830573202295
2012-02-22,0.9914609400990776,34.191666149359
2012-03-07,0.9893266520010784,24.40449308457049
2012-03-21,0.9812217419695328,22.857503453326462
2012-04-04,0.9872278088863369,22.61357901432913
2012-04-18,0.9939706126090289,60.84177993379479
2012-05-02,0.9981617831096448,51.017457083123205
2012-05-16,1.0,45.00114314552371
2012-05-30,0.9968774153494769,46.58459455848279
2012-06-13,0.9988516837786674,38.82416526226315
2012-06-27,0.9766223726194457,34.60034898715012
2012-07-11,0.9663522798411479,35.44608434686074
2012-07-25,0.9624163600173772,48.668112714038585
2012-08-08,0.9925344886258698,79.84195011713363
2012-08-22,0.9896657799989815,75.47075316322947
2012-09-05,0.9926435347205282,84.78029328326356
2012-09-19,0.997998848539248,75.57897130489495
2012-10-03,0.998913928488672,93.15830886586106
2012-10-17,0.9978259065331139,86.70944128943111
2012-10-31,0.9918366210267953,39.43239660461421
2012-11-14,0.9930814905405955,39.392735544318036
2012-11-28,0.9963701625063223,60.83001446320213
2012-12-12,0.9986304987786475,50.8415568432724
2012-12-26,0.9964609782534638,43.55997447198617
2013-01-09,0.9957948537173751,29.932871007074283
2013-01-23,0.9647219680702998,16.8853122725286
2013-02-06,0.9714424177381573,20.56042971932948
2013-02-20,0.9377287066703157,14.495699934131155
2013-03-06,0.9798088826983709,23.7683181639996
2013-03-20,0.9885444802358831,26.61454845058844
2013-04-03,0.9788044560994296,25.667780613887327
2013-04-17,0.9686641468817502,28.173096866510182
2013-05-01,0.9727520099096415,26.448688072681726
2013-05-15,0.9723487759455083,21.397427721902584
2013-05-29,0.9797765987822696,19.361165271576056
2013-06-12,0.9872916919091067,23.72780024431843
2013-06-26,0.9923432979015854,27.953542565176406
2013-07-10,0.9961711334743443,44.35277359816194
2013-07-24,1.0,43.03403104780855
2013-08-07,1.0,33.16474649278716
2013-08-21,0.997243052996524,26.919732913450552
2013-09-04,0.9940414638565511,21.012288666706375
2013-09-18,0.9893614481802288,17.06176963644264
2013-10-02,0.976562557332831,7.551047263732831
2013-10-16,0.9810353823444329,12.517344243179371
2013-10-30,0.9809724228071893,12.659496659837293
2013-11-13,0.9660823864736949,10.995182464296022
2013-11-27,0.9085199619487051,6.07691243518391
2013-12-11,0.9420343956809097,8.856661249973294
2013-12-25,0.9784141509763906,14.389929259099272
2014-01-08,0.9868991312043336,13.160401613583032
2014-01-22,0.9846491437193514,15.145363038144737
2014-02-05,0.9902146306977712,39.008690345953205
2014-02-19,0.9880014482170402,47.52281096976778
2014-03-05,1.0,58.95755504479249
2014-03-19,0.999506687961175,42.339498742262975
2014-04-02,0.9984538191261175,25.163895699558523
2014-04-16,0.9994633865558767,36.87548096665831
2014-04-30,0.9980539956692335,30.28110449834991
2014-05-14,0.9967527935760662,21.19179471424133
2014-05-28,0.9687132008348432,10.877058166963865
2014-06-11,0.9042192659963553,8.360895012947227
2014-06-25,0.8891880279805924,11.043245776391265
2014-07-09,0.9290838719705131,11.105011583142447
2014-07-23,0.9690687917616443,24.385682135301977
2014-08-06,0.9356702699286943,16.812732402301158
2014-08-20,0.960704439435356,23.45533210633995
2014-09-03,0.9726127564456424,33.65819893436344
2014-09-17,0.9743454526171084,34.58382472693014
2014-10-01,0.9769827559815695,30.856673887831924
2014-10-15,0.9889666994197516,62.523042213165645
2014-10-29,0.998633225876995,71.08019173499751
2014-11-12,1.0,93.95804418183288
2014-11-26,1.0,90.97122820519047
2014-12-10,1.0,95.82862639435305
2014-12-24,1.0,113.90271147690778
2015-01-07,1.0,128.99013210330978
2015-01-21,1.0,133.32304211155088
2015-02-04,1.0,100.08358794617875
2015-02-18,1.0,78.16720419710325
2015-03-04,1.0,68.75308419383181
2015-03-18,0.9976881125137712,42.48520766332293
2015-04-01,0.9958500039534787,28.964940772171808
2015-04-15,0.9699118378540922,16.562005733417553
2015-04-29,1.0,40.47031559233445
2015-05-13,0.999905334870769,47.67512027665177
2015-05-27,1.0,56.783900232931316
2015-06-10,1.0,61.99745873153754
2015-06-24,1.0,83.89638890230363
2015-07-08,1.0,98.09885157328449
2015-07-22,1.0,110.91914689582657
2015-08-05,1.0,100.66428991922466
2015-08-19,1.0,103.39759675875634
2015-09-02,1.0,87.11908820897014
2015-09-16,1.0,80.11361377419662
2015-09-30,1.0,119.8400717158403
2015-10-14,1.0,98.30584760301558
2015-10-28,1.0,94.4237826012093
2015-11-11,1.0,85.72850948524585
2015-11-25,1.0,52.89895575498842
2015-12-09,1.0,51.12795047714873
2015-12-23,0.9990763247722685,55.4434940398527
2016-01-06,0.9995103045895822,81.3101232065197
2016-01-20,1.0,82.35089172438101
2016-02-03,1.0,82.2891361619762
2016-02-17,1.0,76.60501181682214
2016-03-02,1.0,73.54592887540782
2016-03-16,1.0,68.01045703512943
2016-03-30,1.0,58.80063725245055
2016-04-13,1.0,52.36607078810146
2016-04-27,1.0,52.99948742804999
2016-05-11,1.0,40.08366001701753
2016-05-25,1.0,31.021293242386584
2016-06-08,0.9976823778607372,30.55119331524603
2016-06-22,1.0,51.03070282067529
2016-07-06,1.0,80.64493061281183
2016-07-20,1.0,95.52428973432745
2016-08-03,1.0,119.14056470142036
2016-08-17,1.0,108.97430598395931
2016-08-31,1.0,113.37898689996656
2016-09-14,1.0,100.95990701305159
2016-09-28,0.9785532175302281,19.912714131207643
2016-10-12,0.9700175428923834,14.829960283196598
2016-10-26,1.0,21.48316343055858
2016-11-09,0.9926736910877961,21.147580134169143
2016-11-23,0.9653075188114616,10.391859580910538
2016-12-07,0.9238688039579059,8.122656248257888
2016-12-21,0.8398643515748756,3.770712944007555
2017-01-04,0.8046512399262216,5.400449803407699
2017-01-18,0.692825764104742,3.5075352518744407
2017-02-01,0.6500864007360753,3.7842380153191932
2017-02-15,0.9459283005619028,5.470206311612553
2017-03-01,0.9324784800626661,5.334657866646227
2017-03-15,0.9019431967675763,3.68010519330093
2017-03-29,0.9078998417020403,4.589518453698553
2017-04-12,0.9318817536833408,5.16240754737598
2017-04-26,0.9654205873922546,12.726146277940947
2017-05-10,0.9451736470019788,12.527698902841633
2017-05-24,0.9585588664091822,9.531496959854387
2017-06-07,0.9702009181341671,9.063179132710376
2017-06-21,0.9658772011669307,10.266892707017204
2017-07-05,0.9752005032699121,12.150944571557705
2017-07-19,0.9581463080868917,4.417640104065722
2017-08-02,0.9710709869789863,6.025147802043684
2017-08-16,0.9827248588326508,11.565095473540593
2017-08-30,0.9933007149212641,14.541260124658072
2017-09-13,1.0,18.809344785298702
2017-09-27,0.9904340674541755,14.27771306299717
2017-10-11,0.9561419244852963,10.809347800415251
2017-10-25,0.9134458178222664,8.917083657851109
2017-11-08,0.741779073504472,1.9809766642838496
2017-11-22,0.6595750385429306,1.4826036665927878
2017-12-06,0.6843993724609188,2.0603403966454397
2017-12-20,0.8298725653094052,3.529763242398742
2018-01-03,0.8747404196465849,5.644940080460276
2018-01-17,0.9245709880454127,8.946418454166876
2018-01-31,0.9838961833785566,10.635159008661667
2018-02-14,0.9915933518175617,19.78688555173942
2018-02-28,0.9958768438266048,26.184026718856007
2018-03-14,0.9987868937453217,42.36366518143258
2018-03-28,1.0,39.281268745070875
2018-04-11,1.0,46.31999512076203
2018-04-25,1.0,54.23605581006964
2018-05-09,0.9730531186201798,12.32782031528432
2018-05-23,0.9848792574275075,10.195879449677859
2018-06-06,0.9627028002969921,8.491125417952567
2018-06-20,0.9362770634251333,5.39398177090765
2018-07-04,0.9404921672146713,6.411293875956938
2018-07-18,0.9651360444326579,10.108052319918208
2018-08-01,0.9332810812425919,11.897580937447707
2018-08-15,0.976764211595103,16.329208906960645
2018-08-29,0.9690589022266229,15.163078753352961
2018-09-12,0.9652512635044892,13.052993193426447
2018-09-26,0.9003276141690987,4.9077999383667485
2018-10-10,0.879364548618901,4.105318877457802
2018-10-24,0.9162460536966208,4.795042104859939
2018-11-07,0.8886766078021392,4.964607038383008
2018-11-21,0.9282266699550177,4.905755464142207
2018-12-05,0.8694276511175789,6.680271724298902
2018-12-19,0.9674406853254673,14.855646034595173
2019-01-02,0.9797827671302292,22.961653918037925
2019-01-16,0.9784015768800758,29.12545353384697
2019-01-30,0.9860174113266079,29.058420285710685
2019-02-13,0.9959389784678349,31.70269360925259
2019-02-27,0.9973167525033562,34.76654407286841
2019-03-13,0.9639032489775425,16.004425193350162
2019-03-27,0.9548546410065827,16.62799321140352
2019-04-10,0.9500750407900046,10.512741081806428
2019-04-24,0.8410760135200995,8.747092454470934
2019-05-08,0.7733304366548337,5.675527738188844
2019-05-22,0.8523104449715863,9.762750004338825
2019-06-05,0.9349383531380255,14.796122419725442
2019-06-19,0.9118660623698159,15.753443817780974
