omega_exposure,voltarget_exposure
0.55,0.6381985511665493
0.5841584158415842,0.6541719288274732
0.7745098039215687,0.7508882468087479
0.7184466019417476,0.7156471056828412
0.11538461538461542,0.5363525228886769
0.00952380952380949,0.4539796260342298
0.0,0.4116936384786404
0.0,0.3969277747192232
0.0,0.3813535227204201
0.01834862385321101,0.3844339170239807
0.036363636363636376,0.42188733396692113
0.09909909909909909,0.48342197445856283
0.0535714285714286,0.5032976017290129
0.03539823008849563,0.5279886940114225
0.14035087719298245,0.5612954275786287
0.24347826086956526,0.6134777015708959
0.4482758620689655,0.6726352483873353
0.4786324786324786,0.676977352245738
0.576271186440678,0.7271684971730059
0.7647058823529411,0.7862557998405562
0.8333333333333334,0.8332213891254563
0.8347107438016529,0.8556922590901336
0.8442622950819672,0.8406925619058374
0.8780487804878049,0.9446050682798228
0.8951612903225806,0.9362496007468288
0.632,0.7667083371112655
0.7301587301587302,0.7604165546803157
0.6299212598425197,0.7795217792452284
0.734375,0.8077767948296358
0.6744186046511628,0.78785317968026
0.8461538461538461,0.8797510231056124
0.8473282442748091,0.937984645213642
0.7878787878787878,0.8647383562087583
0.4736842105263158,0.7572632873092855
0.4776119402985075,0.7370883090164869
0.11851851851851847,0.40065199525726986
0.08088235294117652,0.3200488572522558
0.058394160583941646,0.3016733129856354
0.02898550724637683,0.2913767387505604
0.02877697841726623,0.2707896735979531
0.02857142857142858,0.2585305009500391
0.007092198581560294,0.28411003910464544
0.04225352112676062,0.31446333099972307
0.04195804195804198,0.30791664070501834
0.04861111111111116,0.3151844858170565
0.07586206896551728,0.3452881058964255
0.04109589041095896,0.3735364002603713
0.09523809523809523,0.4357839891938973
0.17567567567567566,0.4990347267685651
0.43624161073825507,0.6801584368664766
0.74,0.7410491923686887
0.8609271523178808,0.8745142139731129
0.638157894736842,0.8075066122538921
0.4901960784313726,0.7667212257826364
0.512987012987013,0.7645063439740564
0.5741935483870968,0.7351371764174294
0.41025641025641024,0.6605875760472811
0.28025477707006374,0.6148015928403847
0.3417721518987342,0.6101858052545706
0.2767295597484277,0.6038858986565829
0.23750000000000004,0.5737378820161346
0.22360248447204967,0.6001799758991587
0.49382716049382713,0.7068347445130736
0.6748466257668712,0.7401904137716243
0.6036585365853658,0.8149060166176421
0.6363636363636364,0.8776792341806535
0.8734939759036144,0.9439901070703096
0.5988023952095809,0.7722340576487723
0.49404761904761907,0.7247051716404971
0.5680473372781065,0.7854729553281844
0.4117647058823529,0.7308786699481978
0.30409356725146197,0.6897464986554768
0.3081395348837209,0.737062456362299
0.7514450867052023,0.8733824978418563
0.7816091954022988,0.8334947894845579
0.7942857142857143,0.8502156618421609
0.7840909090909091,0.9205926178109571
0.903954802259887,1.0
0.7752808988764045,0.8508355865729991
0.8491620111731844,0.8625205984453754
0.9166666666666666,0.9732378601708418
0.8729281767955801,0.858278496352052
0.6483516483516483,0.7375810882518842
0.5245901639344263,0.7350990256525277
0.5978260869565217,0.8154556624046703
0.7405405405405405,0.8293334668247282
0.6720430107526882,0.8171265117383335
0.5989304812834224,0.8688307737711044
0.9042553191489362,1.0
0.9470899470899471,1.0
0.7578947368421053,0.9364001874299834
0.8272251308900523,0.9483685578796718
0.8020833333333334,0.9397022269576492
0.8601036269430051,1.0
0.845360824742268,0.9714000169757854
0.8,0.9446339151261595
0.923469387755102,1.0
0.883248730964467,0.995673568163196
0.7676767676767677,0.8764840118977412
0.7688442211055276,0.8630584171904641
0.7,0.8775930586683831
0.6766169154228856,0.8712070118934935
0.599009900990099,0.8502874077472629
0.5911330049261083,0.8665214794942263
0.8186274509803921,1.0
0.7219512195121951,0.9930738698488802
0.7184466019417476,1.0
0.8067632850241546,1.0
0.8846153846153846,1.0
0.9186602870813397,1.0
0.8571428571428572,1.0
0.7914691943127963,1.0
0.7830188679245282,1.0
0.6901408450704225,1.0
0.485981308411215,1.0
0.21395348837209305,0.8463711256270222
0.33333333333333337,0.7860651413365669
0.4055299539170507,0.8011146523351546
0.44495412844036697,0.8063097166599237
0.5662100456621004,0.7670863470157493
0.36818181818181817,0.6831872385715309
0.28959276018099545,0.7327686815760738
0.3513513513513513,0.7489570981310459
0.20627802690582964,0.6473083885579424
0.25,0.6316518739588306
0.2222222222222222,0.6242187556433685
0.3141592920353983,0.6754145456129255
0.3480176211453745,0.7080921531087085
0.24561403508771928,0.7328511817343631
0.4759825327510917,0.8750066860645349
0.4130434782608695,0.877983546045181
0.5627705627705628,0.9284413220132487
0.5818965517241379,0.9957833020236752
0.424892703862661,0.9905263044410272
0.37606837606837606,0.9614963032657629
0.5702127659574467,0.9244666525386901
0.6228813559322034,0.894447044054051
0.0675105485232067,0.5333459348562105
0.0,0.4748035406144137
0.029288702928870314,0.45919177027808306
0.02083333333333337,0.4472781862627038
0.0,0.43774603276774926
0.037190082644628086,0.43480989873085296
0.16460905349794241,0.55607241551453
0.2786885245901639,0.6238371583993625
0.24081632653061225,0.6099774971594659
0.22764227642276424,0.5810648879226962
0.1417004048582996,0.53738841432718
0.10483870967741937,0.4970227369895023
0.1606425702811245,0.47437480333772125
0.20799999999999996,0.46816473740829245
0.3705179282868526,0.4920332547995026
0.5674603174603174,0.5299351688019813
0.47430830039525695,0.5953885892992433
0.40944881889763785,0.6844196232077726
0.36078431372549025,0.7704841319246358
0.54296875,0.8764371854556932
0.6926070038910506,0.9245006601220027
0.16666666666666663,0.6418793214432644
0.17374517374517373,0.6399926284344659
0.20769230769230773,0.662683679299538
0.3601532567049809,0.687705155005685
0.19083969465648853,0.7056327568559962
0.16730038022813687,0.6927448001517011
0.7234848484848485,1.0
0.7886792452830189,1.0
0.6804511278195489,1.0
0.7752808988764045,1.0
0.8470149253731343,0.8845942820850907
0.9144981412639406,0.9473962127073845
0.937037037037037,1.0
0.96309963099631,1.0
0.9375,1.0
0.9157509157509157,1.0
0.9671532846715328,1.0
0.9090909090909091,1.0
0.9528985507246377,1.0
0.9133574007220217,1.0
0.9172661870503597,1.0
0.8781362007168458,1.0
0.8892857142857142,1.0
0.8647686832740213,1.0
0.8829787234042553,1.0
0.9611307420494699,1.0
0.9683098591549296,1.0
0.9789473684210527,1.0
0.993006993006993,1.0
0.9721254355400697,1.0
0.9583333333333334,1.0
0.9515570934256056,1.0
0.9448275862068966,1.0
0.9415807560137457,1.0
0.9417808219178082,1.0
0.9795221843003413,1.0
0.9795918367346939,1.0
0.9864406779661017,1.0
0.9628378378378378,1.0
0.962962962962963,1.0
0.9496644295302014,1.0
0.41137123745819393,0.6119916392366715
0.4,0.5699045415681949
0.33554817275747506,0.5543682845232342
0.1821192052980133,0.48846344054683344
0.1452145214521452,0.4542501335234689
0.125,0.4574100096507221
0.2065573770491803,0.584751002162236
0.3104575163398693,0.6363879122093732
0.37785016286644946,0.6200867540561243
0.6948051948051948,0.7591170509044122
0.8770226537216829,0.9586809769433647
0.8483870967741935,0.9593329611746719
0.909967845659164,1.0
0.842948717948718,0.9796468278047639
0.9361022364217253,1.0
0.9554140127388535,1.0
0.9936507936507937,1.0
0.8291139240506329,0.8997197330799336
0.6277602523659306,0.7266783198996235
0.6320754716981132,0.6868094708341405
0.445141065830721,0.6121768175614454
0.353125,0.5318139138004166
0.11526479750778817,0.4371768879506381
0.11801242236024845,0.4348182990866829
0.16718266253869973,0.4529491355904905
0.16975308641975306,0.46474883250494053
0.17846153846153845,0.48761295205992183
0.25153374233128833,0.547568442398506
0.7217125382262997,0.7419076258553504
0.8048780487804879,0.8902374923648055
0.8723404255319149,0.9598698397253311
0.8242424242424242,0.9287722331880729
0.6827794561933535,0.8430842982719186
0.6506024096385542,0.760876572030558
0.7057057057057057,0.8097250185823617
0.7544910179640718,0.8211696879995904
0.6567164179104478,0.8206937494961348
0.41666666666666663,0.7200036667956725
0.370919881305638,0.6355090282279692
0.2544378698224852,0.6215134054702639
0.2920353982300885,0.618373779689427
0.25,0.5912007970799829
0.1730205278592375,0.5653465383596806
0.2543859649122807,0.6272831979380451
0.42274052478134105,0.7766341158637156
0.6918604651162791,0.93837886432014
0.5826086956521739,0.9015433056954628
0.7687861271676301,1.0
0.8357348703170029,1.0
0.7844827586206897,1.0
0.7306590257879656,0.9551910932364394
0.34571428571428575,0.696938453948052
0.031339031339031376,0.29573220177005755
0.07954545454545459,0.16373923264503454
0.0821529745042493,0.1483040997614847
0.11299435028248583,0.14488077857572365
0.11267605633802813,0.14340574446244056
0.1151685393258427,0.1408679904690286
0.11764705882352944,0.15429361352129056
0.12290502793296088,0.22910611202299783
0.18384401114206128,0.28069964302918904
0.2777777777777778,0.301768208021457
0.28531855955678675,0.3179492262667709
0.25138121546961323,0.3612673674334113
0.3608815426997245,0.39511616882051875
0.5384615384615384,0.521489911936823
0.6767123287671233,0.5720446259145505
0.7213114754098361,0.5880362447642846
0.6403269754768393,0.5567250310301287
0.32065217391304346,0.45135969049878605
0.29268292682926833,0.4270506867220051
0.34864864864864864,0.4521364031056758
0.3935309973045822,0.4791668183480154
0.40053763440860213,0.4851756566151911
0.4879356568364611,0.5139690120403715
0.7459893048128342,0.6146073637299545
0.8240000000000001,0.7350397205370897
0.7712765957446809,0.6486631026090582
0.7692307692307692,0.6436287153449551
0.8333333333333334,0.6681296851975538
0.8100263852242744,0.6754716832505967
0.8973684210526316,0.7689214296588782
0.7637795275590551,0.687276170820127
0.8717277486910995,0.850537721568118
0.8381201044386423,0.8642581754277916
0.7682291666666666,0.8099539190733821
0.7246753246753247,0.77661320718758
0.5181347150259068,0.72487374848007
0.43927648578811374,0.7845632025805725
0.40463917525773196,0.7520627890987734
0.4267352185089974,0.7632775578261498
0.42820512820512824,0.7545214862909123
0.40920716112531974,0.7459952483099627
0.6658163265306123,0.8056351858631602
0.7506361323155216,0.8088321227572762
0.8375634517766497,0.8374710370577084
0.6126582278481012,0.6966967211547852
0.6893939393939394,0.7004699540184661
0.6826196473551638,0.730870192033599
0.7638190954773869,0.7178451510451808
0.7468671679197996,0.6837602823059812
0.75,0.6427598398962848
0.7955112219451371,0.6282790108084775
0.763681592039801,0.5953684449502825
0.684863523573201,0.5784664613562709
0.6955445544554455,0.5887351191213466
0.5012345679012346,0.5159690640589074
0.3793103448275862,0.47240612953914285
0.22850122850122845,0.45121929499014213
0.2598039215686274,0.4326478698004923
0.23716381418092913,0.4093616157806401
0.20975609756097557,0.4064526404824657
0.23114355231143557,0.42064344507106155
0.2645631067961165,0.450226621191169
0.21307506053268765,0.4965792360375951
0.24637681159420288,0.5305267893141145
0.1807228915662651,0.5156928703481263
0.08653846153846156,0.44146856991503036
0.05515587529976018,0.4261470902146035
0.10765550239234445,0.415319101958222
0.11933174224343679,0.3940096103487881
0.13809523809523805,0.4016452648601842
0.14964370546318295,0.4274547905048973
0.20853080568720384,0.49113952869899713
0.3215130023640662,0.5270569212265336
0.48584905660377353,0.5570381206326617
0.6494117647058824,0.6358712846445183
0.6737089201877935,0.6755699060693755
0.7868852459016393,0.627953112659229
0.6869158878504673,0.6064985355486799
0.8018648018648018,0.6529110123457978
0.7395348837209302,0.6460204408218216
0.6589327146171693,0.6246405775977709
0.6597222222222222,0.6223072290759539
0.7228637413394919,0.6998015523113876
0.7926267281105991,0.7563271794143457
0.6367816091954023,0.7372471186578325
0.7798165137614679,0.7754706794530938
0.8787185354691076,0.8565077963193801
0.865296803652968,0.8698483137273126
0.9362186788154897,0.9470549035500305
0.9431818181818182,0.953884391173784
0.9455782312925171,0.9854142022639089
0.9208144796380091,0.9688800349934471
0.8848758465011287,0.8183739478127555
0.9009009009009009,0.8107103571870037
0.8764044943820225,0.8262589148969375
0.9170403587443946,0.8389158808869285
0.8814317673378076,0.840513445769033
0.8638392857142857,0.8742771006182543
0.9420935412026726,0.9936640082860319
0.9422222222222222,0.9760155488925338
0.9490022172949002,0.9956557637898968
0.9845132743362832,1.0
0.9757174392935982,1.0
0.9559471365638766,0.9803059036933467
0.9538461538461538,1.0
0.993421052631579,1.0
0.9474835886214442,1.0
0.9257641921397379,0.9643795623116427
0.9433551198257081,1.0
0.9760869565217392,1.0
0.9587852494577006,1.0
0.8917748917748918,0.7718582939540902
0.8466522678185745,0.7678741233185437
0.8146551724137931,0.7331526899851085
0.8064516129032258,0.7185382639286627
0.8175965665236051,0.704950749362784
0.7451820128479658,0.7143132032585905
0.9252136752136753,0.933632633550515
0.8955223880597015,0.8122638546813209
0.9382978723404255,0.8863732044628262
0.910828025477707,0.9144002910122631
0.8326271186440678,0.8193853144575598
0.8160676532769556,0.8069116796369079
0.850210970464135,0.7805247079332687
0.9326315789473685,0.9123546722451876
0.9264705882352942,0.8620407047714208
0.89937106918239,0.6928582367370563
0.897489539748954,0.7243190393355554
0.16701461377870563,0.3479169426020442
0.2791666666666667,0.33858254377943
0.24532224532224534,0.3290818201084915
0.2136929460580913,0.32684162276200646
0.17184265010351962,0.3386753914091528
0.18801652892561982,0.33929815763488647
0.6907216494845361,0.695105140131284
0.7654320987654322,0.8039670303681192
0.8993839835728953,0.8860450459501009
0.9385245901639344,0.9755709217441992
0.9243353783231084,0.9829780134478326
0.9530612244897959,1.0
0.9735234215885947,1.0
0.9166666666666666,0.9386474829333928
0.9574036511156186,1.0
0.9979757085020243,0.9885105513408925
1.0,0.9195529143121858
0.9637096774193549,0.8917897522710768
0.9396378269617707,0.8837326178221117
0.9979919678714859,0.982978652186656
0.9799599198396793,0.929577877502657
0.942,0.8557538866729809
0.9341317365269461,0.8739145903238872
0.9243027888446215,0.833189519437505
0.904572564612326,0.7726940120715713
0.8670634920634921,0.7089041362680023
0.8495049504950495,0.7394282051073988
0.849802371541502,0.7934926220717049
0.8461538461538461,0.7972864248629815
0.8956692913385826,0.8138410833190349
0.9390962671905697,0.8656593385443764
0.9980392156862745,0.9984491833599098
