date,omega,kappa
2006-03-30,2.950479741374867,0.866202018173976
2006-04-13,3.7685874172498033,0.8824745353054406
2006-04-28,3.587507045353803,0.8394143685870319
2006-05-12,3.6094065431779256,0.8801139092774649
2006-05-26,3.580456506618203,0.8912344969263767
2006-06-12,6.707925875147382,0.957351317153374
2006-06-26,6.107546046805141,0.9636770675275589
2006-07-11,8.804597422375243,0.9718316616482668
2006-07-25,18.62406580238519,0.9886708043646927
2006-08-08,17.45539012750647,0.9892810809155866
2006-08-22,13.65820197654355,0.9835304813810182
2006-09-06,9.110662890739432,0.9472535535005111
2006-09-20,5.602051925897436,0.8827654825167695
2006-10-04,4.10449371428689,0.8562752539747919
2006-10-18,1.5544288220150775,0.7444432136598035
2006-11-01,1.2933553954847745,0.7245335719176755
2006-11-15,0.9414395679682036,0.7085266938717837
2006-11-30,1.6210409148949951,0.7756324541140519
2006-12-14,1.063156127011134,0.7535048700989025
2006-12-29,0.8304323748311908,0.741658843189552
2007-01-17,0.9077416610203068,0.7542010117141312
2007-01-31,0.8704396552311308,0.7375326043590155
2007-02-14,0.9734196891736037,0.7665249680440291
2007-03-01,6.1359078711198505,0.9370862153455306
2007-03-15,16.208681897024157,0.9664565439114341
2007-03-29,21.453307788002807,0.9915272590697728
2007-04-13,25.622117023845682,0.9984137308851966
2007-04-27,26.10349188314872,1.0
2007-05-11,27.11896640070828,1.0
2007-05-25,13.22868478808026,0.9798005552548784
2007-06-11,10.661882022274384,0.9677190365476048
2007-06-25,9.200882389813628,0.9650803950524612
2007-07-10,9.547673526425669,0.9791790714264695
2007-07-24,18.607620134230324,0.9943131255948431
2007-08-07,27.710445875254006,0.9936247891710794
2007-08-21,29.5026916422249,1.0
2007-09-05,38.68709500406051,1.0
2007-09-19,40.26598484339891,1.0
2007-10-03,32.627333892798106,1.0
2007-10-17,33.0289896102794,1.0
2007-10-31,27.314049610547716,1.0
2007-11-14,25.869775668366174,1.0
2007-11-29,34.77440767697552,1.0
2007-12-13,26.655235366206846,1.0
2007-12-28,27.175623236934047,1.0
2008-01-14,32.426264254877346,1.0
2008-01-29,25.864619598745072,1.0
2008-02-12,25.132598897458873,0.9955923575315138
2008-02-27,17.9670235804416,0.9893067416324133
2008-03-12,15.104063853557545,0.9764374444981305
2008-03-27,12.68823527841253,0.9847207389723752
2008-04-10,13.998265716905424,0.9874872655203591
2008-04-24,12.293360100440164,0.9876471818573525
2008-05-08,13.39061150191311,0.9798756733494197
2008-05-22,14.838971252100746,0.9806127400542731
2008-06-06,23.538114824365334,0.987136791405777
2008-06-20,20.416303976379496,0.9738966976950187
2008-07-07,13.046159637991588,0.9545903054902809
2008-07-21,17.765059148218253,0.9175878562500669
2008-08-04,21.104292882510563,0.9139685713649196
2008-08-18,22.134799428864767,0.9417194521963901
2008-09-02,21.70429340350426,0.9370089160538709
2008-09-16,29.21917809024904,0.9837159456046651
2008-09-30,58.549286183753814,1.0
2008-10-14,50.38654494241622,1.0
2008-10-28,63.42962197627786,1.0
2008-11-11,62.785616407730124,1.0
2008-11-25,68.45110520017832,1.0
2008-12-10,61.895563233630135,1.0
2008-12-24,58.49566257023451,1.0
2009-01-09,62.42722259919168,1.0
2009-01-26,43.79011028976044,1.0
2009-02-09,36.25574307365881,1.0
2009-02-24,36.36950147519397,1.0
2009-03-10,28.417085434777576,0.9960765941881182
2009-03-24,40.5878219848194,0.9994850600773612
2009-04-07,43.152012954972825,0.9993802684215878
2009-04-22,48.839750537779196,1.0
2009-05-06,48.628790772077586,1.0
2009-05-20,31.377704500429385,0.9995296237311189
2009-06-04,26.553729705478794,0.9851866675543407
2009-06-18,16.958365474794334,0.9510403214771171
2009-07-02,15.245168352958654,0.9494549205687542
2009-07-17,13.6762372144193,0.962336260138788
2009-07-31,14.711263746852566,0.9522855434316496
2009-08-14,12.903043210302737,0.9698783987841055
2009-08-28,15.914757397976592,0.9621050166094574
2009-09-14,17.233963469558084,0.9631586715425512
2009-09-28,8.639907262806474,0.9223497706291409
2009-10-12,7.356079473387914,0.8873592491267281
2009-10-26,8.829144883349556,0.9538141516386298
2009-11-09,28.2066868819227,0.9975509966528734
2009-11-23,26.56444913607916,0.9998860582351313
2009-12-08,22.676811658574778,0.9907438027210484
2009-12-22,22.7457225898834,0.9930532236239693
2010-01-07,18.258558839084117,0.9937069160145663
2010-01-22,17.75405426902364,0.999327495334363
2010-02-05,12.850423761254945,0.998562973929043
2010-02-22,13.248225209642344,1.0
2010-03-08,15.889931627283918,1.0
2010-03-22,16.756751475723654,0.9993395950611226
2010-04-06,15.826565126620409,1.0
2010-04-20,9.041175998362371,0.9948846854954155
2010-05-04,12.637636684357956,0.9981015713043252
2010-05-18,42.19031989872084,0.9981541803748126
2010-06-02,66.47373096949876,1.0
2010-06-16,79.8250488208114,1.0
2010-06-30,83.54353537024693,1.0
2010-07-15,85.19250611281511,1.0
2010-07-29,82.34361062543348,1.0
2010-08-12,71.79095762731298,1.0
2010-08-26,61.47192635345495,1.0
2010-09-10,68.01537869575621,1.0
2010-09-24,71.931113017614,1.0
2010-10-08,51.66666621404345,1.0
2010-10-22,35.104424165269634,0.9982223172409854
2010-11-05,22.69157111456614,0.9897602546303418
2010-11-19,21.477343617320024,0.9914221270299779
2010-12-06,17.02903869362235,0.9905403527345391
2010-12-20,11.434477438557291,0.9891073990435943
2011-01-04,8.444724407915938,0.9694184225800093
2011-01-19,8.299524193612314,0.9802659572693427
2011-02-02,7.062171848632234,0.9839464517863624
2011-02-16,4.447042861460363,0.9179667582164028
2011-03-03,3.6339108397239217,0.8625248868842059
2011-03-17,14.600670622949753,0.9903983410284151
2011-03-31,11.812613429230199,0.9973539784988246
2011-04-14,14.14279749776419,0.9769554246040989
2011-04-29,11.711859752086637,0.9805990717311603
2011-05-13,13.128619102755486,0.9905094132728041
2011-05-27,6.6889187405509505,0.9664965204967524
2011-06-13,6.1414479337923575,0.959125755627606
2011-06-27,8.754520705657253,0.9719033572550743
2011-07-12,18.02453613879942,0.9977659969081305
2011-07-26,18.00070251650842,0.9987747702284073
2011-08-09,52.63042550483293,1.0
2011-08-23,62.715865688036565,1.0
2011-09-07,67.32207471229636,1.0
2011-09-21,73.24649278489156,1.0
2011-10-05,73.97230417699046,1.0
2011-10-19,79.8178725479939,1.0
2011-11-02,84.94922155315729,1.0
2011-11-16,74.62635178911914,1.0
2011-12-01,77.22831026828204,1.0
2011-12-15,75.52593604060999,1.0
2011-12-30,72.91011468975304,1.0
2012-01-17,77.85728646811208,1.0
2012-01-31,71.91523694990123,1.0
2012-02-14,59.14254905706071,1.0
2012-02-29,23.42792688746426,0.9730606533103624
2012-03-14,12.137977999768772,0.96119320612252
2012-03-28,6.596360303451511,0.923614549319398
2012-04-12,14.43078745822707,0.9677794831742268
2012-04-26,19.90519743593397,0.9728188850596722
2012-05-10,18.07359149688211,0.9773179202519378
2012-05-24,16.940360458834483,0.9727007630926333
2012-06-08,23.981930542577654,0.990586822539898
2012-06-22,34.14851091682389,0.9959672367136077
2012-07-09,27.565161114126013,0.9879099204021448
2012-07-23,34.25924093061559,0.9876868967756705
2012-08-06,40.49714677247049,0.9957462815495921
2012-08-20,42.647903976413545,0.9902672611199469
2012-09-04,20.703756790780904,0.976244196647774
2012-09-18,13.849027836646833,0.9687107066765723
2012-10-02,16.039954259319455,0.9766218336725527
2012-10-16,14.937391143792409,0.9729269062120334
2012-11-01,6.312794730595148,0.9059813149481806
2012-11-15,15.97331508893011,0.9821254887872207
2012-11-30,18.66562392196276,0.989453629907431
2012-12-14,16.95872364157556,0.9791162775120044
2012-12-31,23.551834427087293,0.9984705570633781
2013-01-15,31.08554025448141,0.9959862598903727
2013-01-30,30.265273508891536,1.0
2013-02-13,12.630932504499368,0.9940054203411003
2013-02-28,10.72926531636308,0.9883774140475424
2013-03-14,9.299014525725893,0.983291991740331
2013-03-28,9.593397195868308,0.9650340203939313
2013-04-12,5.343328432861525,0.9003311243261112
2013-04-26,9.892785214846858,0.9310774379570069
2013-05-10,7.16726740601039,0.9087910694833049
2013-05-24,3.9976901408874825,0.8601114718931909
2013-06-10,6.190789523325618,0.9186424885204085
2013-06-24,13.912182830201871,0.9782221944518354
2013-07-09,17.64143537201053,0.985377888201328
2013-07-23,15.582280944443966,0.9442074678343187
2013-08-06,11.79671144800657,0.9566732914268676
2013-08-20,13.267837870353206,0.9764381766464686
2013-09-04,15.167376300617041,0.972460862470315
2013-09-18,4.8146481405768995,0.9314526587238499
2013-10-02,3.351459594088077,0.9082070182486388
2013-10-16,10.10214007000452,0.9889764697951386
2013-10-30,7.950034381144764,0.9794572226736219
2013-11-13,8.766773904148277,0.9843313020420719
2013-11-27,6.378199734975478,0.963447169773047
2013-12-12,6.697503212761215,0.9748314558848582
2013-12-27,8.746416825912451,0.9692602803789562
2014-01-13,3.661089478702821,0.9269778222073466
2014-01-28,5.864881852894004,0.9652829754338889
2014-02-11,8.997224335598142,0.9879460146299892
2014-02-26,8.861851236554173,0.9911746710403526
2014-03-12,11.758376116727877,0.9926382856777287
2014-03-26,12.522128142842142,0.9845866418855994
2014-04-09,13.981534415601848,0.981608812112315
2014-04-24,14.016051143907701,0.9742610409205014
2014-05-08,7.520284491436586,0.9419571101373384
2014-05-22,10.111785024144696,0.9490227578650667
2014-06-06,10.588942759011859,0.917181877664989
2014-06-20,8.37634125013914,0.8680420554289286
2014-07-07,5.991856918103251,0.8926606189650201
2014-07-21,3.9341680727879305,0.8085457871510013
2014-08-04,6.273778365063943,0.9269234220878102
2014-08-18,8.42311230142166,0.9669434922374499
2014-09-02,8.518867170880798,0.9591324668953507
2014-09-16,10.70426891770318,0.9546165170426777
2014-09-30,16.315549370753505,0.9828488304162196
2014-10-14,34.32976594334221,0.9980762735920702
2014-10-28,24.204981009666238,0.9776899365676595
2014-11-11,19.803366829742405,0.9774781141550765
2014-11-25,17.847283759550045,0.9769441358319602
2014-12-10,14.346909822889963,0.9583055625511079
2014-12-24,22.013093335385644,0.9796408081823643
2015-01-09,26.988202028503874,0.9858251662861975
2015-01-26,23.138131032427196,0.985149858073134
2015-02-09,34.42911033153961,0.9979926354740007
2015-02-24,29.759418637442682,0.9988869044793691
2015-03-10,33.910832680973044,0.9984279169507453
2015-03-24,26.207906376425967,0.9957807743887194
2015-04-08,23.57508537943511,0.9955504472198838
2015-04-22,30.988859852156327,0.9960542542406842
2015-05-06,17.683634505673687,0.9918817763248068
2015-05-20,20.67060968793773,0.991204821911115
2015-06-04,15.030524061850821,0.9863454761608026
2015-06-18,14.501755511634512,0.9986048094301595
2015-07-02,18.87179652153506,0.9823464992929982
2015-07-17,22.393405378052506,0.9892687316800306
2015-07-31,14.936285608207786,0.9714609022585895
2015-08-14,13.844797033623255,0.9644600053819744
2015-08-28,70.98887311032249,1.0
2015-09-14,87.60028781860247,1.0
2015-09-28,78.99148212597932,1.0
2015-10-12,81.608490241118,1.0
2015-10-26,90.13861521519348,1.0
2015-11-09,79.46342590653467,1.0
2015-11-23,45.197266706741615,1.0
2015-12-08,28.45732443258807,0.9927901098998535
2015-12-22,33.0284224608421,0.9975982647070667
2016-01-07,34.212932014597186,0.9926943937082363
2016-01-22,58.22909460206594,1.0
2016-02-05,66.24772898930483,1.0
2016-02-22,49.04384255835762,1.0
2016-03-07,36.6700964853849,0.9991634305009013
2016-03-21,24.115959780732787,0.9959577524001574
2016-04-05,15.65806767813919,0.9940492110538867
2016-04-19,18.119679365511697,0.9637371159082102
2016-05-03,22.141153571694463,0.94192913446103
2016-05-17,24.697882974157512,0.9491623668128962
2016-06-01,16.422305766870537,0.8846895503744516
2016-06-15,12.767641358278762,0.8430060644679179
2016-06-29,46.86120944032616,0.9580725682106148
2016-07-14,44.04664724490238,0.9528162669702874
2016-07-28,37.54992997863182,0.9421421091281925
2016-08-11,25.250249069200702,0.9177814206344427
2016-08-25,41.87491307316165,0.9328159201634135
2016-09-09,46.72660425442889,0.9591192633148341
2016-09-23,11.844650151308247,0.9029847315251593
2016-10-07,9.101103923623969,0.9201672208759887
2016-10-21,13.098473776545616,0.9495060116965618
2016-11-04,9.333139058395128,0.96617214246659
2016-11-18,7.810930488445611,0.7473618086743257
2016-12-05,5.571805761645889,0.6193200802460911
2016-12-19,3.778185706677704,0.5594069552337959
2017-01-04,3.2184308373403563,0.4850264707162378
2017-01-19,3.732552790350733,0.41704877811604885
2017-02-02,4.274341502689546,0.4725190710380046
2017-02-16,2.227588350001657,0.5374302484848029
2017-03-03,4.300723221116418,0.7133589951332069
2017-03-17,3.5293645328430756,0.7376481412527806
2017-03-31,4.024097733932756,0.7825442691735998
2017-04-17,3.9424352782801604,0.8098353209481203
2017-05-01,5.810083129621193,0.8556482673103375
2017-05-15,5.171605643594531,0.855859526868886
2017-05-30,6.000212518128787,0.8582333897541484
2017-06-13,5.446826024984346,0.780719435936373
2017-06-27,2.991548148655391,0.740665351568041
2017-07-12,1.8339480586740498,0.7108254471503662
2017-07-26,1.1345385857711299,0.5401809833726022
2017-08-09,0.9047479556170952,0.48126139017219255
2017-08-23,1.197277690639129,0.5171575845076255
2017-09-07,1.8332903310086246,0.6014095618694661
2017-09-21,2.0198850342122743,0.6969067216027661
2017-10-05,2.4717462760048026,0.6715931231107175
2017-10-19,2.579839807158321,0.6834202756145827
2017-11-02,2.5449515756228602,0.7212793394130049
2017-11-16,1.0012720798893886,0.531361978851535
2017-12-01,0.9760060267141756,0.5336732419982998
2017-12-15,0.9293140711143997,0.5102209912334661
2018-01-02,1.191358589492096,0.5571844722606849
2018-01-17,1.1515266521536056,0.5257782782068791
2018-01-31,1.3541331130022713,0.5702829223851975
2018-02-14,19.264510860983027,0.9758570697627468
2018-03-01,20.544841893809014,0.9810442750741449
2018-03-15,24.102925103464738,0.9941112422979673
2018-03-29,38.89862470479778,0.9990739439446932
2018-04-13,46.80874768157248,0.9998612357007454
2018-04-27,52.22761750392757,1.0
2018-05-11,35.53444652190433,0.997319567912746
2018-05-25,26.41430591563645,0.9950313115028702
2018-06-11,22.6229369151931,0.9906344088695279
2018-06-25,9.79499739709327,0.9633716555280546
2018-07-10,3.8611989785959215,0.8825148796718474
2018-07-24,4.617572588851876,0.8937692388485284
2018-08-07,3.238013079617557,0.8469442330391096
2018-08-21,4.719961124450219,0.8764794571223276
2018-09-05,1.866578397348666,0.6857810920040741
2018-09-19,1.2848786393309726,0.5912503571997454
2018-10-03,0.8744067582803531,0.5741607246613681
2018-10-17,4.972182493343335,0.8896348721368791
2018-10-31,12.403201499979467,0.9068874656399482
2018-11-14,12.280844166213454,0.9042563522740013
2018-11-29,17.857181652226647,0.9446787500693998
2018-12-14,22.947684335871795,0.964953200197255
2018-12-31,53.643507037359704,0.9928582227605329
2019-01-15,53.41867210848021,0.9906862870738796
2019-01-30,42.480773568182485,0.9946920325430647
2019-02-13,42.26803922040488,0.9974940090431806
2019-02-28,41.15629748939726,1.0
2019-03-14,31.130331307390186,0.9979519879851952
2019-03-28,8.812020574001407,0.9098794416643625
2019-04-11,6.061712168505772,0.816924623043394
2019-04-26,3.8074775422260663,0.7630370865272575
2019-05-10,5.346649466625735,0.8385230286091148
2019-05-24,9.554976234279764,0.8790072865103921
2019-06-10,11.671318183748498,0.9063052264920537
2019-06-24,9.018368808920897,0.8448315417336847
2019-07-09,7.755339638452382,0.8223835109005765
2019-07-23,10.68037093734788,0.8866517125245864
2019-08-06,18.828657579551127,0.9227357064302555
2019-08-20,22.35932228136431,0.9632392929530555
2019-09-04,30.16567685486715,0.9789443323596887
2019-09-18,26.85076896414606,0.9663539904832286
2019-10-02,30.664323381372643,0.9820285648495267
2019-10-16,41.01964704545256,0.990271816384917
2019-10-30,30.486744701733812,0.9622687441705359
2019-11-13,19.097626475418327,0.8694257301319572
2019-11-27,9.382734702133572,0.7579693440509494
2019-12-12,13.615907497781189,0.8716636122066372
2019-12-27,7.17003038616011,0.800197787512036
2020-01-13,5.309190117307511,0.7911443260015443
2020-01-28,6.440336281557081,0.8005724054522376
2020-02-11,8.646168104909645,0.8678425265822141
2020-02-26,23.54765528717225,0.962696993271558
2020-03-11,78.32390867467572,1.0
2020-03-25,64.15468262592805,1.0
2020-04-08,63.69956533789593,1.0
2020-04-23,55.19557368427018,1.0
2020-05-07,58.17523490652216,1.0
2020-05-21,58.05993969809488,1.0
2020-06-05,57.43933652576833,1.0
2020-06-19,54.84946269937331,0.9949399668911164
2020-07-06,41.4223332311164,0.9762178225151519
2020-07-20,29.75331401143734,0.9912372883482214
2020-08-03,28.892958369849687,0.99221289621174
2020-08-17,32.266557270929894,0.9850390196824242
2020-08-31,23.876737335140067,0.9957888147210415
2020-09-15,15.13903234680722,0.9904497593666312
2020-09-29,10.569480038787326,0.9583704972414997
2020-10-13,8.969394667455013,0.9600155340191084
2020-10-27,12.05319410791282,0.9841315838065006
2020-11-10,26.548587175815477,0.9763909976384306
2020-11-24,28.19401241397118,0.9614005615474535
2020-12-09,24.644481484053937,0.9123240299898305
2020-12-23,22.591616522610444,0.8759446071228819
2021-01-08,22.355025315252444,0.8278065049672699
2021-01-25,17.54124593784682,0.7651560062892854
2021-02-08,8.70650587343397,0.8697662866329507
2021-02-23,5.997185668140779,0.7516802808366378
2021-03-09,7.573445754108151,0.8215793370751554
2021-03-23,7.753883088290379,0.800776610228822
2021-04-07,5.783195097141224,0.7826345922976738
2021-04-21,6.140070755785028,0.8512547296704628
2021-05-05,3.698960338103787,0.7084566213103914
2021-05-19,7.721909400855418,0.9225246930383713
2021-06-03,4.052786237929907,0.6908740680475242
2021-06-17,5.411840534816105,0.6579372907958523
2021-07-01,7.247111294479041,0.8588597236579908
2021-07-16,8.714491917271761,0.8726894544464971
2021-07-30,15.328967925338569,0.8952288565633226
2021-08-13,18.46734300895928,0.8491960610752203
2021-08-27,20.9218535972839,0.8522363584647622
2021-09-13,19.057695854690373,0.8767519154174452
2021-09-27,18.982261427614727,0.8412901157546524
2021-10-11,20.576751804759464,0.8770057509545501
2021-10-25,10.448919452329495,0.8841012017809239
2021-11-08,8.116760514232832,0.8409419185351065
2021-11-22,5.464152807392097,0.8498201223374235
2021-12-07,12.556653572974975,0.9525934209146645
2021-12-21,9.268047169793409,0.8970190530417761
2022-01-05,9.359731605737856,0.8563893748057303
2022-01-20,7.71671759488227,0.8438011398894858
2022-02-03,8.194145136607611,0.8201377806409454
2022-02-17,7.951174573660445,0.8641950184060755
2022-03-04,6.427180103150487,0.8370716892386816
2022-03-18,7.585777097093136,0.842197724133489
2022-04-01,9.140781588332821,0.8480788997756747
2022-04-18,9.015597478249918,0.8160372267122292
2022-05-02,15.752205727798296,0.9278109828686592
2022-05-16,21.485081456440337,0.9832246109512016
2022-05-31,31.33319614216475,0.9904109435797555
2022-06-14,28.479747209218996,0.9968292750208452
2022-06-29,30.877570131964536,0.9992763653744882
2022-07-14,34.02844858950025,0.9993297064919796
2022-07-28,31.26854597517778,0.9970584944805987
2022-08-11,28.67563553015379,0.9859785484728485
2022-08-25,33.40515198664795,0.9603499468061908
2022-09-09,30.496360275841926,0.9433696724839262
2022-09-23,36.92038449274742,0.9674154709605439
2022-10-07,60.0245068001135,0.9788915362958639
2022-10-21,69.8210125926103,0.9914769939644046
2022-11-04,55.235897291003035,1.0
2022-11-18,52.8262868817417,1.0
2022-12-05,47.88721974521705,1.0
2022-12-19,44.13131440254273,1.0
2023-01-04,34.68152960714723,1.0
2023-01-19,26.514345476622726,0.9971879146103189
2023-02-02,17.51920854824077,0.9685481651867951
2023-02-16,11.206708690368881,0.9811801712719967
2023-03-03,9.847476489841881,0.9700418019309119
2023-03-17,7.203721031362566,0.9622238633877687
2023-03-31,9.334521430368577,0.9711653276370381
2023-04-17,6.600120324430693,0.9333482891365498
2023-05-01,8.580527663243227,0.9680429354457307
2023-05-15,10.435907498534638,0.9509696364221337
2023-05-30,10.345298009004203,0.9028265333733324
2023-06-13,8.775711778322236,0.8472187351830712
2023-06-28,7.146990267849104,0.7942251675703881
2023-07-13,10.782893075729161,0.8497832091677084
2023-07-27,7.506435312245949,0.7896979903406258
2023-08-10,4.330225248113079,0.7380285456545289
2023-08-24,5.048566317368947,0.8062450666176683
2023-09-08,2.9288909118228883,0.834291254068279
2023-09-22,2.3986086282920693,0.7670162607335577
2023-10-06,2.1259213602558513,0.7293447502263783
2023-10-20,3.3208724611010747,0.857155574089034
2023-11-03,3.987524472289474,0.8837850353554162
2023-11-17,3.7017968466534312,0.8411892829581513
2023-12-04,4.040072969125418,0.8157314850663308
2023-12-18,3.4634728778657933,0.7810671627398779
2024-01-03,3.9669044015829757,0.733402194655243
2024-01-18,4.278326271369723,0.7696677791500673
2024-02-01,2.3605757840235824,0.6704698595995261
2024-02-15,2.230754216874075,0.6938320936720332
2024-03-01,1.8827091319357565,0.6927836499585085
2024-03-15,0.9716167404267197,0.6325609372751374
2024-04-01,1.0235731228187224,0.6636480375376961
2024-04-15,1.3992445147071197,0.7185122155271122
2024-04-29,1.5441812273057418,0.7508596068472774
2024-05-13,0.8963014329372115,0.7209056795787994
2024-05-28,1.577902534582383,0.7901286936457553
2024-06-11,2.2983472574884627,0.7878300434026573
2024-06-26,1.6368823858680923,0.7493410995641921
2024-07-11,1.0006516900253124,0.6342560360048966
2024-07-25,1.2021555035598586,0.5128931095411458
2024-08-08,3.3916440550713207,0.545753960473491
2024-08-22,4.035875696221043,0.5915172517303146
2024-09-06,5.253604893033405,0.6534542474857963
2024-09-20,5.367836482644289,0.6839981929635248
2024-10-04,5.160510896064734,0.7142075229217214
2024-10-18,6.894789813232654,0.7821391607121758
2024-11-01,2.226007802997026,0.6373492951807773
2024-11-15,3.320559157044174,0.6408826996180255
2024-12-02,1.7531756891005938,0.6110336935597324
2024-12-16,2.462407279229238,0.6301453381642593
2024-12-31,4.170652467374014,0.6644618781772974
2025-01-16,4.733263218146144,0.6724278848107627
2025-01-31,3.96408934008013,0.5751961052216229
2025-02-14,1.8634224807974122,0.6342712398901287
2025-03-03,1.9518340427430887,0.5603459865662668
2025-03-17,2.7873432124638464,0.6053460087135869
2025-03-31,2.894086776956305,0.4980920816194297
2025-04-14,38.317584873094916,0.9383398755656615
2025-04-29,26.649472273889554,0.9797654420397425
2025-05-13,29.466527745237812,0.9557442767998046
2025-05-28,31.6589223556163,0.9745511422847428
2025-06-11,36.91405528225968,0.9664878757004534
2025-06-26,34.513939732534574,0.9704810072296902
2025-07-11,8.117374544261516,0.8408587768531928
2025-07-25,6.040260517407285,0.6748445620126585
2025-08-08,2.874718756382237,0.7186030764996328
2025-08-22,1.795056913998139,0.5949264811964142
2025-09-08,1.9945111231328372,0.5941376396246426
2025-09-22,1.385125996183113,0.5077253737640919
2025-10-06,1.0062313917307308,0.49691688760932856
2025-10-20,2.0368313727730984,0.617249771269679
2025-11-03,1.2258222197401971,0.5436214247162742
2025-11-17,0.8507092770312625,0.5538247501735462
2025-12-02,0.7238493799593118,0.5938207596636339
2025-12-16,1.0902113449323683,0.6316980033080487
2025-12-31,1.521417069143311,0.589122655259137
2026-01-15,0.82621202735008,0.4626630445813366
2026-01-30,0.9323869302095699,0.5000228486701535
2026-02-13,1.301201209691864,0.48944739662245723
2026-03-02,1.4237241027354486,0.48400082545174694
2026-03-16,1.5921109838375929,0.48024630425070375
2026-03-30,1.9105561573869803,0.45176472414118496
2026-04-14,2.913532783954581,0.5362994367080647
2026-04-28,3.377143124877038,0.4310896306324545
2026-05-12,3.3671759736182985,0.5468703131148284
2026-05-27,3.385754704195522,0.719817991330721
2026-06-10,2.066175412022753,0.5878104930842477
2026-06-25,1.381962820688116,0.48275129492207386
2026-07-10,0.815088478078797,0.2614958911549958
