portfolio,hz,eng95,eng50,engp,riv95,riv50,rivp
equal,1,0.965,0.49,0.3795902194631259,0.975,0.56,0.29143372363002784
equal,10,0.925,0.485,0.5271323188954142,0.94,0.55,0.4128484084395516
equal,63,0.88,0.32,2.7622388955604155e-05,0.845,0.385,0.00041488076228160466
concentrated,1,0.975,0.48,0.12841467279044216,0.975,0.49,0.27740518072350995
concentrated,10,0.97,0.44,0.13273226920885028,0.955,0.515,0.29232593333428714
concentrated,63,0.82,0.31,1.731787461730849e-07,0.84,0.345,2.387850572712598e-05
sectoral,1,0.94,0.405,0.058928926206209375,0.98,0.545,0.28279778979625525
sectoral,10,0.915,0.41,0.17710433079681176,0.945,0.54,0.3407758446298018
sectoral,63,0.825,0.305,6.394058674209259e-06,0.88,0.385,0.0036122607832272512
longshort,1,0.825,0.325,0.00014894528084875364,0.955,0.58,0.3402624475145465
longshort,10,0.85,0.3,0.0012884303016902246,0.97,0.61,0.17849005982544708
longshort,63,0.725,0.255,4.408096586497946e-05,0.895,0.49,0.4622068842758742
