pit_scenarios,pit_ewma,realised
0.508,0.49667914660213763,0.006257346617134547
0.297,0.23441650034291778,0.00045101911045261015
0.9325,0.9914774308943205,0.0343310600343648
0.138,0.1052939751853667,-0.0030991876777065044
0.544,0.5554535335116805,0.01230963242413283
0.905,0.9569048201131477,0.030707982596494297
0.595,0.5930643343473909,0.016835968454343743
0.003,1.7307367011554752e-05,-0.0570430873830355
0.724,0.6025537879562358,0.016541423833468766
0.846,0.7116376636318287,0.02332792134418194
0.024,0.06194953903851302,-0.04138980207790521
0.789,0.6833373891404457,0.016005490876793437
0.655,0.583823909600804,0.003824645175082168
0.8395,0.7630546969776149,0.016379485414278083
0.4895,0.48893469152886515,0.005017586235889641
0.7645,0.7610587425060323,0.019243427751382935
0.363,0.38152333106466546,-0.0033297879176081785
0.4825,0.4887911047105689,0.00903550992100749
0.408,0.4185227571081768,0.004413841525633815
0.668,0.674363942243281,0.015734339294430785
0.44,0.4426758325452891,0.005845362297953029
0.563,0.5789245445677654,0.011944433639269973
0.5155,0.5059538883017333,0.007499204792745209
0.168,0.09783313209286165,-0.007974574186575621
0.016,3.330024554487456e-05,-0.04122402497919726
0.0345,0.09654607709589652,-0.04412246870956436
0.927,0.8064996077139519,0.021990395449339506
0.798,0.6975641255798793,0.010045494251587106
0.117,0.20142412155064404,-0.03934339307167036
0.065,0.1305641841812762,-0.059991326721890025
0.9755,0.9074018097341865,0.045139956945208067
0.9235,0.818585186819949,0.03273942271128593
0.9295,0.8608202698953443,0.04416344334831901
0.718,0.6739710535194123,0.0199262829635441
0.4055,0.4115974874154157,0.0014415736320616771
0.2255,0.22515331410533224,-0.003884850244130011
0.692,0.6472241102029566,0.03284476926516164
0.183,0.24608931233222026,0.005782842280860104
0.077,0.06520842449323248,-0.012395769472227276
0.094,0.11615580388046726,-0.01819138155054488
0.864,0.8059443884041316,0.024364580347751158
0.831,0.7545490728104156,0.024498978339601497
0.5525,0.5305223715876041,0.011339832496690946
0.375,0.3879523832223063,-0.0003777899663121089
0.0235,0.0027101125352762072,-0.04621682424674679
0.8755,0.8067091118754142,0.025422751459829418
0.271,0.37620278314898775,-0.005819157882046955
0.935,0.8588152165904672,0.04063101655332482
0.112,0.1515004014609483,-0.025889973699732224
0.7225,0.7119262535087905,0.012398192167037825
0.7705,0.7158239953775435,0.016946852615472793
0.53,0.5400151249512711,0.012897442579715184
0.6805,0.70886430719148,0.018801261381469096
0.2655,0.21044070741196408,-0.0005954679303361472
0.8635,0.9081197831472718,0.027703647550307964
0.285,0.2586782745426175,0.005063449269530699
0.157,0.08501386199457245,-0.00459880552910541
0.749,0.7273619374439619,0.021236082150902696
0.005,0.002466390907408735,-0.05787498359318961
0.0005,0.0028945838738551033,-0.11224448163947291
0.0005,0.028456366929707006,-0.2118570054131255
0.972,0.7894556203791698,0.0879652147011326
0.8755,0.706390828993795,0.04090584381192079
0.794,0.6734140244878284,0.020783246336609426
0.881,0.8058809334901947,0.052283276912619095
0.912,0.872575280307285,0.08505757545438809
0.33,0.34615961388450023,-0.016855196895944148
0.1375,0.2321873760704296,-0.012190790839858365
0.548,0.5290997227699866,0.033139284078811546
0.313,0.36827028462509115,0.008525550293365044
0.6295,0.6099180741206915,0.03719038512275301
0.375,0.39554301235631695,0.013353946739702038
0.183,0.15055039597490144,-0.01866667001562908
0.1965,0.2602671777665009,-0.014450427837608346
0.929,0.8671784593967927,0.05507110280953785
0.074,0.13151851501977518,-0.028038426145516576
0.9525,0.930103094602885,0.059392529600899566
0.7,0.6413060059403142,0.028674777602198193
0.6985,0.6554740720001156,0.03097033477458046
0.194,0.2219936222961172,-0.005871564461305531
0.7165,0.7170685517282525,0.040601538301057075
0.2615,0.28537863205615155,0.002879859892034339
0.276,0.25699132801405655,0.009384060068357217
0.5105,0.5083076988941518,0.018465832340552706
0.3365,0.3320361414249784,0.004727527929972776
0.707,0.6549202769026374,0.026032503499686735
0.72,0.6842582012044043,0.03156796967952179
0.3705,0.3871543679525359,0.007042400042732102
0.58,0.5802637942252442,0.021079802135494805
0.201,0.17020617539980942,-0.0028901852986930278
0.604,0.5683717735304408,0.019724442270845556
0.1685,0.1790478970469046,-0.004597441749577352
0.365,0.35171232723907864,0.004725495668352713
0.3505,0.36920076386049483,-4.484742373011652e-05
0.6935,0.6749111889487178,0.016698494265679816
0.6475,0.6165046549063279,0.013242004016984877
0.285,0.31493246323508706,-0.0021843313716060535
0.317,0.3243282150255573,-0.004768817824738525
0.452,0.4461788162459638,0.0020330443364403594
0.3175,0.3330360646236695,-0.005998738093996503
0.939,0.9102971603913996,0.037164903961325525
0.7135,0.7037481122769484,0.0190057548603357
0.2,0.21914653503238612,-0.009370258890391909
0.141,0.08642612596186056,-0.01839437572821563
0.3055,0.37537235315673806,-0.00728979484499412
0.968,0.9498754612673254,0.05658368924516099
0.0295,0.01997033599939328,-0.047357419854108365
0.6055,0.597129210122613,0.006063960060948855
0.354,0.3896939530948949,-0.012577454734245097
0.311,0.3676536551840289,-0.015564629080791806
0.689,0.6320707167790753,0.01087661608022084
0.715,0.6495926760893647,0.017378176582378883
0.3955,0.43255533469477947,-0.013689031616265605
0.0585,0.049398983786647234,-0.05572025723332448
0.368,0.4226308166169025,-0.020855944182996817
0.925,0.8297142415208336,0.03861307385438509
0.0105,0.03193777899361401,-0.10683116319428063
0.838,0.7116162268691242,0.01095065139855997
0.678,0.5916137796105261,-0.010924797923300306
0.97,0.9618696762822457,0.05799666276596113
0.908,0.8702315254913806,0.045212519194512774
0.298,0.35526750134365526,-0.008814926355485454
0.2595,0.3012537863713791,-0.02094638288421523
0.012,0.014846135872259083,-0.07429804294222367
0.6065,0.5612690594358086,0.005081800768569785
0.198,0.30804143617496704,-0.026033022769453105
0.9485,0.8639040451998317,0.044938921019606115
0.9705,0.9195818830743404,0.05630053375821476
0.861,0.7642562860561297,0.0376027977583202
0.0555,0.09979153558284731,-0.053319266974124674
0.3695,0.4053140590815778,0.00022456366703005803
0.782,0.7402125668121515,0.034720717082572294
0.7965,0.7400891369006128,0.04392546135674545
0.231,0.2760738680193734,-0.0009678575149643671
0.058,0.06920935836236727,-0.035235508935653706
0.0905,0.0892333561824617,-0.03979250028506274
0.784,0.7011706682199469,0.019784966414273908
0.669,0.6289284824738771,0.015743995965457305
0.555,0.5454345549548733,0.004043593751995906
0.2565,0.30101767277417235,-0.021961339017814607
0.641,0.6026198758548651,-0.0023565722373787464
0.9195,0.9245365217178458,0.03524260358360798
0.6025,0.5873599233781472,0.014301665573033959
0.835,0.8147763192276637,0.030467501776944315
0.6575,0.6523185541046375,0.01927906235905024
0.092,0.04248045917947472,-0.020111098059920434
0.0915,0.03554033525363974,-0.021398020195377288
0.321,0.2880646357458086,-0.0011772433015935229
0.117,0.07860851628014442,-0.025159899372150036
0.102,0.1146708244312763,-0.030314253140328113
0.738,0.7193027621320289,0.0005593282119240005
0.8565,0.7968465650648426,0.00672788530135629
0.9675,0.9487931163055601,0.03893268144433155
0.934,0.8860108043578351,0.03875888596267847
0.8915,0.8614527249998722,0.03582817750501354
0.4375,0.4397690956412621,0.010753987663361322
0.0545,0.04346221920140533,-0.02163418766986006
0.4915,0.48727139098808103,0.0174932520715331
0.3985,0.4077613801423527,0.014839964726697368
0.6625,0.6482280892666712,0.02519224627877413
0.4785,0.4647796488059014,0.011841595442566969
0.842,0.8678204019836351,0.03122699922857028
0.021,0.0031803077076033425,-0.04349132962095827
0.3715,0.3793426860857301,0.0018457723835646118
0.739,0.7534327126876172,0.02155512068139756
0.3145,0.31137247095109466,-0.0024898874764676887
0.375,0.34760283140943676,-0.00463130005637191
0.536,0.5436315617358745,0.002907540981404758
0.667,0.6801223278713515,0.004418730167458404
0.6485,0.6847951486583774,0.011721571285631454
0.091,0.07408478447629833,-0.02720614942883072
0.9715,0.9711257700816067,0.05730873997062391
0.3365,0.34530784899472483,-0.0044038180692115
0.8405,0.8350886545572322,0.0334094089924249
0.2605,0.2679758671217484,-0.0029768684986615406
0.656,0.6950183709187798,0.021980087055832234
0.056,0.020248451340580727,-0.028211136341249686
0.795,0.8461603001671867,0.03221878358177631
0.805,0.8220436198646407,0.029746801025416342
0.0535,0.019758716790689218,-0.02988120086924763
0.0655,0.009428026687192788,-0.03744979403647979
0.7305,0.7208053648319144,0.01386880975480747
0.884,0.873192944744763,0.02703046921027065
0.2505,0.245425110346368,-0.010403160247293111
0.42,0.41228641850870074,-0.00574201573508683
0.0705,0.0389831924004278,-0.045154359632175706
0.6495,0.6090945865541916,-0.0007733729175670515
0.033,0.031613066216180805,-0.060187404033334044
0.9095,0.7262165678784567,0.035601651584448994
0.9515,0.8327814920306371,0.052386728447660166
0.529,0.5239839940372377,-0.0005421461218122273
0.6415,0.6230458435033939,0.011957214249492771
0.391,0.39378743804250227,-0.0035648508475672504
0.7945,0.8378999713477235,0.03714398176440988
0.2665,0.26308177730248683,0.005246593464884012
0.0715,0.06102274507618265,-0.02203945900774481
0.7185,0.7373396001037394,0.01954079842415201
0.5695,0.573119929719744,0.012121679025470301
0.367,0.3611304033625725,0.0004319875596075131
0.579,0.5830818020872673,0.01299180259956247
0.184,0.10849837055924183,-0.017069115140873004
0.4075,0.41082617029309954,-0.004370034695010823
0.4085,0.4038504704851559,-0.0015247541238853518
0.723,0.7543103411872696,0.015193725877390386
0.748,0.7358194560140917,0.01754336023951379
