date,mean_corr_now,erank_now,mean_corr_fut,erank_fut,omega,kappa
2006-03-30,0.26044240902687715,17.804533396140965,0.2879532553421519,11.147151193213338,2.950479741374867,0.866202018173976
2006-04-13,0.2747365643046528,17.28315073809377,0.306752735655177,10.579396841726533,3.7685874172498033,0.8824745353054406
2006-04-28,0.2654423061996908,17.488577748973682,0.3991285918052692,8.801322909389011,3.587507045353803,0.8394143685870319
2006-05-12,0.27285280695826625,17.057178708241707,0.4307340139633711,8.322578942929482,3.6094065431779256,0.8801139092774649
2006-05-26,0.27883913813975475,16.824384999015198,0.4728727363504738,7.3583692734882975,3.580456506618203,0.8912344969263767
2006-06-12,0.33774940249926805,14.397539983191084,0.44938542378262947,7.733168211052478,6.707925875147382,0.957351317153374
2006-06-26,0.34916298773366367,14.061479029037194,0.4347918547851391,7.767577786935626,6.107546046805141,0.9636770675275589
2006-07-11,0.3743146786210908,13.150442258632141,0.3412460774102516,9.87381878533713,8.804597422375243,0.9718316616482668
2006-07-25,0.39296075302584016,12.737851672106608,0.2990379862466923,10.980132021418218,18.62406580238519,0.9886708043646927
2006-08-08,0.3803802604742367,13.186245147793699,0.28267674153709177,11.496321631321008,17.45539012750647,0.9892810809155866
2006-08-22,0.35851601991507703,13.932827496964526,0.3012610151019221,11.160658787116851,13.65820197654355,0.9835304813810182
2006-09-06,0.3149337016428328,15.474385913361136,0.3119914285642397,10.771980559271501,9.110662890739432,0.9472535535005111
2006-09-20,0.3005403843598286,15.789364378685043,0.2532457242662827,12.155205509443613,5.602051925897436,0.8827654825167695
2006-10-04,0.27514618011142983,16.90603935620474,0.21725769972174747,13.5174847841434,4.10449371428689,0.8562752539747919
2006-10-18,0.22574513361680784,19.52400797845176,0.25505297353445244,12.08334795882354,1.5544288220150775,0.7444432136598035
2006-11-01,0.21759063270563572,20.026110715451996,0.3236662811423002,10.183274025005545,1.2933553954847745,0.7245335719176755
2006-11-15,0.21780075714201985,19.82844335306397,0.29090133919446876,11.594335917047795,0.9414395679682036,0.7085266938717837
2006-11-30,0.24058337028700602,18.836004963207994,0.25870229771757886,12.309680217410975,1.6210409148949951,0.7756324541140519
2006-12-14,0.2117017619928448,20.576781212814666,0.22835836439849724,13.192200607780304,1.063156127011134,0.7535048700989025
2006-12-29,0.1988052494163498,21.186376343855148,0.22966822535190035,13.336300361119521,0.8304323748311908,0.741658843189552
2007-01-17,0.19929991701382357,21.325618564605193,0.2647852337076813,12.278601846889348,0.9077416610203068,0.7542010117141312
2007-01-31,0.20836490711769268,20.736909857220535,0.5377033740448109,6.268037090318797,0.8704396552311308,0.7375326043590155
2007-02-14,0.21003320584108212,20.802652768864398,0.5857374260492472,5.49324235456769,0.9734196891736037,0.7665249680440291
2007-03-01,0.3137648281036661,15.905480291350175,0.5209480086672065,6.441564380683362,6.1359078711198505,0.9370862153455306
2007-03-15,0.3711695386503236,13.3306800010413,0.41893684940254744,8.199049577296924,16.208681897024157,0.9664565439114341
2007-03-29,0.4059019476103049,12.121571947292166,0.25569648908860065,12.332969891872228,21.453307788002807,0.9915272590697728
2007-04-13,0.4347360917507002,11.345630695779688,0.2847004154059593,11.523831846435968,25.622117023845682,0.9984137308851966
2007-04-27,0.4274728190646204,11.378840376910032,0.31777669327893,10.92949274402471,26.10349188314872,1.0
2007-05-11,0.4313161981373153,11.336452847561441,0.4293911589889004,8.443267203844034,27.11896640070828,1.0
2007-05-25,0.33925051996811006,14.632843640582527,0.5291863044600724,6.386362692339667,13.22868478808026,0.9798005552548784
2007-06-11,0.3231730387652888,15.538933313741476,0.49983144866455814,6.910850281773669,10.661882022274384,0.9677190365476048
2007-06-25,0.35165637002088573,14.530200911687572,0.4382476714666963,7.96550749680955,9.200882389813628,0.9650803950524612
2007-07-10,0.3699117652874679,13.817049944677139,0.5586780459518647,5.9197622537104655,9.547673526425669,0.9791790714264695
2007-07-24,0.42509352512248594,11.699925642924184,0.5673430967893159,5.581102533639276,18.607620134230324,0.9943131255948431
2007-08-07,0.5040641971230613,9.069039670396936,0.5676902290318909,5.353563008918951,27.710445875254006,0.9936247891710794
2007-08-21,0.5122360288415504,8.671351110365197,0.6395931083410392,4.603143059763349,29.5026916422249,1.0
2007-09-05,0.5443331028146433,7.888066319280913,0.49391401181679356,6.838328140957745,38.68709500406051,1.0
2007-09-19,0.5473816138696467,7.8150230918386026,0.30300710136384196,11.140296760959647,40.26598484339891,1.0
2007-10-03,0.5448681811287955,7.8805323134656575,0.46725710660306674,7.430061682883639,32.627333892798106,1.0
2007-10-17,0.5338914509319942,8.078872916901005,0.48514395949030653,6.814056499549322,33.0289896102794,1.0
2007-10-31,0.4801587480895976,9.588690436842837,0.5650266073895734,5.291023234333851,27.314049610547716,1.0
2007-11-14,0.4886553715022845,8.969793172142555,0.5428950795959694,5.774155400557531,25.869775668366174,1.0
2007-11-29,0.4957688001497328,8.833941188365095,0.461343365212617,7.079171590348414,34.77440767697552,1.0
2007-12-13,0.4597927563749764,9.943676018677117,0.5200589561893063,6.0308245085553525,26.655235366206846,1.0
2007-12-28,0.47813034969382323,9.414019615113487,0.41178320672699203,7.708544991530153,27.175623236934047,1.0
2008-01-14,0.487990650404329,8.976574396250962,0.42366122358917924,7.767159852763346,32.426264254877346,1.0
2008-01-29,0.4647475407178426,9.13338768257083,0.4242445853478067,8.115031617557484,25.864619598745072,1.0
2008-02-12,0.4484590497623103,9.629001362233307,0.5131435697592349,6.325346249514017,25.132598897458873,0.9955923575315138
2008-02-27,0.41063312829853194,10.87371467873169,0.5837187079739244,5.1169514219023,17.9670235804416,0.9893067416324133
2008-03-12,0.4339181574610919,9.931586029786555,0.5436983629689743,5.675118465053268,15.104063853557545,0.9764374444981305
2008-03-27,0.45597242198094134,9.44855304552601,0.3968904801915418,8.428021036540294,12.68823527841253,0.9847207389723752
2008-04-10,0.45339032606034074,9.686179587368718,0.3692510112114687,8.89767493151744,13.998265716905424,0.9874872655203591
2008-04-24,0.4607406260729414,9.734917031394387,0.3837955501334522,8.792219072850884,12.293360100440164,0.9876471818573525
2008-05-08,0.4546437067273598,9.775192104875803,0.4942346209130981,6.687526639163544,13.39061150191311,0.9798756733494197
2008-05-22,0.4554503132815893,9.761851576333887,0.48352769343841867,6.663004433518138,14.838971252100746,0.9806127400542731
2008-06-06,0.4567797677282644,9.760908321235327,0.4131688526163419,7.680369642539407,23.538114824365334,0.987136791405777
2008-06-20,0.40951109305732364,10.98642521852711,0.3667777590956019,8.695025241201433,20.416303976379496,0.9738966976950187
2008-07-07,0.3916060972847147,11.585195140480053,0.4266518072615413,7.395364542490411,13.046159637991588,0.9545903054902809
2008-07-21,0.3779432097194031,11.402235532230803,0.4926593435064017,6.118278848697825,17.765059148218253,0.9175878562500669
2008-08-04,0.38868581422044773,10.850934724160458,0.5385591756251223,5.414241656948164,21.104292882510563,0.9139685713649196
2008-08-18,0.41825812090825976,10.099108474258456,0.6148021026976412,4.696451981621651,22.134799428864767,0.9417194521963901
2008-09-02,0.4117259128730721,10.157847723155198,0.6670431309501802,4.189215553434591,21.70429340350426,0.9370089160538709
2008-09-16,0.43615959475348154,9.84340573374079,0.6824434064473297,3.74474548336149,29.21917809024904,0.9837159456046651
2008-09-30,0.5580151878465756,6.977632759159195,0.6736143424690283,3.8860083289037406,58.549286183753814,1.0
2008-10-14,0.6153976846496908,5.479576191988648,0.7291354562844011,3.440339840190165,50.38654494241622,1.0
2008-10-28,0.6617099170567289,4.70674690064042,0.701293147904897,3.6156730235610928,63.42962197627786,1.0
2008-11-11,0.6588289450051021,4.863068768538226,0.7191972830210346,3.4746957309151245,62.785616407730124,1.0
2008-11-25,0.6698981431295672,4.6922363429151375,0.661996154775064,4.189070454504678,68.45110520017832,1.0
2008-12-10,0.6841197012150161,4.533668718110368,0.5066113951298111,6.405796624695195,61.895563233630135,1.0
2008-12-24,0.6741993526410076,4.674331130890527,0.4795651669172415,6.703935335464268,58.49566257023451,1.0
2009-01-09,0.676932659789445,4.737710113951603,0.5127448984168719,6.5229638737765585,62.42722259919168,1.0
2009-01-26,0.6189354036224117,5.886550233571813,0.5465354970157998,5.928537017228087,43.79011028976044,1.0
2009-02-09,0.5995979239435847,6.323892380028353,0.5578054918146884,5.409236225520881,36.25574307365881,1.0
2009-02-24,0.5519585114937947,7.538938638653975,0.578420592132736,5.247769444557116,36.36950147519397,1.0
2009-03-10,0.5050594620411366,8.452737958346328,0.5586750629117754,5.364819072278075,28.417085434777576,0.9960765941881182
2009-03-24,0.5304859095520463,7.823074968379748,0.4760061800051346,6.493529597119676,40.5878219848194,0.9994850600773612
2009-04-07,0.536279605011574,7.61576309258886,0.36097525431058836,9.180811310614795,43.152012954972825,0.9993802684215878
2009-04-22,0.5382307099496064,7.402388267962906,0.3304502120076904,9.821300058342876,48.839750537779196,1.0
2009-05-06,0.5296694090452689,7.664114453118686,0.3938026037368533,7.973595203647846,48.628790772077586,1.0
2009-05-20,0.4850771685981519,8.633704750606485,0.3842120604454286,8.474719560650373,31.377704500429385,0.9995296237311189
2009-06-04,0.4394370100058273,9.681854221413554,0.42544159248217495,7.964918384001249,26.553729705478794,0.9851866675543407
2009-06-18,0.3872784590042765,11.066566833304982,0.49507180142979684,6.651492914023825,16.958365474794334,0.9510403214771171
2009-07-02,0.3647259564568258,12.011352265231393,0.3409828051319021,9.944922392507118,15.245168352958654,0.9494549205687542
2009-07-17,0.3640952917810759,12.29230282443628,0.3319461648651122,9.870991376704223,13.6762372144193,0.962336260138788
2009-07-31,0.367863235416037,12.149522644236752,0.3691296361666856,8.88925965217879,14.711263746852566,0.9522855434316496
2009-08-14,0.3631986810077439,12.52696844304204,0.41207238838264393,8.287197836420148,12.903043210302737,0.9698783987841055
2009-08-28,0.36115572336531093,12.55098470450332,0.35368505752409635,9.663738317861695,15.914757397976592,0.9621050166094574
2009-09-14,0.3721675875767836,12.220469522939005,0.3436391189786695,9.86168547761124,17.233963469558084,0.9631586715425512
2009-09-28,0.32237403069543236,14.22553032241298,0.3831907588821926,9.196750353642614,8.639907262806474,0.9223497706291409
2009-10-12,0.30365160272737884,15.11293309041498,0.49587594742633406,6.780392540145179,7.356079473387914,0.8873592491267281
2009-10-26,0.33477558337376917,14.31940562514476,0.5535363848990754,5.685606350576445,8.829144883349556,0.9538141516386298
2009-11-09,0.40781838494838596,11.925204775363182,0.3805026925398703,9.015617780331942,28.2066868819227,0.9975509966528734
2009-11-23,0.40686472714788463,12.014365472095353,0.3456570424471607,9.838718765292422,26.56444913607916,0.9998860582351313
2009-12-08,0.4020591413481891,11.944210264155553,0.3004299981861861,10.528109295431106,22.676811658574778,0.9907438027210484
2009-12-22,0.417503398211271,11.597728698188467,0.4242566053036438,7.908074985884169,22.7457225898834,0.9930532236239693
2010-01-07,0.4071189364873377,11.64005003725085,0.49791196614067473,7.022655716419403,18.258558839084117,0.9937069160145663
2010-01-22,0.4442586178173506,10.459087073892444,0.5292050201290037,6.137743086856067,17.75405426902364,0.999327495334363
2010-02-05,0.405221136456553,12.000841870064866,0.4423416813747245,8.05014060433447,12.850423761254945,0.998562973929043
2010-02-22,0.4202545241554667,11.377019821442374,0.29904878865994144,11.537325793726323,13.248225209642344,1.0
2010-03-08,0.4315498152822005,11.230018860458976,0.22563082271961882,13.76567391430047,15.889931627283918,1.0
2010-03-22,0.42834618711832195,11.287678682217953,0.2938384196177006,10.991696797629414,16.756751475723654,0.9993395950611226
2010-04-06,0.4296449368501128,11.490963580268318,0.44343708836637213,7.622612596868156,15.826565126620409,1.0
2010-04-20,0.3808762540324455,13.085484921332446,0.6503226102664811,4.309037655161139,9.041175998362371,0.9948846854954155
2010-05-04,0.38447218034499114,12.774156644250297,0.7517004657860266,3.1209014756320546,12.637636684357956,0.9981015713043252
2010-05-18,0.5164766578037866,8.449594996663045,0.7380680243807936,3.32054321961188,42.19031989872084,0.9981541803748126
2010-06-02,0.5835175442129077,6.748521555718261,0.6279005742389097,4.511580710530551,66.47373096949876,1.0
2010-06-16,0.6294871650625894,5.714513718515099,0.6317555594387548,4.495425075416806,79.8250488208114,1.0
2010-06-30,0.6325218325028521,5.591532408096696,0.5595683065852558,5.577481537279627,83.54353537024693,1.0
2010-07-15,0.6664774720742118,5.007001823425385,0.5405134972345261,6.04073439524745,85.19250611281511,1.0
2010-07-29,0.6739210038042476,4.9050625623787845,0.5803821881726301,5.376558472095616,82.34361062543348,1.0
2010-08-12,0.6297470826492958,5.809261285076591,0.6069282201142393,4.859357148672071,71.79095762731298,1.0
2010-08-26,0.5860423756355886,6.7826746649309255,0.5779971936693806,5.253003729952867,61.47192635345495,1.0
2010-09-10,0.5692075389908797,7.147677264982178,0.4810781557779448,7.159916916083565,68.01537869575621,1.0
2010-09-24,0.5576184718735149,7.42188178048727,0.37598737194602294,9.150125366435086,71.931113017614,1.0
2010-10-08,0.5375674081358128,7.941520110447844,0.3284488827847201,9.985285447290616,51.66666621404345,1.0
2010-10-22,0.5046552690097788,8.701436739587123,0.37820406411231605,9.007982245195912,35.104424165269634,0.9982223172409854
2010-11-05,0.4596777687017038,9.935074793269065,0.5176324110700625,6.311641982923005,22.69157111456614,0.9897602546303418
2010-11-19,0.43718355474646187,10.747129059570472,0.4167064777489735,8.218871934688996,21.477343617320024,0.9914221270299779
2010-12-06,0.41982556389682085,11.241100097019192,0.22799173896458053,12.652312633428897,17.02903869362235,0.9905403527345391
2010-12-20,0.36962560339248257,13.104340794684568,0.24882919308249146,11.966004749285208,11.434477438557291,0.9891073990435943
2011-01-04,0.3342560822879448,14.079131385551422,0.2927657410248215,11.460337840878303,8.444724407915938,0.9694184225800093
2011-01-19,0.3171658430864512,14.990099324722994,0.2819422252297025,11.791221751778924,8.299524193612314,0.9802659572693427
2011-02-02,0.3192173509262161,15.250264734787436,0.3750671970738106,9.005135207256034,7.062171848632234,0.9839464517863624
2011-02-16,0.27287160213560246,17.274359732921926,0.5235708796616585,6.2391569973886964,4.447042861460363,0.9179667582164028
2011-03-03,0.2533354733839876,17.914288013126583,0.539807756847131,6.031723490170496,3.6339108397239217,0.8625248868842059
2011-03-17,0.3551482281847214,13.630751570351833,0.2721637643296212,11.376170151302794,14.600670622949753,0.9903983410284151
2011-03-31,0.3610536515687388,13.831738112485816,0.26066885611624585,11.63894974181739,11.812613429230199,0.9973539784988246
2011-04-14,0.3785656359274644,12.8693926832237,0.30816824674008625,10.386947424414316,14.14279749776419,0.9769554246040989
2011-04-29,0.3656500301053855,13.37175587960881,0.3347259635313921,9.542790137489375,11.711859752086637,0.9805990717311603
2011-05-13,0.38616265242833187,12.275212098503344,0.44621682532602336,7.354235690185027,13.128619102755486,0.9905094132728041
2011-05-27,0.3534983727043355,13.150318352775628,0.5374162970814766,5.9639484320092295,6.6889187405509505,0.9664965204967524
2011-06-13,0.3241967397165743,14.071016414225861,0.5438661799462458,5.903729373319131,6.1414479337923575,0.959125755627606
2011-06-27,0.3556885852563081,12.970388497394945,0.5084000246012076,6.468791086344197,8.754520705657253,0.9719033572550743
2011-07-12,0.41323917360501333,11.12964114283254,0.7987396034260918,2.6570202108238954,18.02453613879942,0.9977659969081305
2011-07-26,0.42778283464048494,10.811509497939326,0.813365033789625,2.4434485831237813,18.00070251650842,0.9987747702284073
2011-08-09,0.6875536209925155,4.647363808456318,0.761961128692655,2.939715585739238,52.63042550483293,1.0
2011-08-23,0.7281539634493444,3.8848762466127544,0.7262027625229565,3.409701744807173,62.715865688036565,1.0
2011-09-07,0.7379405555718981,3.7296093844936333,0.7105761721796909,3.563591575860325,67.32207471229636,1.0
2011-09-21,0.7418514229012488,3.6949115877192478,0.6770132681800552,3.9627937565174594,73.24649278489156,1.0
2011-10-05,0.7449856283038295,3.6823542817032116,0.6722476405341156,3.9889391709033175,73.97230417699046,1.0
2011-10-19,0.7473814098991313,3.615423036194704,0.7524781712484732,3.139848303356378,79.8178725479939,1.0
2011-11-02,0.7088592051701168,4.212587974051824,0.7978784556371938,2.678014829838601,84.94922155315729,1.0
2011-11-16,0.7003181470968436,4.394163412619932,0.7487151287901745,3.1634564032188424,74.62635178911914,1.0
2011-12-01,0.7205394352399187,4.07271922646024,0.6041246978483586,4.659353698853065,77.22831026828204,1.0
2011-12-15,0.7161108660685951,4.142807892156068,0.4888961596011735,6.528039474929412,75.52593604060999,1.0
2011-12-30,0.70134724750784,4.365589806582488,0.286527647956496,11.61661165409151,72.91011468975304,1.0
2012-01-17,0.6904906348040587,4.560236089304112,0.2999005140960736,10.80048194241864,77.85728646811208,1.0
2012-01-31,0.6345412405468025,5.635430743881519,0.3318265434513399,10.255396148782019,71.91523694990123,1.0
2012-02-14,0.5697707788027646,6.883926890030292,0.3789792128893288,8.868320004337736,59.14254905706071,1.0
2012-02-29,0.40566531250220633,11.42662788440319,0.39146165270494615,8.780423301130872,23.42792688746426,0.9730606533103624
2012-03-14,0.37023410082453073,12.612378976796759,0.47547792197423766,7.079086484841723,12.137977999768772,0.96119320612252
2012-03-28,0.30058240931568136,15.933264612266585,0.4560611014404948,7.513627027955762,6.596360303451511,0.923614549319398
2012-04-12,0.3579210621724794,13.420724644088697,0.36184578146355006,9.64779875214557,14.43078745822707,0.9677794831742268
2012-04-26,0.387899478435769,12.221760868188086,0.3322821040548067,9.752104137718426,19.90519743593397,0.9728188850596722
2012-05-10,0.3823755898014343,12.580965650104073,0.5510713847477277,5.693551737796705,18.07359149688211,0.9773179202519378
2012-05-24,0.37954987944772095,12.610317799822282,0.6414857762628131,4.428333210276887,16.940360458834483,0.9727007630926333
2012-06-08,0.4427532877541309,10.489450014832029,0.5500796204400497,5.405371259030653,23.981930542577654,0.990586822539898
2012-06-22,0.47308994348209593,9.493459407658035,0.4531689504415432,7.202901922247164,34.14851091682389,0.9959672367136077
2012-07-09,0.4644915721180955,9.492280464289156,0.43986846945673774,7.894198426569656,27.565161114126013,0.9879099204021448
2012-07-23,0.46082188283739367,9.417167286379438,0.4465118762121749,7.354702431381056,34.25924093061559,0.9876868967756705
2012-08-06,0.4841616398832402,8.910147659252036,0.2787976318974553,11.252321189074921,40.49714677247049,0.9957462815495921
2012-08-20,0.4860422295173657,8.816525226072512,0.4186427965810832,7.653385658765652,42.647903976413545,0.9902672611199469
2012-09-04,0.4338774344709348,10.193667434234358,0.382178816934737,8.474959626223242,20.703756790780904,0.976244196647774
2012-09-18,0.40956876771643497,10.869497240919411,0.30892549567415983,10.502869144859586,13.849027836646833,0.9687107066765723
2012-10-02,0.38358948920224833,12.168630038012969,0.32883080861103187,10.050072733617062,16.039954259319455,0.9766218336725527
2012-10-16,0.37154633758432315,12.664325473960528,0.4095935508338245,8.160394629047012,14.937391143792409,0.9729269062120334
2012-11-01,0.30913983068524636,14.75887149531558,0.5451764099383543,5.860550641181957,6.312794730595148,0.9059813149481806
2012-11-15,0.37660147549379824,12.717532410784436,0.40806014502737625,8.631415155798821,15.97331508893011,0.9821254887872207
2012-11-30,0.4011171819169101,12.039319990877143,0.5646134951664196,5.564763431524419,18.66562392196276,0.989453629907431
2012-12-14,0.38228957911749883,12.685859254275197,0.529290717572571,6.0772053023330255,16.95872364157556,0.9791162775120044
2012-12-31,0.4150268424600671,11.579088106578702,0.3263363159366445,10.570039472048679,23.551834427087293,0.9984705570633781
2013-01-15,0.4510922515740342,10.608593679500913,0.2524609537365174,12.483812748874275,31.08554025448141,0.9959862598903727
2013-01-30,0.4391782707611453,11.204700308429873,0.4300522451104907,7.938067511827862,30.265273508891536,1.0
2013-02-13,0.3762370281714483,13.562135723086069,0.4055031052653147,8.349065205576196,12.630932504499368,0.9940054203411003
2013-02-28,0.38517497626008584,12.785559569787116,0.2986124676825446,10.885528212771424,10.72926531636308,0.9883774140475424
2013-03-14,0.38115374635082544,12.862229133507578,0.40297859798536095,8.575143368950066,9.299014525725893,0.983291991740331
2013-03-28,0.33303545124448597,14.963314588929741,0.36354431440528184,9.355873688637914,9.593397195868308,0.9650340203939313
2013-04-12,0.29109249700550976,16.518245282765477,0.3407692590311572,9.869031772354315,5.343328432861525,0.9003311243261112
2013-04-26,0.3317288074086827,14.349558308653139,0.30586643762310206,10.819345490152916,9.892785214846858,0.9310774379570069
2013-05-10,0.3221196891533989,14.641684668660185,0.4274438670329831,7.814633002086079,7.16726740601039,0.9087910694833049
2013-05-24,0.27916404452278176,16.59342358485867,0.5732840668592674,5.296632350873136,3.9976901408874825,0.8601114718931909
2013-06-10,0.3193704139480563,14.81155666211356,0.5556533482136585,5.613767524206483,6.190789523325618,0.9186424885204085
2013-06-24,0.39252701243704774,11.853651428655184,0.2772593995544083,11.722782596065036,13.912182830201871,0.9782221944518354
2013-07-09,0.39839175426412926,11.636185418741034,0.2686540518174793,11.424489092632365,17.64143537201053,0.985377888201328
2013-07-23,0.3777482597353734,12.389628202864257,0.34706532257254935,9.908397574958796,15.582280944443966,0.9442074678343187
2013-08-06,0.3835295461493769,12.155317404572875,0.3736203009536159,8.744640452284473,11.79671144800657,0.9566732914268676
2013-08-20,0.4106926329041558,11.261095520713285,0.3995801448840272,8.31947045044563,13.267837870353206,0.9764381766464686
2013-09-04,0.3920853347154412,12.034441927324051,0.3750682285945422,9.47234380165797,15.167376300617041,0.972460862470315
2013-09-18,0.30986404365824155,15.419259352671485,0.48154470179494846,7.08854831310197,4.8146481405768995,0.9314526587238499
2013-10-02,0.29441188825261105,15.997021426074827,0.4388182994147824,7.697724306234441,3.351459594088077,0.9082070182486388
2013-10-16,0.4148248254999129,11.693781959538192,0.28114020616749463,11.42579886695954,10.10214007000452,0.9889764697951386
2013-10-30,0.379043556112941,12.908761903807482,0.3105664687828167,10.648360199487467,7.950034381144764,0.9794572226736219
2013-11-13,0.3717888149760168,13.244871704277733,0.33191787346920043,10.294427580772188,8.766773904148277,0.9843313020420719
2013-11-27,0.3422939748337296,14.652262439206849,0.4677953656541235,7.239215485802054,6.378199734975478,0.963447169773047
2013-12-12,0.3484202096092463,14.182454769045558,0.392325528587949,8.651800345988317,6.697503212761215,0.9748314558848582
2013-12-27,0.37006859021752053,13.119846243250288,0.35427188477130533,9.915792326850175,8.746416825912451,0.9692602803789562
2014-01-13,0.293178999098757,15.93589932780783,0.4809917420392814,7.253555891644768,3.661089478702821,0.9269778222073466
2014-01-28,0.33854474669441265,14.212156749432697,0.49334686461021615,6.8780513328909745,5.864881852894004,0.9652829754338889
2014-02-11,0.39076221786681853,12.432116014717021,0.39614106871871047,8.755968433738316,8.997224335598142,0.9879460146299892
2014-02-26,0.40604249640182416,12.060847693082032,0.38952610405075205,8.833652105842171,8.861851236554173,0.9911746710403526
2014-03-12,0.40185989714279213,12.200577155289938,0.43301482189886936,7.694382619018659,11.758376116727877,0.9926382856777287
2014-03-26,0.3872501323229156,12.729650238290228,0.37559882642483594,8.856238075383548,12.522128142842142,0.9845866418855994
2014-04-09,0.39328634479487157,12.50911707526365,0.3472379732520281,9.498009564473794,13.981534415601848,0.981608812112315
2014-04-24,0.39776031083391417,12.171193698469018,0.33284548365181454,9.636769882865803,14.016051143907701,0.9742610409205014
2014-05-08,0.3244965902225456,14.620315084000362,0.344985136964459,9.820184001360904,7.520284491436586,0.9419571101373384
2014-05-22,0.3386927674631392,13.880745568688575,0.24684844012960716,12.604181585980612,10.111785024144696,0.9490227578650667
2014-06-06,0.32386739952890337,14.356807140672622,0.3050383059183913,11.027943914953784,10.588942759011859,0.917181877664989
2014-06-20,0.2973828951872595,15.475069203686145,0.3313043057332245,10.129065346458535,8.37634125013914,0.8680420554289286
2014-07-07,0.2909877151795911,15.860730591782987,0.396358066240853,8.551256938530058,5.991856918103251,0.8926606189650201
2014-07-21,0.26880870627915154,16.655972844048055,0.4659046752910514,7.313116066289128,3.9341680727879305,0.8085457871510013
2014-08-04,0.32268620830508443,14.8115633414297,0.37462452825850523,9.119579619993921,6.273778365063943,0.9269234220878102
2014-08-18,0.337776535417625,14.47760794012283,0.2836794268553608,10.954600680815773,8.42311230142166,0.9669434922374499
2014-09-02,0.3419537346201164,14.152733530880916,0.49560599910388653,6.7243088478373245,8.518867170880798,0.9591324668953507
2014-09-16,0.34842346480935027,13.719731025634482,0.5791966574680321,5.069974505628623,10.70426891770318,0.9546165170426777
2014-09-30,0.3839201931172736,12.437698840487638,0.5473484284677286,5.6160296483494,16.315549370753505,0.9828488304162196
2014-10-14,0.497478940664002,8.617647044221759,0.3713285844457705,8.696117435311962,34.32976594334221,0.9980762735920702
2014-10-28,0.4734546864412171,9.076148082710867,0.21830997326564794,13.692078745062803,24.204981009666238,0.9776899365676595
2014-11-11,0.45408698763200234,9.610996846621966,0.28793707272005625,10.690334184443703,19.803366829742405,0.9774781141550765
2014-11-25,0.4349624688281438,10.338568823828293,0.5224507335453238,6.125009491136878,17.847283759550045,0.9769441358319602
2014-12-10,0.41534355000389694,10.640785786048907,0.6460934344297956,4.406201062179481,14.346909822889963,0.9583055625511079
2014-12-24,0.45997995492852667,9.515472178544309,0.5086655540710908,6.362362487622018,22.013093335385644,0.9796408081823643
2015-01-09,0.4366781098563142,10.117244561655957,0.49460423203713944,6.568460902103157,26.988202028503874,0.9858251662861975
2015-01-26,0.4401321160103561,10.200532563875804,0.480760931491103,6.714036466507292,23.138131032427196,0.985149858073134
2015-02-09,0.47300157960451394,9.068988587569333,0.41461953387951556,8.02638712888702,34.42911033153961,0.9979926354740007
2015-02-24,0.47277316995865604,9.141739959747145,0.5010327327671847,6.2544424381444115,29.759418637442682,0.9988869044793691
2015-03-10,0.49822858172585954,8.632038537397932,0.5119306551478129,6.321045510523937,33.910832680973044,0.9984279169507453
2015-03-24,0.4646245189117153,9.549534905573916,0.4284982624199559,8.160597691675386,26.207906376425967,0.9957807743887194
2015-04-08,0.4495650888059256,10.0960629539611,0.3530157440469541,9.906783442205196,23.57508537943511,0.9955504472198838
2015-04-22,0.45608447121859036,9.806232838898515,0.34612163960541964,9.604431212757554,30.988859852156327,0.9960542542406842
2015-05-06,0.3951253662888053,12.021804128775354,0.4130066968259489,7.995032177654669,17.683634505673687,0.9918817763248068
2015-05-20,0.4133894962820815,11.38355892965418,0.4832782564628482,6.648118212387939,20.67060968793773,0.991204821911115
2015-06-04,0.41173698751525106,11.508604214684828,0.5378469263370792,5.498254666046126,15.030524061850821,0.9863454761608026
2015-06-18,0.3950252321922996,12.064349653071037,0.554063047757604,5.583619606450192,14.501755511634512,0.9986048094301595
2015-07-02,0.41056508127228597,11.353192180733524,0.41502805100304735,8.320768667617765,18.87179652153506,0.9823464992929982
2015-07-17,0.440827750024899,10.248551871299087,0.3709585614038063,8.946891584187307,22.393405378052506,0.9892687316800306
2015-07-31,0.4286455511121494,10.736163850575537,0.7650744679842381,2.9532712543827917,14.936285608207786,0.9714609022585895
2015-08-14,0.41877025393687484,10.81853974395128,0.8458682807174199,2.2140567424872954,13.844797033623255,0.9644600053819744
2015-08-28,0.6316431488862527,5.660997801705592,0.7025328630656337,3.6013679931255718,70.98887311032249,1.0
2015-09-14,0.6808872886836789,4.7671756487905395,0.5560596100631571,5.328053062875343,87.60028781860247,1.0
2015-09-28,0.6651458417619674,5.103228513368608,0.4010143954216615,8.228315603382923,78.99148212597932,1.0
2015-10-12,0.6652991657599685,5.019796478211081,0.37523784540755073,8.876832212768937,81.608490241118,1.0
2015-10-26,0.6541937935979875,5.154168029517367,0.4297902748055201,7.996335590884984,90.13861521519348,1.0
2015-11-09,0.6401206445408718,5.418832973686617,0.5492260275513385,5.718852894181789,79.46342590653467,1.0
2015-11-23,0.5272740644055309,7.752555243665871,0.5924340504805672,4.844245594396512,45.197266706741615,1.0
2015-12-08,0.4576248652159368,9.54386155544432,0.6372992072612987,4.2816765033006385,28.45732443258807,0.9927901098998535
2015-12-22,0.45975196827109616,9.59118178471576,0.6297255814417442,4.48665027323044,33.0284224608421,0.9975982647070667
2016-01-07,0.49122552582788104,8.679741632777745,0.5002659977494838,6.738191705115191,34.212932014597186,0.9926943937082363
2016-01-22,0.5444978499169021,7.379929362290934,0.4344954114396654,7.670298711898376,58.22909460206594,1.0
2016-02-05,0.5411975057519637,7.569342431349076,0.4647696967885828,6.879429293708066,66.24772898930483,1.0
2016-02-22,0.5130070130772925,8.302860134048142,0.46323858806030854,7.035204316402572,49.04384255835762,1.0
2016-03-07,0.511333724088099,8.230812783149432,0.35411646445274075,9.347879704597958,36.6700964853849,0.9991634305009013
2016-03-21,0.4892350356795784,8.689504940569917,0.3789731235826801,8.220220403131957,24.115959780732787,0.9959577524001574
2016-04-05,0.4502125050764582,9.757717747637393,0.4081942552894446,7.514800749573114,15.65806767813919,0.9940492110538867
2016-04-19,0.40262635169175987,10.703038894901532,0.3714734174253818,8.17659427865641,18.119679365511697,0.9637371159082102
2016-05-03,0.3809004160511118,11.412685676152792,0.4110296454745674,7.665770743227181,22.141153571694463,0.94192913446103
2016-05-17,0.40359729531143274,10.657621500655676,0.3237642872033623,9.408259487511263,24.697882974157512,0.9491623668128962
2016-06-01,0.3494328873968372,12.079582099848421,0.6511369345559134,4.040692809652874,16.422305766870537,0.8846895503744516
2016-06-15,0.33623559873656284,12.460193937099234,0.6583797145001115,3.7515032271706663,12.767641358278762,0.8430060644679179
2016-06-29,0.4748644147463774,8.32722768982888,0.35151436039764516,9.123080407840229,46.86120944032616,0.9580725682106148
2016-07-14,0.4834795651000508,8.010386175788204,0.2514924941961483,11.714701429649068,44.04664724490238,0.9528162669702874
2016-07-28,0.48173383466589526,8.204703855748921,0.3053875626963354,10.150104188351415,37.54992997863182,0.9421421091281925
2016-08-11,0.4475014310820409,9.028477261891332,0.46911015453582183,6.7879659400559955,25.250249069200702,0.9177814206344427
2016-08-25,0.45772915289255417,8.779833551473637,0.5450376082768159,5.6612472731312895,41.87491307316165,0.9328159201634135
2016-09-09,0.4914987655926003,7.946047234500069,0.48011896313281854,6.69726945168565,46.72660425442889,0.9591192633148341
2016-09-23,0.37281907573069173,11.729278674021238,0.34154598138413733,9.832717888422875,11.844650151308247,0.9029847315251593
2016-10-07,0.3513962859604969,12.922369746750276,0.3396110991529706,10.111653980637165,9.101103923623969,0.9201672208759887
2016-10-21,0.3631581822306026,12.544306949446371,0.30428417866756297,10.014378986613496,13.098473776545616,0.9495060116965618
2016-11-04,0.3398893448417082,13.954172055952565,0.3019016943263579,9.609563666842575,9.333139058395128,0.96617214246659
2016-11-18,0.3349927601720183,12.892369498742301,0.2817338881770975,10.31423082879461,7.810930488445611,0.7473618086743257
2016-12-05,0.28457747687199303,14.560120182919416,0.35051797756284264,8.710850171455318,5.571805761645889,0.6193200802460911
2016-12-19,0.2564040604616334,15.721909059999177,0.3024126721258322,9.802036287785569,3.778185706677704,0.5594069552337959
2017-01-04,0.2519705298645772,15.509321972592113,0.26890703117379755,11.619691402823367,3.2184308373403563,0.4850264707162378
2017-01-19,0.25333634592553506,15.05956238223784,0.24857803505176515,12.305294962207794,3.732552790350733,0.41704877811604885
2017-02-02,0.2531363911235966,15.068086045739605,0.3034532588703082,10.45747932730736,4.274341502689546,0.4725190710380046
2017-02-16,0.2155377168297492,17.643117959733416,0.29054403629143233,10.854914748607186,2.227588350001657,0.5374302484848029
2017-03-03,0.2433214934759073,17.022119212148226,0.2894915788305919,10.773975103243457,4.300723221116418,0.7133589951332069
2017-03-17,0.22610317659177012,18.00669599917394,0.34122136495431216,9.586763746302177,3.5293645328430756,0.7376481412527806
2017-03-31,0.2291633200140183,17.80761832176275,0.30877063337559324,10.646959563533324,4.024097733932756,0.7825442691735998
2017-04-17,0.24442649402418182,16.88059318966394,0.24893273949475572,12.490865272804204,3.9424352782801604,0.8098353209481203
2017-05-01,0.26412701294609264,16.383771488203916,0.3083163253045704,10.568149915189066,5.810083129621193,0.8556482673103375
2017-05-15,0.2531716590152741,17.178186816228553,0.30591179759507,10.002314530948162,5.171605643594531,0.855859526868886
2017-05-30,0.2648841290539695,16.48190603425191,0.2563926397605079,10.84820453992314,6.000212518128787,0.8582333897541484
2017-06-13,0.2534244308706059,16.30073583719131,0.27459464461213867,10.65326042813439,5.446826024984346,0.780719435936373
2017-06-27,0.22810355578928032,17.2620518894788,0.24150702987409547,11.627002045803106,2.991548148655391,0.740665351568041
2017-07-12,0.22637195827627635,17.464350352292154,0.24345395744085876,12.273586427300609,1.8339480586740498,0.7108254471503662
2017-07-26,0.20327116004987228,18.390216202190643,0.34001797744971307,9.397195466241584,1.1345385857711299,0.5401809833726022
2017-08-09,0.1930753416218142,18.833845266373274,0.37871690568753097,8.400765713065772,0.9047479556170952,0.48126139017219255
2017-08-23,0.21236286962796855,17.616516387092833,0.26254757840230275,11.486313007821433,1.197277690639129,0.5171575845076255
2017-09-07,0.22007450550945973,17.60225392988354,0.2195969270807594,13.41637509403394,1.8332903310086246,0.6014095618694661
2017-09-21,0.22783517333771686,17.58965986432563,0.2070255716697509,14.165432327129482,2.0198850342122743,0.6969067216027661
2017-10-05,0.21689947854492223,18.333370361538535,0.2111015515000504,13.930960734159944,2.4717462760048026,0.6715931231107175
2017-10-19,0.2156032257451677,18.604421936362076,0.225441438643995,12.893453040610632,2.579839807158321,0.6834202756145827
2017-11-02,0.22151362782200468,18.27913178481364,0.26938484498493853,10.925176407603194,2.5449515756228602,0.7212793394130049
2017-11-16,0.17279338494206217,21.053345685011053,0.2759533564568673,11.043434512218496,1.0012720798893886,0.531361978851535
2017-12-01,0.17899544185588526,20.836211165184654,0.2673419207738354,11.136372941278738,0.9760060267141756,0.5336732419982998
2017-12-15,0.18214410621780336,20.26772997310601,0.26072747736237806,11.61326640576717,0.9293140711143997,0.5102209912334661
2018-01-02,0.18808232115482054,19.731193101380395,0.2738529229479496,11.65783626258318,1.191358589492096,0.5571844722606849
2018-01-17,0.19989489529642213,19.08412417784123,0.632839686820696,4.499301756064324,1.1515266521536056,0.5257782782068791
2018-01-31,0.21463912692481626,18.29849567649053,0.6794478511330693,3.8505870747048787,1.3541331130022713,0.5702829223851975
2018-02-14,0.485985736893919,9.029161098140015,0.5157593967757378,6.373243586870326,19.264510860983027,0.9758570697627468
2018-03-01,0.5068953865318189,8.587289748798463,0.5688306461757807,5.285544836101017,20.544841893809014,0.9810442750741449
2018-03-15,0.5310170453413451,7.847557311301813,0.6220141378934763,4.461819350779657,24.102925103464738,0.9941112422979673
2018-03-29,0.5521231305561413,7.343689861326926,0.43653406582043264,7.733612404613071,38.89862470479778,0.9990739439446932
2018-04-13,0.5846975709780265,6.513024295981255,0.2562463095427067,11.894573192497866,46.80874768157248,0.9998612357007454
2018-04-27,0.5726137107873572,6.791761362572932,0.344753852406401,9.47663387182582,52.22761750392757,1.0
2018-05-11,0.4654858717467555,9.354358529142676,0.40486125352730423,8.334196034253573,35.53444652190433,0.997319567912746
2018-05-25,0.43168757866583657,10.358893817591394,0.40404272145078113,8.037643997939714,26.41430591563645,0.9950313115028702
2018-06-11,0.4409971611183724,9.959273880147787,0.3230323247395645,9.437847463202997,22.6229369151931,0.9906344088695279
2018-06-25,0.36454006770478364,12.487775606217287,0.26465665171353137,11.05660959397488,9.79499739709327,0.9633716555280546
2018-07-10,0.2718963586650525,15.850808512419672,0.2290292482260306,12.891164748203817,3.8611989785959215,0.8825148796718474
2018-07-24,0.28893932836101144,15.032045339889262,0.27035702583959187,11.438750306738912,4.617572588851876,0.8937692388485284
2018-08-07,0.25454915705622677,16.460456016531033,0.33136860624276504,9.791287834959292,3.238013079617557,0.8469442330391096
2018-08-21,0.2705071034461653,15.824733668440583,0.2590684378700663,11.543658410812482,4.719961124450219,0.8764794571223276
2018-09-05,0.22433354160912886,17.770877350101475,0.23414053658323808,12.551129710962494,1.866578397348666,0.6857810920040741
2018-09-19,0.20165150644765312,18.981408944081927,0.4728040220801082,6.862500651463468,1.2848786393309726,0.5912503571997454
2018-10-03,0.19280586542140865,19.515606568027216,0.4686116882136937,6.743370139236004,0.8744067582803531,0.5741607246613681
2018-10-17,0.3172312862769921,14.334818029477637,0.42017928014689765,8.004477839320561,4.972182493343335,0.8896348721368791
2018-10-31,0.3739135585487046,11.589240203312645,0.453815775636729,7.433007349223844,12.403201499979467,0.9068874656399482
2018-11-14,0.37442123448171394,11.709608173395102,0.5324238019622508,5.700575894574392,12.280844166213454,0.9042563522740013
2018-11-29,0.4001462810475008,11.02940769379009,0.6360145699872828,4.2718658167998464,17.857181652226647,0.9446787500693998
2018-12-14,0.4374870502149794,9.725079728708218,0.657514048968956,4.058589655076803,22.947684335871795,0.964953200197255
2018-12-31,0.5222281293249569,7.567089969265918,0.3781323456542979,8.56647713860892,53.643507037359704,0.9928582227605329
2019-01-15,0.5221717930346677,7.462179411201614,0.27637279164874023,11.373339947815307,53.41867210848021,0.9906862870738796
2019-01-30,0.5222485650075678,7.750765465442264,0.29884261624029057,10.543791167825237,42.480773568182485,0.9946920325430647
2019-02-13,0.5168552229773146,7.906985086208014,0.3325424219713424,10.13930001869304,42.26803922040488,0.9974940090431806
2019-02-28,0.4867515632187161,8.7455860816265,0.42845658999924463,7.6637563134448925,41.15629748939726,1.0
2019-03-14,0.46969356090453523,9.426961864365708,0.3950264214442099,7.899363466843334,31.130331307390186,0.9979519879851952
2019-03-28,0.3305321166247228,13.525524032446896,0.25166600342274636,11.644476276223498,8.812020574001407,0.9098794416643625
2019-04-11,0.28023071211611794,15.535631048785289,0.3242740073558301,9.608878557315826,6.061712168505772,0.816924623043394
2019-04-26,0.24729895626542947,16.702468594657915,0.45194186414052656,7.313944419581021,3.8074775422260663,0.7630370865272575
2019-05-10,0.2630854579995553,16.141935791861453,0.478053879544204,6.682438406373307,5.346649466625735,0.8385230286091148
2019-05-24,0.30357621582789285,14.275304519259032,0.4057237314373998,7.978255611683078,9.554976234279764,0.8790072865103921
2019-06-10,0.32671292479353214,13.160082026113404,0.2989711982935341,10.340644525569342,11.671318183748498,0.9063052264920537
2019-06-24,0.3093378794080166,13.823387364167074,0.25312692286312016,11.946991421548324,9.018368808920897,0.8448315417336847
2019-07-09,0.3037938895997872,13.954502938533853,0.37478815729836196,9.082238923208545,7.755339638452382,0.8223835109005765
2019-07-23,0.33216814533740835,13.106989234556147,0.5558685327116528,5.5770191745474715,10.68037093734788,0.8866517125245864
2019-08-06,0.36603227634428065,12.172261433775313,0.6378294934140246,4.190009442655918,18.828657579551127,0.9227357064302555
2019-08-20,0.4112512442272549,10.863243764981453,0.43772521535168285,6.869985130293966,22.35932228136431,0.9632392929530555
2019-09-04,0.4440263089096491,9.784240894779723,0.37933290419178917,8.124260807985905,30.16567685486715,0.9789443323596887
2019-09-18,0.42867563369711087,10.046162980366676,0.47319980893234914,6.87315097695212,26.85076896414606,0.9663539904832286
2019-10-02,0.4486426522719605,9.610244929691563,0.3215080658068844,10.242175395119729,30.664323381372643,0.9820285648495267
2019-10-16,0.4811427288105257,8.572832410538254,0.26926136415853796,11.825843610653374,41.01964704545256,0.990271816384917
2019-10-30,0.4331263944066724,9.787712996725737,0.3214460224049025,10.198269976618496,30.486744701733812,0.9622687441705359
2019-11-13,0.3474150008972718,12.258624461003343,0.3436551018852562,9.714476669060819,19.097626475418327,0.8694257301319572
2019-11-27,0.29083637485804736,14.698160018418054,0.3815312400328255,8.863583586285293,9.382734702133572,0.7579693440509494
2019-12-12,0.3095682665692052,13.918311930572392,0.2945493950770821,11.073705980861558,13.615907497781189,0.8716636122066372
2019-12-27,0.27004856523262816,16.17954017765944,0.33539708352158193,9.680343296616797,7.17003038616011,0.800197787512036
2020-01-13,0.2454081749367726,17.23334336680406,0.34338989776178663,9.496483261881028,5.309190117307511,0.7911443260015443
2020-01-28,0.2749611197026472,16.04473526604614,0.5681259125430039,5.329232080791986,6.440336281557081,0.8005724054522376
2020-02-11,0.3011938656832111,15.010056348768439,0.8232756778532081,2.336081893983735,8.646168104909645,0.8678425265822141
2020-02-26,0.4043817566064725,11.289399962902776,0.784269217182494,2.635047363553668,23.54765528717225,0.962696993271558
2020-03-11,0.7016404356302924,4.195091836169786,0.7590021423129257,2.9012477673852084,78.32390867467572,1.0
2020-03-25,0.7399138533330678,3.3902860093213474,0.6661266295924587,3.8654218013493504,64.15468262592805,1.0
2020-04-08,0.7469365576473264,3.393772023014375,0.49297305872823133,5.821879941160372,63.69956533789593,1.0
2020-04-23,0.7336029428590367,3.5733936348761506,0.5627806937522107,5.061797730211057,55.19557368427018,1.0
2020-05-07,0.7308342964177716,3.5845384445255903,0.5245147615324549,5.446027156852051,58.17523490652216,1.0
2020-05-21,0.7310645595268115,3.577983819587127,0.6021209980737731,4.41117871095671,58.05993969809488,1.0
2020-06-05,0.6946838487954459,4.027820933515508,0.7010464845034703,3.5068535374841043,57.43933652576833,1.0
2020-06-19,0.6198146058026578,5.1283507208643675,0.4924203246233758,6.317674298211041,54.84946269937331,0.9949399668911164
2020-07-06,0.5525438297760714,6.31023822073444,0.3088767599691908,10.177526902878734,41.4223332311164,0.9762178225151519
2020-07-20,0.5606391522897335,6.325112719731825,0.26767013359452757,11.308860354848209,29.75331401143734,0.9912372883482214
2020-08-03,0.5271252556471026,7.105646553614241,0.30329118694301455,10.049374480754983,28.892958369849687,0.99221289621174
2020-08-17,0.47709929773424525,8.199744088053727,0.4387984689253797,7.192822126115234,32.266557270929894,0.9850390196824242
2020-08-31,0.4891721988138824,8.17748557363928,0.4903476650848238,6.385894333150794,23.876737335140067,0.9957888147210415
2020-09-15,0.3749470482336059,11.507763098471885,0.4796731776764531,6.5920275915413065,15.13903234680722,0.9904497593666312
2020-09-29,0.33118581110232526,12.82685872666267,0.5336859956029768,5.997526026407048,10.569480038787326,0.9583704972414997
2020-10-13,0.3411373401854268,12.816013539683224,0.4480353535168055,6.2864960882395495,8.969394667455013,0.9600155340191084
2020-10-27,0.395854245385237,11.304298709361953,0.4619104176315739,5.9510270928174736,12.05319410791282,0.9841315838065006
2020-11-10,0.4274509008719882,9.16328634802987,0.40215772952560536,7.748267092388843,26.548587175815477,0.9763909976384306
2020-11-24,0.43850686081198176,8.884654471532478,0.29285566703926275,10.417553941111017,28.19401241397118,0.9614005615474535
2020-12-09,0.4123852265060738,9.327610152376325,0.3223488674390604,9.302793261354099,24.644481484053937,0.9123240299898305
2020-12-23,0.3880308987005125,10.197380552135122,0.29929758753679764,10.012140590356118,22.591616522610444,0.8759446071228819
2021-01-08,0.3771983165512476,10.553066185392172,0.3246968438992058,9.759660180446083,22.355025315252444,0.8278065049672699
2021-01-25,0.34407810014457985,11.386335610782718,0.3276506802282227,9.524866934723399,17.54124593784682,0.7651560062892854
2021-02-08,0.30306545553771197,13.745787374155814,0.3496863621753508,8.63683662818473,8.70650587343397,0.8697662866329507
2021-02-23,0.25004560358022937,15.660664736600515,0.36574206317043556,8.311414025707396,5.997185668140779,0.7516802808366378
2021-03-09,0.28446566835403037,14.310217202692918,0.29470689202413025,9.875124873184303,7.573445754108151,0.8215793370751554
2021-03-23,0.28378378664127646,14.26204078795669,0.3104976804613317,9.79811051946371,7.753883088290379,0.800776610228822
2021-04-07,0.2791767530042694,14.386859340852466,0.27800192661197193,11.015881827536555,5.783195097141224,0.7826345922976738
2021-04-21,0.28803579059521295,13.811603788334585,0.3882840803265943,8.287252351036383,6.140070755785028,0.8512547296704628
2021-05-05,0.26405402749664647,14.702742172097043,0.3967718588308608,7.765592265125466,3.698960338103787,0.7084566213103914
2021-05-19,0.3185777970399908,12.715306267297157,0.34113831608782236,8.595434928971864,7.721909400855418,0.9225246930383713
2021-06-03,0.2647112190553854,14.449892882742107,0.39796333088071284,7.8080694070356875,4.052786237929907,0.6908740680475242
2021-06-17,0.283349804844936,13.752320046298692,0.46902239122436823,6.730667551388475,5.411840534816105,0.6579372907958523
2021-07-01,0.307163974997139,13.324036811930354,0.3844922888782814,7.998178222886896,7.247111294479041,0.8588597236579908
2021-07-16,0.3278285677920122,12.548846647417896,0.38549229776159455,7.9974380191832,8.714491917271761,0.8726894544464971
2021-07-30,0.3611289082235321,11.376419971430519,0.3688426223533926,7.798449178273104,15.328967925338569,0.8952288565633226
2021-08-13,0.3360913706401949,12.011471287374913,0.36875106233661786,7.881087676898604,18.46734300895928,0.8491960610752203
2021-08-27,0.3551944937644385,11.116045043822858,0.398801787272011,7.824966224884312,20.9218535972839,0.8522363584647622
2021-09-13,0.35434065508349194,11.280222017621494,0.4590635363960343,6.880238236958616,19.057695854690373,0.8767519154174452
2021-09-27,0.34885104524954935,11.290170246799722,0.34415917351707354,9.703439259767064,18.982261427614727,0.8412901157546524
2021-10-11,0.36997495909224576,10.99133163260842,0.2646703714079661,11.806655710911011,20.576751804759464,0.8770057509545501
2021-10-25,0.32935955816125656,12.682711470013276,0.25975153513302063,11.853528574136563,10.448919452329495,0.8841012017809239
2021-11-08,0.3011432898784139,13.985058868406831,0.426740106354879,7.533991176843987,8.116760514232832,0.8409419185351065
2021-11-22,0.27532648120346237,15.799263109079181,0.4610886336128752,6.42303957128965,5.464152807392097,0.8498201223374235
2021-12-07,0.33976190163340353,13.271205770239412,0.37134639241667833,7.752680455867664,12.556653572974975,0.9525934209146645
2021-12-21,0.3248412653354972,13.600051786883226,0.31089443256078836,9.709914645718873,9.268047169793409,0.8970190530417761
2022-01-05,0.3093792097031413,13.716762319182703,0.27347200002724087,11.189490368445494,9.359731605737856,0.8563893748057303
2022-01-20,0.3031221204740663,13.981431857347825,0.3216407593710186,9.671874908091263,7.71671759488227,0.8438011398894858
2022-02-03,0.29974288889827927,13.881366269084591,0.44402965354202784,6.745033327247884,8.194145136607611,0.8201377806409454
2022-02-17,0.31275710997398243,13.198505105589517,0.4468124561441142,6.714147852173961,7.951174573660445,0.8641950184060755
2022-03-04,0.3024234064890263,13.498582630451189,0.4477445277236656,6.791358137927055,6.427180103150487,0.8370716892386816
2022-03-18,0.3194172147218563,12.899679111104158,0.3180358335126562,9.587719023211411,7.585777097093136,0.842197724133489
2022-04-01,0.336288249019163,12.41152367444577,0.4339960387831405,7.828008881754969,9.140781588332821,0.8480788997756747
2022-04-18,0.33360729698946484,12.211913174549966,0.5661113020389941,5.355982891903864,9.015597478249918,0.8160372267122292
2022-05-02,0.3959859913598255,10.25701180066845,0.5337033550933415,5.398844056423479,15.752205727798296,0.9278109828686592
2022-05-16,0.42618414263759036,9.492563565794086,0.5743677018609123,5.096339869594139,21.485081456440337,0.9832246109512016
2022-05-31,0.4290489230942536,9.386185619504394,0.5344605976605789,5.458277050972321,31.33319614216475,0.9904109435797555
2022-06-14,0.4880933037340145,8.467375501422596,0.4484008836772128,6.680072855190355,28.479747209218996,0.9968292750208452
2022-06-29,0.4899490942074975,8.27886030991266,0.3479784079153665,8.745111085077813,30.877570131964536,0.9992763653744882
2022-07-14,0.5107888949068874,7.6624264312453025,0.3579735075661043,8.55638329707598,34.02844858950025,0.9993297064919796
2022-07-28,0.46712965498101877,8.382819503617133,0.510491016713331,5.756077973547491,31.26854597517778,0.9970584944805987
2022-08-11,0.4372878757927336,9.172046030454384,0.5860515760858819,4.775744487888447,28.67563553015379,0.9859785484728485
2022-08-25,0.4270004991772628,9.424190959156574,0.5948792286320572,4.785263721077361,33.40515198664795,0.9603499468061908
2022-09-09,0.41553323143544457,9.499282886564608,0.6723070156620227,4.032764124801326,30.496360275841926,0.9433696724839262
2022-09-23,0.4483363226775645,9.017158544781354,0.6550029679910917,4.326030629280394,36.92038449274742,0.9674154709605439
2022-10-07,0.529112345332094,7.290607178880861,0.48319354572028295,6.948802340331195,60.0245068001135,0.9788915362958639
2022-10-21,0.5718856893909459,6.650229011774038,0.4587982959017125,6.921557111512551,69.8210125926103,0.9914769939644046
2022-11-04,0.5847046818104167,6.56219479572439,0.5202253260585659,5.791390122257987,55.235897291003035,1.0
2022-11-18,0.568594401458648,6.799706646165973,0.5236729858017787,6.331199343792174,52.8262868817417,1.0
2022-12-05,0.5602230575356767,7.062096088052899,0.4786958301894209,6.830772977345757,47.88721974521705,1.0
2022-12-19,0.5393362951438659,7.648819179817153,0.4542358076716681,7.259216773244814,44.13131440254273,1.0
2023-01-04,0.47577209589951097,9.24124124511065,0.35467122133026,9.581976464382551,34.68152960714723,1.0
2023-01-19,0.4596377713852333,9.7162647400827,0.2924448447587945,11.021891594117593,26.514345476622726,0.9971879146103189
2023-02-02,0.4234515931086307,10.992094453432731,0.3482624131339209,9.688483566841878,17.51920854824077,0.9685481651867951
2023-02-16,0.39523965888038204,12.078148780304762,0.41779571743716565,7.459490345313546,11.206708690368881,0.9811801712719967
2023-03-03,0.36763141812414546,12.901540455699429,0.45507132373619863,6.847576154603617,9.847476489841881,0.9700418019309119
2023-03-17,0.3478482992797908,12.938742331883793,0.3341269769554794,9.527100178790592,7.203721031362566,0.9622238633877687
2023-03-31,0.36202618270842396,12.277509959870013,0.30465706964413525,10.691560897555965,9.334521430368577,0.9711653276370381
2023-04-17,0.3239990145273036,13.431773529692427,0.36762597676058445,9.276825578524258,6.600120324430693,0.9333482891365498
2023-05-01,0.33823529673212166,13.201952575126446,0.36156986832560833,8.514404894608832,8.580527663243227,0.9680429354457307
2023-05-15,0.34912932874122155,12.522761131092897,0.33092155498763365,8.767773261664626,10.435907498534638,0.9509696364221337
2023-05-30,0.3286520933398107,13.233811832245912,0.3391431443961033,8.800295970439715,10.345298009004203,0.9028265333733324
2023-06-13,0.3040016717444867,13.829734499189392,0.3362373247991038,9.400668995880404,8.775711778322236,0.8472187351830712
2023-06-28,0.2848464077859166,14.700850098250587,0.24603511806569675,12.052542583723813,7.146990267849104,0.7942251675703881
2023-07-13,0.30297384556308643,13.748979156447763,0.23813964060550663,12.377418862061809,10.782893075729161,0.8497832091677084
2023-07-27,0.2786910155947648,14.41392970074681,0.30637382473933594,10.651164551574865,7.506435312245949,0.7896979903406258
2023-08-10,0.25370423141815335,15.885497909948723,0.3200876258412143,10.227781404241323,4.330225248113079,0.7380285456545289
2023-08-24,0.2596575069130365,15.766686214362283,0.32163800434635226,10.183291193877844,5.048566317368947,0.8062450666176683
2023-09-08,0.24374966381579333,17.20088455315718,0.2793172714182287,11.148864394933172,2.9288909118228883,0.834291254068279
2023-09-22,0.24414207469871885,17.19365631727425,0.28396494112350085,11.039504009987487,2.3986086282920693,0.7670162607335577
2023-10-06,0.22800877288487076,18.013423732375355,0.31872311010059506,10.099539241161118,2.1259213602558513,0.7293447502263783
2023-10-20,0.24481204562902506,17.58725218982255,0.3103297067548036,9.939168216237558,3.3208724611010747,0.857155574089034
2023-11-03,0.26593244609323335,16.54393215663897,0.28324297844521273,10.507618951869862,3.987524472289474,0.8837850353554162
2023-11-17,0.2561736406675196,16.758800603980752,0.2808339136912761,10.60456452139108,3.7017968466534312,0.8411892829581513
2023-12-04,0.25708069949602935,16.62166854186507,0.30361309289667215,9.315081412599925,4.040072969125418,0.8157314850663308
2023-12-18,0.2392619725688815,17.018267281171575,0.3343474611033766,8.947175555908165,3.4634728778657933,0.7810671627398779
2024-01-03,0.24682347758677267,16.181104563298664,0.2528074820589059,11.756503544941868,3.9669044015829757,0.733402194655243
2024-01-18,0.2481382027078123,15.933229011290441,0.2628110735915411,11.66333625702232,4.278326271369723,0.7696677791500673
2024-02-01,0.21665622081093946,17.360650030667426,0.26200204988549564,11.845629760488235,2.3605757840235824,0.6704698595995261
2024-02-15,0.22016542558198698,17.649019234905513,0.2084170600790327,13.84273631492366,2.230754216874075,0.6938320936720332
2024-03-01,0.21137245785444733,18.279384455498136,0.25896742713752746,12.313853432155021,1.8827091319357565,0.6927836499585085
2024-03-15,0.20481714297795078,19.22583015928092,0.315041896238543,10.620573402605624,0.9716167404267197,0.6325609372751374
2024-04-01,0.2015356955383353,19.721912799771996,0.2680944794523639,11.911760433675248,1.0235731228187224,0.6636480375376961
2024-04-15,0.21164393677052076,19.570618504439356,0.2235861268375919,13.424458126901937,1.3992445147071197,0.7185122155271122
2024-04-29,0.2100428567850135,20.131567718028226,0.3033731188656443,11.005764704533842,1.5441812273057418,0.7508596068472774
2024-05-13,0.19134004233718727,21.109138754227846,0.27885375894318176,11.27300709344009,0.8963014329372115,0.7209056795787994
2024-05-28,0.20614021715929157,20.260178366619186,0.288838227595569,11.149727489362649,1.577902534582383,0.7901286936457553
2024-06-11,0.2261643878609449,19.13842940978934,0.24570066375339253,12.345143018287345,2.2983472574884627,0.7878300434026573
2024-06-26,0.21776186276292997,19.492904485857306,0.2421710294405902,12.016107008254135,1.6368823858680923,0.7493410995641921
2024-07-11,0.19164786939852285,20.243190312788872,0.3298997576862247,9.535304321222172,1.0006516900253124,0.6342560360048966
2024-07-25,0.20828943616247794,18.89216291167887,0.3921139490434482,7.740246617365345,1.2021555035598586,0.5128931095411458
2024-08-08,0.252324710689462,15.976923061325701,0.3755783423228441,8.497490218140824,3.3916440550713207,0.545753960473491
2024-08-22,0.2548733476172327,15.885379034074326,0.33081248241981676,9.436153043392961,4.035875696221043,0.5915172517303146
2024-09-06,0.2784310042934842,14.651864774875035,0.25585980270895387,11.719136570234282,5.253604893033405,0.6534542474857963
2024-09-20,0.27257629243257775,14.811477991467228,0.2892045096119326,10.765885317675135,5.367836482644289,0.6839981929635248
2024-10-04,0.27495715420142136,14.871679216152875,0.2543452368425303,12.023516370139653,5.160510896064734,0.7142075229217214
2024-10-18,0.28271742890127854,14.558195176695175,0.2744694963146649,10.900566874985905,6.894789813232654,0.7821391607121758
2024-11-01,0.2296544630530862,17.75523593237123,0.30038765150018304,10.146822215011577,2.226007802997026,0.6373492951807773
2024-11-15,0.2278272665519065,16.815992642144458,0.23454204324404243,12.650530909963265,3.320559157044174,0.6408826996180255
2024-12-02,0.2073944376253601,17.95857748751855,0.3477082210925434,9.007224794596638,1.7531756891005938,0.6110336935597324
2024-12-16,0.205595080851081,17.985198995165675,0.40469389832201086,7.771796436013602,2.462407279229238,0.6301453381642593
2024-12-31,0.23665143317291001,16.439747307242786,0.27044589310036227,11.092704739018036,4.170652467374014,0.6644618781772974
2025-01-16,0.23719784902131769,16.433274786127733,0.24520315036563226,12.201592902764874,4.733263218146144,0.6724278848107627
2025-01-31,0.2426292854412629,15.54936975349604,0.2760654272189946,10.86901377990127,3.96408934008013,0.5751961052216229
2025-02-14,0.22650154868089226,17.462293687540306,0.3416077979176779,8.69530143440213,1.8634224807974122,0.6342712398901287
2025-03-03,0.22415100999612728,16.99950380006215,0.36134508212025007,8.18246525053838,1.9518340427430887,0.5603459865662668
2025-03-17,0.2678772749654675,14.535148288507994,0.6215632625574251,3.6526033238148345,2.7873432124638464,0.6053460087135869
2025-03-31,0.2548232098531185,15.1211166124237,0.6252220784673113,3.694108749086909,2.894086776956305,0.4980920816194297
2025-04-14,0.45963936444339965,7.719666932657025,0.4032738247046376,7.463071832252707,38.317584873094916,0.9383398755656615
2025-04-29,0.4874239238948538,7.024253071335087,0.43239639501199845,6.7681160044113655,26.649472273889554,0.9797654420397425
2025-05-13,0.49051044031294705,6.695493869445126,0.35328326863118337,8.892292971042394,29.466527745237812,0.9557442767998046
2025-05-28,0.5139394569219495,6.213777555092056,0.2947024453374263,10.206196344150285,31.6589223556163,0.9745511422847428
2025-06-11,0.5274290014044114,5.886366614015054,0.3083120692690458,9.619423539422082,36.91405528225968,0.9664878757004534
2025-06-26,0.5277962158462096,6.0071325591865445,0.2430881989932172,12.22983727497822,34.513939732534574,0.9704810072296902
2025-07-11,0.3158667819003471,12.410955958454492,0.23444844999547895,12.79972823081324,8.117374544261516,0.8408587768531928
2025-07-25,0.2695649080197293,14.8612292430802,0.2927491350142933,10.347084927670016,6.040260517407285,0.6748445620126585
2025-08-08,0.23436848465150661,16.76123279498882,0.2770121923185391,10.892656657282586,2.874718756382237,0.7186030764996328
2025-08-22,0.20995848878108175,17.69966228107163,0.23574730415740422,12.573460432956141,1.795056913998139,0.5949264811964142
2025-09-08,0.21187006620490495,17.31839539062879,0.20623699985669566,13.801189483154161,1.9945111231328372,0.5941376396246426
2025-09-22,0.20055717323832806,18.653710405671216,0.27162903706630526,11.622864787819843,1.385125996183113,0.5077253737640919
2025-10-06,0.187300006709409,19.616872627367542,0.2627788062348128,12.054455482661366,1.0062313917307308,0.49691688760932856
2025-10-20,0.22292585979378662,17.889278767289415,0.22421843902322625,12.975881799841186,2.0368313727730984,0.617249771269679
2025-11-03,0.19979281284390196,19.149205319159094,0.2685918992149187,11.306176473607781,1.2258222197401971,0.5436214247162742
2025-11-17,0.18933875381191223,19.966744479403097,0.2634635019514758,11.888011807892003,0.8507092770312625,0.5538247501735462
2025-12-02,0.19147081779324543,19.770228294638954,0.26294673851618816,11.556456439612177,0.7238493799593118,0.5938207596636339
2025-12-16,0.19952694959616468,19.625174213508906,0.25655561321421,11.316469261211887,1.0902113449323683,0.6316980033080487
2025-12-31,0.21433543113830492,18.89862000932325,0.23373651168669524,12.733274182999672,1.521417069143311,0.589122655259137
2026-01-15,0.18816709824889769,20.01896011973315,0.24466446949823709,12.399492542150442,0.82621202735008,0.4626630445813366
2026-01-30,0.1934222394906934,20.12658052958109,0.27355001458793854,10.935110304240595,0.9323869302095699,0.5000228486701535
2026-02-13,0.2031845806344622,19.1867985301827,0.29966226549972275,10.167609455027046,1.301201209691864,0.48944739662245723
2026-03-02,0.2022561223581084,18.92944444941831,0.3580262123535161,8.848363486768127,1.4237241027354486,0.48400082545174694
2026-03-16,0.20415926049126576,18.452184284072484,0.3861807428442262,8.262176825944517,1.5921109838375929,0.48024630425070375
2026-03-30,0.2122286332097913,17.88759359716189,0.3253486687095684,9.616159617916695,1.9105561573869803,0.45176472414118496
2026-04-14,0.24385793597260916,16.12334668312847,0.2521024461094601,12.352318110661324,2.913532783954581,0.5362994367080647
2026-04-28,0.257411027596384,15.2028873123921,0.25124090765918305,12.072722628992528,3.377143124877038,0.4310896306324545
2026-05-12,0.2537360211848537,15.647100028387326,0.26656512850677444,10.847985076336645,3.3671759736182985,0.5468703131148284
2026-05-27,0.25208249814644573,16.33796123580297,0.2593628186996932,10.779229278973846,3.385754704195522,0.719817991330721
2026-06-10,0.23648193782318988,16.56538958897244,0.278204898559271,10.618047308339719,2.066175412022753,0.5878104930842477
