empresa,presentado,a_fecha,musd,modo,fichero,contexto
AMZN,2021-02-03,2020-12-31,28869.0,"tabla, total de 7 columnas",AMZN_2021-02-03_amzn-20201231.htm,"Ended December 31, 2021 2022 2023 2024 2025 Thereafter Total Long-term debt principal and interest $ 2,187 $ 2,622 $ 3,219 $ 4,272 $ 3,058 $ 35,680 $ 51,038 Operating lease liabilities 5,600 5,184 4,743 4,356 3,951 22,330 46,164 Finance lease liabilities, including interest 10,778 7,246 3,456 1,389 "
AMZN,2021-04-30,2021-03-31,38407.0,"tabla, total de 7 columnas",AMZN_2021-04-30_amzn-20210331.htm," Ended December 31, 2021 2022 2023 2024 2025 Thereafter Total Long-term debt principal and interest $ 1,876 $ 2,606 $ 3,331 $ 4,272 $ 3,058 $ 35,680 $ 50,823 Operating lease liabilities 4,284 5,507 5,043 4,620 4,202 23,106 46,762 Finance lease liabilities, including interest 7,520 7,700 3,952 1,555 "
AMZN,2021-07-30,2021-06-30,39732.0,"tabla, total de 7 columnas",AMZN_2021-07-30_amzn-20210630.htm,"ed December 31, 2021 2022 2023 2024 2025 Thereafter Total Long-term debt principal and interest $ 1,772 $ 2,997 $ 4,725 $ 7,120 $ 3,401 $ 56,613 $ 76,628 Operating lease liabilities 3,130 6,132 5,709 5,209 4,752 26,770 51,702 Finance lease liabilities, including interest 4,802 8,124 4,362 1,787 1,11"
AMZN,2021-10-29,2021-09-30,31755.0,"tabla, total de 7 columnas",AMZN_2021-10-29_amzn-20210930.htm,"ded December 31, 2021 2022 2023 2024 2025 Thereafter Total Long-term debt principal and interest $ 1,418 $ 2,872 $ 4,636 $ 7,014 $ 3,400 $ 56,612 $ 75,952 Operating lease liabilities 1,761 7,026 6,608 6,074 5,576 34,546 61,591 Finance lease liabilities, including interest 2,087 8,331 4,620 2,105 1,2"
AMZN,2022-02-04,2021-12-31,31155.0,"tabla, total de 7 columnas",AMZN_2022-02-04_amzn-20211231.htm,"ed December 31, 2022 2023 2024 2025 2026 Thereafter Total Long-term debt principal and interest $ 2,841 $ 4,852 $ 7,014 $ 3,400 $ 3,829 $ 52,784 $ 74,720 Operating lease liabilities 7,838 7,178 6,649 6,128 5,574 32,902 66,269 Finance lease liabilities, including interest 8,278 4,772 2,278 1,355 1,22"
AMZN,2022-04-29,2022-03-31,33770.0,"tabla, total de 7 columnas",AMZN_2022-04-29_amzn-20220331.htm,"ed December 31, 2022 2023 2024 2025 2026 Thereafter Total Long-term debt principal and interest $ 2,572 $ 4,862 $ 7,017 $ 3,400 $ 3,829 $ 52,784 $ 74,464 Operating lease liabilities 5,883 7,429 6,890 6,364 5,798 33,780 66,144 Finance lease liabilities, including interest 5,459 4,748 2,266 1,357 1,22"
AMZN,2022-07-29,2022-06-30,31823.0,"tabla, total de 7 columnas",AMZN_2022-07-29_amzn-20220630.htm,"ed December 31, 2022 2023 2024 2025 2026 Thereafter Total Long-term debt principal and interest $ 2,303 $ 5,536 $ 8,940 $ 5,280 $ 4,187 $ 67,529 $ 93,775 Operating lease liabilities 3,966 7,856 7,360 6,796 6,226 37,137 69,341 Finance lease liabilities, including interest 3,184 4,630 2,226 1,337 1,20"
AMZN,2022-10-28,2022-09-30,27709.0,"tabla, total de 7 columnas",AMZN_2022-10-28_amzn-20220930.htm,"ed December 31, 2022 2023 2024 2025 2026 Thereafter Total Long-term debt principal and interest $ 1,886 $ 4,789 $ 8,993 $ 5,995 $ 4,563 $ 67,529 $ 93,755 Operating lease liabilities 2,664 8,380 7,918 7,327 6,747 42,459 75,495 Finance lease liabilities, including interest 1,616 4,523 2,137 1,345 1,18"
AMZN,2023-02-03,2022-12-31,27029.0,"tabla, total de 7 columnas",AMZN_2023-02-03_amzn-20221231.htm,"December 31, 2023 2024 2025 2026 2027 Thereafter Total Long-term debt principal and interest $ 5,165 $ 10,618 $ 7,146 $ 5,253 $ 10,399 $ 63,815 $ 102,396 Operating lease liabilities 9,574 8,658 8,024 7,393 6,675 40,949 81,273 Finance lease liabilities, including interest 4,575 2,248 1,422 1,279 1,08"
AMZN,2023-04-28,2023-03-31,26369.0,"tabla, total de 7 columnas",AMZN_2023-04-28_amzn-20230331.htm,"December 31, 2023 2024 2025 2026 2027 Thereafter Total Long-term debt principal and interest $ 3,882 $ 10,615 $ 7,203 $ 5,123 $ 10,399 $ 63,814 $ 101,036 Operating lease liabilities 7,604 9,207 8,560 7,878 7,148 44,071 84,468 Finance lease liabilities, including interest 3,073 2,230 1,425 1,284 1,10"
AMZN,2023-08-04,2023-06-30,23989.0,"tabla, total de 7 columnas",AMZN_2023-08-04_amzn-20230630.htm," December 31, 2023 2024 2025 2026 2027 Thereafter Total Long-term debt principal and interest $ 1,082 $ 10,626 $ 7,293 $ 5,034 $ 10,399 $ 63,814 $ 98,248 Operating lease liabilities 5,624 9,649 9,024 8,334 7,602 47,520 87,753 Finance lease liabilities, including interest 1,917 2,245 1,433 1,269 1,07"
AMZN,2023-10-27,2023-09-30,25910.0,"tabla, total de 7 columnas",AMZN_2023-10-27_amzn-20230930.htm,"nded December 31, 2023 2024 2025 2026 2027 Thereafter Total Long-term debt principal and interest $ 810 $ 10,637 $ 7,326 $ 5,015 $ 10,399 $ 63,814 $ 98,001 Operating lease liabilities 3,245 9,977 9,390 8,678 7,879 49,645 88,814 Finance lease liabilities, including interest 871 2,178 1,428 1,349 1,08"
AMZN,2024-02-02,2023-12-31,38181.0,"tabla, total de 7 columnas",AMZN_2024-02-02_amzn-20231231.htm,"December 31, 2024 2025 2026 2027 2028 Thereafter Total Long-term debt principal and interest $ 10,616 $ 7,175 $ 4,858 $ 10,404 $ 3,643 $ 60,176 $ 96,872 Operating lease liabilities 11,229 9,922 9,156 8,321 7,546 44,603 90,777 Finance lease liabilities, including interest 2,292 1,471 1,369 1,123 1,02"
AMZN,2024-05-01,2024-03-31,36822.0,"tabla, total de 7 columnas",AMZN_2024-05-01_amzn-20240331.htm,"December 31, 2024 2025 2026 2027 2028 Thereafter Total Long-term debt principal and interest $ 10,335 $ 7,011 $ 4,679 $ 10,403 $ 3,644 $ 60,176 $ 96,248 Operating lease liabilities 8,202 10,276 9,531 8,708 7,908 46,794 91,419 Finance lease liabilities, including interest 1,478 1,460 1,376 1,156 1,02"
AMZN,2024-08-02,2024-06-30,39847.0,"tabla, total de 7 columnas",AMZN_2024-08-02_amzn-20240630.htm,"d December 31, 2024 2025 2026 2027 2028 Thereafter Total Long-term debt principal and interest $ 5,530 $ 6,929 $ 4,582 $ 10,403 $ 3,644 $ 60,176 $ 91,264 Operating lease liabilities 6,247 10,766 10,021 9,160 8,353 48,719 93,266 Finance lease liabilities, including interest 913 1,463 1,378 1,176 1,04"
AMZN,2024-11-01,2024-09-30,50335.0,"tabla, total de 7 columnas",AMZN_2024-11-01_amzn-20240930.htm,"ed December 31, 2024 2025 2026 2027 2028 Thereafter Total Long-term debt principal and interest $ 3,268 $ 6,858 $ 4,458 $ 10,403 $ 3,644 $ 60,176 $ 88,807 Operating lease liabilities 3,758 11,434 10,686 9,755 8,874 51,102 95,609 Finance lease liabilities, including interest 456 1,545 1,428 1,247 1,0"
AMZN,2025-02-07,2024-12-31,61627.0,"tabla, total de 7 columnas",AMZN_2025-02-07_amzn-20241231.htm,"ecember 31, 2025 2026 2027 2028 2029 Thereafter Total Long-term debt principal and interest $ 6,858 $ 4,458 $ 10,404 $ 3,644 $ 4,344 $ 55,831 $ 85,539 Operating lease liabilities 12,002 11,023 10,087 9,205 8,534 44,443 95,294 Finance lease liabilities, including interest 1,491 1,495 1,317 1,114 1,02"
AMZN,2025-05-02,2025-03-31,67201.0,"tabla, total de 7 columnas",AMZN_2025-05-02_amzn-20250331.htm,"ecember 31, 2025 2026 2027 2028 2029 Thereafter Total Long-term debt principal and interest $ 6,630 $ 4,501 $ 10,446 $ 3,686 $ 4,387 $ 57,817 $ 87,467 Operating lease liabilities 10,058 11,817 10,808 9,815 9,070 46,025 97,593 Finance lease liabilities, including interest 1,183 1,468 1,301 1,137 1,02"
AMZN,2025-08-01,2025-06-30,68884.0,"tabla, total de 7 columnas",AMZN_2025-08-01_amzn-20250630.htm,"December 31, 2025 2026 2027 2028 2029 Thereafter Total Long-term debt principal and interest $ 3,166 $ 4,506 $ 10,546 $ 3,686 $ 4,387 $ 57,812 $ 84,103 Operating lease liabilities 7,529 12,741 11,683 10,563 9,735 49,255 101,506 Finance lease liabilities, including interest 838 1,569 1,410 1,267 1,12"
AMZN,2025-10-31,2025-09-30,75021.0,"tabla, total de 7 columnas",AMZN_2025-10-31_amzn-20250930.htm,"December 31, 2025 2026 2027 2028 2029 Thereafter Total Long-term debt principal and interest $ 1,914 $ 4,518 $ 10,548 $ 3,688 $ 4,388 $ 57,813 $ 82,869 Operating lease liabilities 4,347 13,414 12,434 11,312 10,207 51,311 103,025 Finance lease liabilities, including interest 458 1,665 1,524 1,521 1,1"
AMZN,2026-02-06,2025-12-31,96373.0,"tabla, total de 7 columnas",AMZN_2026-02-06_amzn-20251231.htm,"mber 31, 2026 2027 2028 2029 2030 Thereafter Total Long-term debt principal and interest $ 5,201 $ 11,250 $ 6,891 $ 4,993 $ 6,381 $ 73,486 $ 108,202 Operating lease liabilities 15,380 13,186 12,140 10,911 9,710 45,587 106,914 Finance lease liabilities, including interest 1,838 1,626 1,726 1,285 1,12"
AMZN,2026-04-30,2026-03-31,106347.0,"tabla, total de 7 columnas",AMZN_2026-04-30_amzn-20260331.htm,"1, 2026 2027 2028 2029 2030 Thereafter Total Long-term debt principal and interest $ 5,937 $ 13,583 $ 16,657 $ 11,076 $ 10,710 $ 145,575 $ 203,538 Operating lease liabilities 11,746 13,867 12,934 11,597 10,369 49,622 110,135 Finance lease liabilities, including interest 1,488 1,742 1,848 1,413 1,238"
AMZN,2026-07-31,2026-06-30,137214.0,"tabla, total de 7 columnas",AMZN_2026-07-31_amzn-20260630.htm,"31, 2026 2027 2028 2029 2030 Thereafter Total Long-term debt principal and interest $ 2,361 $ 14,060 $ 17,087 $ 13,528 $ 11,112 $ 162,161 $ 220,309 Operating lease liabilities 9,336 14,765 13,924 12,599 11,269 54,457 116,350 Finance lease liabilities, including interest 1,088 1,775 1,885 1,482 1,269"
CRWV,2025-05-15,2025-03-31,19900.0,un importe,CRWV_2025-05-15_crwv-20250331.htm,"ng December 31, Operating Leases Remaining portion of 2025 $ 448,861 2026 617,026 2027 633,249 2028 641,528 2029 576,211 Thereafter 2,274,731 Total undiscounted lease payments 5,191,606 Less: imputed interest ( 2,084,219 ) Present value of lease liabilities $ 3,107,387 As of March 31, 2025, the Comp"
CRWV,2025-08-13,2025-06-30,34000.0,un importe,CRWV_2025-08-13_crwv-20250630.htm,"ing December 31, Operating Leases Remaining portion of 2025 $ 336,597 2026 683,723 2027 700,911 2028 710,950 2029 647,554 Thereafter 2,620,187 Total undiscounted lease payments 5,699,922 Less: imputed interest ( 2,252,450 ) Present value of lease liabilities $ 3,447,472 As of June 30, 2025, the Comp"
CRWV,2025-11-13,2025-09-30,39100.0,un importe,CRWV_2025-11-13_crwv-20250930.htm,"31, Operating Leases Remaining portion of 2025 $ 208,724 2026 845,764 2027 871,784 2028 894,792 2029 835,114 Thereafter 4,027,407 Total undiscounted lease payments 7,683,585 Less: imputed interest ( 2,959,244 ) Present value of operating lease liabilities $ 4,724,341 As of September 30, 2025, the Co"
CRWV,2026-03-02,2025-12-31,38500.0,un importe,CRWV_2026-03-02_crwv-20251231.htm,"rmination of the related escrow agreements. Additionally, in April 2025, the Company entered into a finance lease for data center infrastructure assets with DCSP (as defined in Note 10—Debt). Refer to Note 10—Debt for additional information. Leases Not Yet Commenced As of December 31, 2025, the Comp"
CRWV,2026-05-08,2026-03-31,40700.0,un importe,CRWV_2026-05-08_crwv-20260331.htm,"aterial for the three months ended March 31, 2026 and 2025. In April 2025, the Company entered into a finance lease for data center infrastructure assets with DCSP (as defined in Note 10—Debt ). Refer to Note 10—Debt for additional information. Leases Not Yet Commenced As of March 31, 2026, the Comp"
CRWV,2026-08-12,2026-06-30,35500.0,un importe,CRWV_2026-08-12_crwv-20260630.htm,"e for data center infrastructure assets with DCSP (as defined in Note 10—Debt ). Refer to Note 10—Debt for additional information on this financing arrangement, including the right of setoff in accordance with ASC 210, Balance Sheet. Leases Not Yet Commenced As of June 30, 2026, the Company executed"
EQIX,2019-05-03,2019-03-31,273.7,un importe,EQIX_2019-05-03_eqix-33119x10q.htm,"27,472 ) (1,329,498 ) — Present value of net minimum lease payments 763,745 755,176 1,518,921 1,969,240 Less current portion (43,498 ) (34,346 ) (77,844 ) — Total $ 720,247 $ 720,830 $ 1,441,077 $ 1,969,240 (1) Other financing obligations are primarily related to build-to-suit arrangements. The Comp"
EQIX,2019-08-02,2019-06-30,260.3,un importe,EQIX_2019-08-02_eqix-63019x10q.htm,"72 ) ( 1,329,498 ) — Present value of net minimum lease payments 763,745 755,176 1,518,921 1,969,240 Less current portion ( 43,498 ) ( 34,346 ) ( 77,844 ) — Total $ 720,247 $ 720,830 $ 1,441,077 $ 1,969,240 (1) Other financing obligations are primarily related to build-to-suit arrangements. The Comp"
EQIX,2019-11-01,2019-09-30,41.8,un importe,EQIX_2019-11-01_eqix-93019x10q.htm,"72 ) ( 1,329,498 ) — Present value of net minimum lease payments 763,745 755,176 1,518,921 1,969,240 Less current portion ( 43,498 ) ( 34,346 ) ( 77,844 ) — Total $ 720,247 $ 720,830 $ 1,441,077 $ 1,969,240 (1) Other financing obligations are primarily related to build-to-suit arrangements. The Comp"
EQIX,2020-02-21,2019-12-31,608.1,un importe,EQIX_2020-02-21_eqix2019123110k.htm,"y contributions to the Joint Venture of €17.6 million and £15.7 million , or $40.6 million in total at the exchange rate in effect on December 31, 2019 , to fund the Joint Venture’s future development over the next 3 years, which are not reflected in the table above. Additionally, we entered into le"
EQIX,2020-05-07,2020-03-31,680.8,un importe,EQIX_2020-05-07_eqix-33120x10q.htm,",116 336,508 Thereafter 1,080,313 1,796,773 2,877,086 Total lease payments 1,913,316 2,682,269 4,595,585 Plus amount representing residual property value — 17,639 17,639 Less imputed interest ( 510,756 ) ( 1,120,701 ) ( 1,631,457 ) Total $ 1,402,560 $ 1,579,207 $ 2,981,767 The Company entered into a"
EQIX,2020-07-31,2020-06-30,705.6,un importe,EQIX_2020-07-31_eqix-63020x10q.htm,",842 351,469 Thereafter 1,094,015 1,975,440 3,069,455 Total lease payments 1,883,147 2,870,703 4,753,850 Plus amount representing residual property value — 17,626 17,626 Less imputed interest ( 499,952 ) ( 1,127,481 ) ( 1,627,433 ) Total $ 1,383,195 $ 1,760,848 $ 3,144,043 The Company entered into a"
EQIX,2020-10-30,2020-09-30,682.0,un importe,EQIX_2020-10-30_eqix-20200930.htm,",213 367,991 Thereafter 1,143,207 2,021,849 3,165,056 Total lease payments 1,924,156 2,891,465 4,815,621 Plus amount representing residual property value — 17,335 17,335 Less imputed interest ( 500,797 ) ( 1,114,919 ) ( 1,615,716 ) Total $ 1,423,359 $ 1,793,881 $ 3,217,240 The Company entered into a"
EQIX,2021-02-19,2020-12-31,684.1,un importe,EQIX_2021-02-19_eqix-20201231.htm,"fic Joint Venture, which was closed on December 17, 2020. As of December 31, 2020, we had future equity contribution commitments of ¥6.3 billion, or $60.7 million in total at the exchange rate in effect on December 31, 2020, which is not reflected in the table above. Additionally, we entered into le"
EQIX,2021-04-30,2021-03-31,566.6,un importe,EQIX_2021-04-30_eqix-20210331.htm,"0,384 221,551 381,935 Thereafter 1,037,936 2,084,622 3,122,558 Total lease payments 1,885,414 3,173,495 5,058,909 Plus amount representing residual property value — 16,363 16,363 Less imputed interest ( 485,684 ) ( 1,127,963 ) ( 1,613,647 ) Total $ 1,399,730 $ 2,061,895 $ 3,461,625 We entered into a"
EQIX,2021-07-30,2021-06-30,360.5,un importe,EQIX_2021-07-30_eqix-20210630.htm,"7,801 228,757 386,558 Thereafter 1,012,325 2,153,595 3,165,920 Total lease payments 1,801,266 3,212,613 5,013,879 Plus amount representing residual property value — 16,268 16,268 Less imputed interest ( 460,487 ) ( 1,080,555 ) ( 1,541,042 ) Total $ 1,340,779 $ 2,148,326 $ 3,489,105 We entered into a"
EQIX,2021-11-04,2021-09-30,387.1,un importe,EQIX_2021-11-04_eqix-20210930.htm,"156,285 230,231 386,516 Thereafter 995,474 2,177,517 3,172,991 Total lease payments 1,738,185 3,180,121 4,918,306 Plus amount representing residual property value — 16,037 16,037 Less imputed interest ( 440,205 ) ( 1,061,370 ) ( 1,501,575 ) Total $ 1,297,980 $ 2,134,788 $ 3,432,768 We entered into a"
EQIX,2022-02-18,2021-12-31,915.6,un importe,EQIX_2022-02-18_eqix-20211231.htm,"8 2024 165,689 240,696 406,385 2025 155,642 237,107 392,749 2026 145,578 227,262 372,840 Thereafter 847,168 1,979,654 2,826,822 Total lease payments 1,677,367 3,176,657 4,854,024 Less imputed interest ( 426,158 ) ( 1,039,148 ) ( 1,465,306 ) Total $ 1,251,209 $ 2,137,509 $ 3,388,718 We entered into a"
EQIX,2022-04-29,2022-03-31,888.0,un importe,EQIX_2022-04-29_eqix-20220331.htm,",547 2026 144,660 228,629 373,289 Thereafter 826,122 2,079,500 2,905,622 Total lease payments 1,606,761 3,216,313 4,823,074 Plus amount representing residual property value — — — Less imputed interest ( 400,444 ) ( 1,040,674 ) ( 1,441,118 ) Total $ 1,206,317 $ 2,175,639 $ 3,381,956 We entered into a"
EQIX,2022-07-29,2022-06-30,557.9,un importe,EQIX_2022-07-29_eqix-20220630.htm,"05 2026 174,781 224,329 399,110 Thereafter 1,128,704 2,099,061 3,227,765 Total lease payments 1,934,833 3,159,256 5,094,089 Plus amount representing residual property value — — — Less imputed interest ( 502,719 ) ( 1,029,658 ) ( 1,532,377 ) Total $ 1,432,114 $ 2,129,598 $ 3,561,712 We entered into a"
EQIX,2022-11-04,2022-09-30,551.5,un importe,EQIX_2022-11-04_eqix-20220930.htm,",889 2026 171,270 218,926 390,196 Thereafter 1,090,190 2,046,538 3,136,728 Total lease payments 1,833,199 3,021,216 4,854,415 Plus amount representing residual property value — — — Less imputed interest ( 468,808 ) ( 979,144 ) ( 1,447,952 ) Total $ 1,364,391 $ 2,042,072 $ 3,406,463 We entered into a"
EQIX,2023-02-17,2022-12-31,424.7,un importe,EQIX_2023-02-17_eqix-20221231.htm,"2025 185,430 276,825 462,255 2026 182,117 245,798 427,915 2027 158,465 248,767 407,232 Thereafter 1,010,606 2,191,044 3,201,650 Total lease payments 1,909,018 3,482,943 5,391,961 Less imputed interest ( 496,668 ) ( 1,187,833 ) ( 1,684,501 ) Total $ 1,412,350 $ 2,295,110 $ 3,707,460 We entered into a"
EQIX,2023-05-05,2023-03-31,468.1,un importe,EQIX_2023-05-05_eqix-20230331.htm,"2025 186,010 277,003 463,013 2026 181,221 245,510 426,731 2027 158,467 248,524 406,991 Thereafter 1,020,904 2,193,035 3,213,939 Total lease payments 1,871,234 3,419,226 5,290,460 Less imputed interest ( 489,605 ) ( 1,158,649 ) ( 1,648,254 ) Total $ 1,381,629 $ 2,260,577 $ 3,642,206 We entered into a"
EQIX,2023-08-04,2023-06-30,567.4,un importe,EQIX_2023-08-04_eqix-20230630.htm,"2025 195,824 273,029 468,853 2026 191,409 242,209 433,618 2027 174,489 246,754 421,243 Thereafter 1,300,689 2,314,142 3,614,831 Total lease payments 2,152,653 3,461,376 5,614,029 Less imputed interest ( 609,723 ) ( 1,173,663 ) ( 1,783,386 ) Total $ 1,542,930 $ 2,287,713 $ 3,830,643 We entered into a"
EQIX,2023-10-27,2023-09-30,509.4,un importe,EQIX_2023-10-27_eqix-20230930.htm,"2025 202,434 273,817 476,251 2026 195,717 242,464 438,181 2027 179,302 247,062 426,364 Thereafter 1,300,666 2,327,007 3,627,673 Total lease payments 2,130,711 3,399,692 5,530,403 Less imputed interest ( 595,223 ) ( 1,144,950 ) ( 1,740,173 ) Total $ 1,535,488 $ 2,254,742 $ 3,790,230 We entered into a"
EQIX,2024-02-16,2023-12-31,524.6,un importe,EQIX_2024-02-16_eqix-20231231.htm,"2026 197,209 245,691 442,900 2027 177,937 250,254 428,191 2028 150,966 237,865 388,831 Thereafter 1,085,803 2,092,877 3,178,680 Total lease payments 2,010,332 3,357,227 5,367,559 Less imputed interest ( 548,254 ) ( 1,096,086 ) ( 1,644,340 ) Total $ 1,462,078 $ 2,261,141 $ 3,723,219 We entered into a"
EQIX,2024-05-08,2024-03-31,533.0,un importe,EQIX_2024-05-08_eqix-20240331.htm,"s Finance Leases Total 2024 (9 months remaining) $ 143 $ 188 $ 331 2025 203 281 484 2026 195 245 440 2027 176 250 426 2028 150 238 388 Thereafter 1,075 2,077 3,152 Total lease payments 1,942 3,279 5,221 Less imputed interest ( 526 ) ( 1,056 ) ( 1,582 ) Total $ 1,416 $ 2,223 $ 3,639 We entered into a"
EQIX,2024-08-07,2024-06-30,509.0,un importe,EQIX_2024-08-07_eqix-20240630.htm,"es Finance Leases Total 2024 (6 months remaining) $ 95 $ 120 $ 215 2025 208 307 515 2026 201 243 444 2027 181 248 429 2028 154 237 391 Thereafter 1,081 2,131 3,212 Total lease payments 1,920 3,286 5,206 Less imputed interest ( 514 ) ( 1,058 ) ( 1,572 ) Total $ 1,406 $ 2,228 $ 3,634 We entered into a"
EQIX,2024-10-30,2024-09-30,246.0,un importe,EQIX_2024-10-30_eqix-20240930.htm,"ses Finance Leases Total 2024 (3 months remaining) $ 50 $ 61 $ 111 2025 223 327 550 2026 217 260 477 2027 196 264 460 2028 168 253 421 Thereafter 1,242 2,319 3,561 Total lease payments 2,096 3,484 5,580 Less imputed interest ( 581 ) ( 1,089 ) ( 1,670 ) Total $ 1,515 $ 2,395 $ 3,910 We entered into a"
EQIX,2025-02-12,2024-12-31,210.0,un importe,EQIX_2025-02-12_eqix-20241231.htm,"ecember 31, Operating Leases Finance Leases Total 2025 210 301 511 2026 217 256 473 2027 197 260 457 2028 169 249 418 2029 139 240 379 Thereafter 1,097 2,004 3,101 Total lease payments 2,029 3,310 5,339 Less imputed interest ( 554 ) ( 1,035 ) ( 1,589 ) Total $ 1,475 $ 2,275 $ 3,750 We entered into a"
EQIX,2025-04-30,2025-03-31,90.0,un importe,EQIX_2025-04-30_eqix-20250331.htm,"s Finance Leases Total 2025 (9 months remaining) $ 160 $ 246 $ 406 2026 225 266 491 2027 206 271 477 2028 177 259 436 2029 148 250 398 Thereafter 1,186 2,113 3,299 Total lease payments 2,102 3,405 5,507 Less imputed interest ( 572 ) ( 1,049 ) ( 1,621 ) Total $ 1,530 $ 2,356 $ 3,886 We entered into a"
EQIX,2025-07-30,2025-06-30,103.0,un importe,EQIX_2025-07-30_eqix-20250630.htm," Operating Leases Finance Leases Total 2025 (6 months remaining) $ 109 $ 189 $ 298 2026 231 272 503 2027 212 277 489 2028 181 265 446 2029 152 256 408 Thereafter 1,223 2,159 3,382 Total lease payments 2,108 3,418 5,526 Less imputed interest ( 572 ) ( 1,038 ) ( 1,610 ) Total $ 1,536 $ 2,380 $ 3,916 W"
EQIX,2025-10-29,2025-09-30,94.0,un importe,EQIX_2025-10-29_eqix-20250930.htm,"s Finance Leases Total 2025 (3 months remaining) $ 49 $ 62 $ 111 2026 232 274 506 2027 214 278 492 2028 182 266 448 2029 152 257 409 Thereafter 1,216 2,173 3,389 Total lease payments 2,045 3,310 5,355 Less imputed interest ( 552 ) ( 1,013 ) ( 1,565 ) Total $ 1,493 $ 2,297 $ 3,790 We entered into agr"
EQIX,2026-02-11,2025-12-31,600.0,un importe,EQIX_2026-02-11_eqix-20251231.htm," December 31, Operating Leases Finance Leases Total 2026 220 280 500 2027 217 292 509 2028 184 281 465 2029 154 273 427 2030 144 258 402 Thereafter 1,077 1,962 3,039 Total lease payments 1,996 3,346 5,342 Less imputed interest ( 537 ) ( 991 ) ( 1,528 ) Total $ 1,459 $ 2,355 $ 3,814 We entered into a"
EQIX,2026-04-29,2026-03-31,716.0,un importe,EQIX_2026-04-29_eqix-20260331.htm,"s Finance Leases Total 2026 (9 months remaining) $ 167 $ 208 $ 375 2027 216 290 506 2028 183 279 462 2029 154 271 425 2030 143 256 399 Thereafter 1,070 1,952 3,022 Total lease payments 1,933 3,256 5,189 Less imputed interest ( 516 ) ( 957 ) ( 1,473 ) Total $ 1,417 $ 2,299 $ 3,716 We entered into agr"
EQIX,2026-07-29,2026-06-30,708.0,un importe,EQIX_2026-07-29_eqix-20260630.htm,"$ 139 $ 244 2027 215 290 505 2028 187 310 497 2029 157 269 426 2030 147 254 401 Thereafter 1,017 1,948 2,965 Total lease payments 1,828 3,210 5,038 Plus amount representing residual property value — — — Less imputed interest ( 461 ) ( 930 ) ( 1,391 ) Total $ 1,367 $ 2,280 $ 3,647 We entered into agr"
GOOGL,2019-04-30,2019-03-31,4400.0,un importe,GOOGL_2019-04-30_goog10-qq12019.htm,"er operating leases as of March 31, 2019 were as follows (in millions, unaudited): Operating Leases Remainder of 2019 $ 1,071 2020 1,535 2021 1,437 2022 1,228 2023 1,070 Thereafter 4,990 Total future lease payments 11,331 Less imputed interest ( 1,983 ) Total lease liability balance $ 9,348 As of Ma"
GOOGL,2019-07-26,2019-06-30,5700.0,un importe,GOOGL_2019-07-26_goog10-qq22019.htm,"discount rate of 2.9 % . Future lease payments under operating leases as of June 30, 2019 were as follows (in millions, unaudited): Operating Leases Remainder of 2019 $ 717 2020 1,635 2021 1,561 2022 1,387 2023 1,221 Thereafter 5,898 Total future lease payments 12,419 Less imputed interest ( 2,267 )"
GOOGL,2019-10-29,2019-09-30,7700.0,un importe,GOOGL_2019-10-29_goog10-qq32019.htm,"ate of 2.8 % . Future lease payments under operating leases as of September 30, 2019 were as follows (in millions, unaudited): Operating Leases Remainder of 2019 $ 323 2020 1,751 2021 1,701 2022 1,544 2023 1,387 Thereafter 6,557 Total future lease payments 13,263 Less imputed interest ( 2,472 ) Tota"
GOOGL,2020-02-04,2019-12-31,7400.0,un importe,GOOGL_2020-02-04_goog10-k2019.htm,"0 years and a weighted average discount rate of 2.8 % . Future lease payments under operating leases as of December 31, 2019 were as follows (in millions): 2020 $ 1,757 2021 1,845 2022 1,680 2023 1,508 2024 1,301 Thereafter 5,763 Total future lease payments 13,854 Less imputed interest ( 2,441 ) Tot"
GOOGL,2020-04-29,2020-03-31,7000.0,un importe,GOOGL_2020-04-29_goog-20200331.htm,"scount rate of 2.7 %. Future lease payments under operating leases as of March 31, 2020 were as follows (in millions, unaudited): Operating Leases Remainder of 2020 $ 1,378 2021 1,939 2022 1,782 2023 1,612 2024 1,389 Thereafter 6,146 Total future lease payments 14,246 Less imputed interest ( 2,458 )"
GOOGL,2020-07-31,2020-06-30,7300.0,un importe,GOOGL_2020-07-31_goog-20200630.htm,".7 %. Future lease payments under operating leases that have commenced as of June 30, 2020 were as follows (in millions, unaudited): Operating Leases Remainder of 2020 $ 937 2021 2,048 2022 1,907 2023 1,726 2024 1,493 Thereafter 6,330 Total future lease payments 14,441 Less imputed interest ( 2,316 "
GOOGL,2020-10-30,2020-09-30,7500.0,un importe,GOOGL_2020-10-30_goog-20200930.htm,"re lease payments under operating leases that have commenced as of September 30, 2020 were as follows (in millions, unaudited): Operating Leases Remainder of 2020 $ 446 2021 2,182 2022 2,048 2023 1,869 2024 1,616 Thereafter 6,775 Total future lease payments 14,936 Less imputed interest ( 2,417 ) Tot"
GOOGL,2021-02-03,2020-12-31,8000.0,un importe,GOOGL_2021-02-03_goog-20201231.htm,"d 2020, we spent $23.5 billion and $22.3 billion on capital expenditures and recognized total operating lease assets of $4.4 billion and $2.8 billion, respectively. As of December 31, 2020, the amount of total future lease payments under operating leases, which had a weighted average remaining lease"
GOOGL,2021-04-28,2021-03-31,8000.0,un importe,GOOGL_2021-04-28_goog-20210331.htm," 2020 and 2021, we spent $6.0 billion and $5.9 billion on capital expenditures and recognized total operating lease assets of $770 million and $769 million, respectively. As of March 31, 2021, the amount of total future lease payments under operating leases, which had a weighted average remaining le"
GOOGL,2021-07-28,2021-06-30,7400.0,un importe,GOOGL_2021-07-28_goog-20210630.htm," 2020 and 2021, we spent $11.4 billion and $11.4 billion on capital expenditures and recognized total operating lease assets of $1.4 billion and $1.6 billion, respectively. As of June 30, 2021, the amount of total future lease payments under operating leases, which had a weighted average remaining l"
GOOGL,2021-10-27,2021-09-30,6300.0,un importe,GOOGL_2021-10-27_goog-20210930.htm,"2021, we spent $16.8 billion and $18.3 billion on capital expenditures and recognized total operating lease assets of $2.2 billion and $2.2 billion, respectively. As of September 30, 2021, the amount of total future lease payments under operating leases, which had a weighted average remaining lease "
GOOGL,2022-02-02,2021-12-31,5806.0,dos importes sumados,GOOGL_2022-02-02_goog-20211231.htm,"rs ended December 31, 2020 and 2021, we recognized total operating lease assets of $2.8 billion and $3.0 billion, respectively. As of December 31, 2021, the amount of total future lease payments under operating leases, which had a weighted average remaining lease term of 8 years, was $15.5 billion, "
GOOGL,2022-04-27,2022-03-31,5800.0,un importe,GOOGL_2022-04-27_goog-20220331.htm,"on , respectively. Leases For the three months ended March 31, 2021 and 2022, we recognized total operating lease assets of $769 million and $915 million , respectively. As of March 31, 2022, the amount of total future lease payments under operating leases, which had a weighted average remaining lea"
GOOGL,2022-07-27,2022-06-30,4900.0,un importe,GOOGL_2022-07-27_goog-20220630.htm,".3 billion, respectively. Leases For the six months ended June 30, 2021 and 2022, we recognized total operating lease assets of $1.6 billion and $2.2 billion, respectively. As of June 30, 2022, the amount of total future lease payments under operating leases, which had a weighted average remaining l"
GOOGL,2022-10-26,2022-09-30,4100.0,un importe,GOOGL_2022-10-26_goog-20220930.htm,"tively. Leases For the nine months ended September 30, 2021 and 2022, we recognized total operating lease assets of $2.2 billion and $3.4 billion , respectively. As of September 30, 2022, the amount of total future lease payments under operating leases, which had a weighted average remaining lease t"
GOOGL,2023-02-03,2022-12-31,3730.0,dos importes sumados,GOOGL_2023-02-03_goog-20221231.htm,"rs ended December 31, 2021 and 2022, we recognized total operating lease assets of $3.0 billion and $4.4 billion, respectively. As of December 31, 2022, the amount of total future lease payments under operating leases, which had a weighted average remaining lease term of 8 years, was $17.4 billion, "
GOOGL,2023-04-26,2023-03-31,3000.0,un importe,GOOGL_2023-04-26_goog-20230331.htm,"on, respectively. Leases For the three months ended March 31, 2022 and 2023, we recognized total operating lease assets of $915 million and $1.1 billion, respectively. As of March 31, 2023, the amount of total future l ease payments under operating leases, which had a weighted average remaining leas"
GOOGL,2023-07-26,2023-06-30,2900.0,un importe,GOOGL_2023-07-26_goog-20230630.htm,"illion, respectively. Leases For the six months ended June 30, 2022 and 2023, we recognized total operating lease assets of $2.2 billion and $1.7 billion , respectively. As of June 30, 2023, the amount of total future l ease payments under operating leases, which had a weighted average remaining lea"
GOOGL,2023-10-25,2023-09-30,3500.0,un importe,GOOGL_2023-10-25_goog-20230930.htm,"lphabet Inc. For the nine months ended September 30, 2022 and 2023, we recognized total operating lease assets of $3.4 billion and $2.4 billion , respectively. As of September 30, 2023, the amount of total future l ease payments under operating leases, which had a weighted average remaining lease te"
GOOGL,2024-01-31,2023-12-31,3957.0,dos importes sumados,GOOGL_2024-01-31_goog-20231231.htm,"nded December 31, 2022 and 2023, we recognized total operating lease assets of $4.4 billion and $2.9 billion, respectively. As of December 31, 2023, the amount of total future lease payments under operating leases, which had a weighted average remaining lease term of eight years, was $17.7 billion, "
GOOGL,2024-04-26,2024-03-31,3600.0,un importe,GOOGL_2024-04-26_goog-20240331.htm,"ion, respectively. Leases For the three months ended March 31, 2023 and 2024, we recognized total operating lease assets of $1.1 billion and $0.4 billion, respectively. As of March 31, 2024, the amount of total future l ease payments under operating leases, which had a weighted average remaining lea"
GOOGL,2024-07-24,2024-06-30,5200.0,un importe,GOOGL_2024-07-24_goog-20240630.htm," billion, respectively. Leases For the six months ended June 30, 2023 and 2024, we recognized total operating lease assets of $1.7 billion and $897 million, respectively. As of June 30, 2024, the amount of total future lease payments under operating leases, which had a weighted average remaining lea"
GOOGL,2024-10-30,2024-09-30,6100.0,un importe,GOOGL_2024-10-30_goog-20240930.htm,"ely. Leases 45 For the nine months ended September 30, 2023 and 2024, we recognized total operating lease assets of $2.4 billion and $1.6 billion, respectively. As of September 30, 2024, the amount of total future lease payments under operating leases, which had a weighted average remaining lease te"
GOOGL,2025-02-05,2024-12-31,7273.0,dos importes sumados,GOOGL_2025-02-05_goog-20241231.htm,"ure lease payments under operating leases, which had a weighted average remaining lease term of 7.8 years, was $17.0 billion, of which $3.2 billion is short-term, and total future lease payments under finance leases, which had a weighted average remaining lease term of 10.4 years, was $1.9 billion, "
GOOGL,2025-04-25,2025-03-31,17300.0,un importe,GOOGL_2025-04-25_goog-20250331.htm,"were as follows (in millions): Operating Leases Finance Leases Remainder of 2025 $ 2,377 $ 224 2026 2,947 268 2027 2,425 270 2028 1,938 258 2029 1,536 232 Thereafter 5,741 1,254 Total future lease payments 16,964 2,506 Less imputed interest ( 2,413 ) ( 445 ) Total lease liability balance $ 14,551 $ "
GOOGL,2025-07-24,2025-06-30,23900.0,un importe,GOOGL_2025-07-24_goog-20250630.htm," were as follows (in millions): Operating Leases Finance Leases Remainder of 2025 $ 2,095 $ 162 2026 3,078 299 2027 2,549 301 2028 2,042 290 2029 1,630 268 Thereafter 6,035 1,310 Total future lease payments 17,429 2,630 Less imputed interest ( 2,470 ) ( 528 ) Total lease liability balance $ 14,959 $"
GOOGL,2025-10-30,2025-09-30,42600.0,un importe,GOOGL_2025-10-30_goog-20250930.htm,"re as follows (in millions): Operating Leases Finance Leases Remainder of 2025 $ 669 $ 307 2026 3,307 330 2027 2,806 330 2028 2,259 321 2029 1,820 298 Thereafter 6,679 1,328 Total future lease payments 17,540 2,914 Less imputed interest ( 2,335 ) ( 526 ) Total lease liability balance $ 15,205 $ 2,38"
GOOGL,2026-02-05,2025-12-31,58500.0,dos importes sumados,GOOGL_2026-02-05_goog-20251231.htm,", respectively. Leases As of December 31, 2025, the amount of total undiscounted future lease payments under operating leases was $18.3 billion, of which $3.3 billion is short-term, and total undiscounted future lease payments under finance leases was $2.9 billion, of which $491 million is short-ter"
GOOGL,2026-04-30,2026-03-31,75600.0,un importe,GOOGL_2026-04-30_goog-20260331.htm," follows (in millions): Operating Leases Finance Leases Remainder of 2026 $ 2,485 $ 144 2027 3,229 349 2028 2,643 339 2029 2,186 319 2030 1,797 247 Thereafter 6,467 1,237 Total undiscounted lease payments 18,807 2,635 Less: imputed interest ( 2,646 ) ( 421 ) Total lease liability balance $ 16,161 $ "
GOOGL,2026-07-23,2026-06-30,85200.0,un importe,GOOGL_2026-07-23_goog-20260630.htm,"follows (in millions): Operating Leases Finance Leases Remainder of 2026 $ 1,836 $ 206 2027 3,498 387 2028 2,979 377 2029 2,576 356 2030 2,046 285 Thereafter 8,398 1,309 Total undiscounted lease payments 21,333 2,920 Less: imputed interest ( 3,296 ) ( 330 ) Total lease liability balance $ 18,037 $ 2"
META,2019-04-25,2019-03-31,6199.0,dos importes sumados,META_2019-04-25_fb-03312019x10q.htm,", 2019 (in millions): Operating Leases Finance Leases The remainder of 2019 $ 611 $ 53 2020 944 35 2021 868 26 2022 811 24 2023 776 24 Thereafter 5,602 266 Total undiscounted cash flows 9,612 428 Less imputed interest (2,402 ) (88 ) Present value of lease liabilities $ 7,210 $ 340 As of March 31, 20"
META,2019-07-25,2019-06-30,5291.0,dos importes sumados,META_2019-07-25_fb-06302019x10q.htm,"9 (in millions): Operating Leases Finance Leases The remainder of 2019 $ 409 $ 30 2020 1,004 43 2021 956 34 2022 877 30 2023 840 30 Thereafter 6,222 334 Total undiscounted cash flows 10,308 501 Less imputed interest ( 2,498 ) ( 107 ) Present value of lease liabilities $ 7,810 $ 394 As of June 30, 20"
META,2019-10-31,2019-09-30,3516.0,dos importes sumados,META_2019-10-31_fb-09302019x10q.htm,"illions): Operating Leases Finance Leases The remainder of 2019 $ 200 $ 26 2020 1,096 44 2021 1,089 39 2022 992 32 2023 963 32 Thereafter 7,468 373 Total undiscounted cash flows 11,808 546 Less imputed interest ( 2,676 ) ( 115 ) Present value of lease liabilities $ 9,132 $ 431 As of September 30, 20"
META,2020-01-30,2019-12-31,5357.0,dos importes sumados,META_2020-01-30_fb-12312019x10k.htm,"reafter 7,572 371 Total undiscounted cash flows 13,172 593 Less: Imputed interest ( 2,848 ) ( 120 ) Present value of lease liabilities $ 10,324 $ 473 Lease liabilities, current $ 800 $ 55 Lease liabilities, non-current 9,524 418 Present value of lease liabilities $ 10,324 $ 473 As of December 31, 20"
META,2020-04-30,2020-03-31,5402.0,dos importes sumados,META_2020-04-30_fb-03312020x10q.htm,"Thereafter 7,657 386 Total undiscounted cash flows 13,129 590 Less: Imputed interest ( 2,785 ) ( 120 ) Present value of lease liabilities $ 10,344 $ 470 Lease liabilities, current $ 835 $ 44 Lease liabilities, non-current 9,509 426 Present value of lease liabilities $ 10,344 $ 470 As of March 31, 20"
META,2020-07-31,2020-06-30,5274.0,dos importes sumados,META_2020-07-31_fb-06302020x10q.htm," ) Present value of lease liabilities $ 10,532 $ 472 Lease liabilities, current $ 899 $ 48 Lease liabilities, non-current 9,633 424 Present value of lease liabilities $ 10,532 $ 472 The table above does not include lease payments that were not fixed at commencement or modification. As of June 30, 20"
META,2020-10-30,2020-09-30,7708.0,dos importes sumados,META_2020-10-30_fb-09302020x10q.htm,"se liabilities $ 10,616 $ 528 Lease liabilities, current $ 975 $ 62 Lease liabilities, non-current 9,641 466 Present value of lease liabilities $ 10,616 $ 528 The table above does not include lease payments that were not fixed at commencement or modification. As of September 30, 2020 , we have addit"
META,2021-01-28,2020-12-31,7853.0,dos importes sumados,META_2021-01-28_fb-20201231.htm," interest ( 2,676 ) ( 120 ) Present value of lease liabilities $ 10,654 $ 523 Lease liabilities, current $ 1,023 $ 54 Lease liabilities, non-current 9,631 469 Present value of lease liabilities $ 10,654 $ 523 The table above does not include lease payments that were not fixed at commencement or leas"
META,2021-04-29,2021-03-31,6683.0,dos importes sumados,META_2021-04-29_fb-20210331.htm,"ed interest ( 2,788 ) ( 119 ) Present value of lease liabilities $ 11,614 $ 527 Lease liabilities, current $ 1,040 $ 53 Lease liabilities, non-current 10,574 474 Present value of lease liabilities $ 11,614 $ 527 The table above does not include lease payments that were not fixed at commencement or l"
META,2021-07-29,2021-06-30,6817.0,dos importes sumados,META_2021-07-29_fb-20210630.htm,"ted interest ( 2,895 ) ( 119 ) Present value of lease liabilities $ 12,007 $ 556 Lease liabilities, current $ 1,051 $ 63 Lease liabilities, non-current 10,956 493 Present value of lease liabilities $ 12,007 $ 556 The table above does not include lease payments that were not fixed at commencement or "
META,2021-10-26,2021-09-30,7346.0,dos importes sumados,META_2021-10-26_fb-20210930.htm,"nterest ( 2,921 ) ( 118 ) Present value of lease liabilities $ 12,640 $ 579 Lease liabilities, current $ 1,086 $ 72 Lease liabilities, non-current 11,554 507 Present value of lease liabilities $ 12,640 $ 579 The table above does not include lease payments that were not fixed at commencement or lease"
META,2022-02-03,2021-12-31,9960.0,dos importes sumados,META_2022-02-03_fb-20211231.htm,"interest ( 3,251 ) ( 115 ) Present value of lease liabilities $ 13,873 $ 581 Lease liabilities, current $ 1,127 $ 75 Lease liabilities, non-current 12,746 506 Present value of lease liabilities $ 13,873 $ 581 The table above does not include lease payments that were not fixed at commencement or leas"
META,2022-04-28,2022-03-31,11410.0,dos importes sumados,META_2022-04-28_meta-20220331.htm," ( 117 ) Present value of lease liabilities $ 14,053 $ 605 Lease liabilities, current $ 1,159 $ 81 Lease liabilities, non-current 12,894 524 Present value of lease liabilities $ 14,053 $ 605 19 Table of Contents The table above does not include lease payments that were not fixed at commencement or l"
META,2022-07-28,2022-06-30,10210.0,dos importes sumados,META_2022-07-28_meta-20220630.htm,") ( 119 ) Present value of lease liabilities $ 16,067 $ 612 Lease liabilities, current $ 1,275 $ 78 Lease liabilities, non-current 14,792 534 Present value of lease liabilities $ 16,067 $ 612 21 Table of Contents The table above does not include lease payments that were not fixed at commencement or "
META,2022-10-27,2022-09-30,10160.0,dos importes sumados,META_2022-10-27_meta-20220930.htm,"nterest ( 3,832 ) ( 116 ) Present value of lease liabilities $ 15,978 $ 581 Lease liabilities, current $ 1,291 $ 64 Lease liabilities, non-current 14,687 517 Present value of lease liabilities $ 15,978 $ 581 The table above does not include lease payments that were not fixed at commencement or lease"
META,2023-02-02,2022-12-31,9790.0,dos importes sumados,META_2023-02-02_meta-20221231.htm,") Lease liabilities include those operating leases that we plan to sublease or abandon as a part of our facilities consolidation restructuring efforts. For additional information, see Note 3 — Restructuring . The table above does not include lease payments that were not fixed at commencement or leas"
META,2023-04-27,2023-03-31,11590.0,dos importes sumados,META_2023-04-27_meta-20230331.htm,"_ (1) Lease liabilities include those operating leases that we plan to sublease or abandon as a part of our facilities consolidation restructuring efforts. For additional information, see Note 3 — Restructuring. The table above does not include lease payments that were not fixed at commencement or l"
META,2023-07-27,2023-06-30,10870.0,dos importes sumados,META_2023-07-27_meta-20230630.htm,"__ (1) Lease liabilities include those operating leases that we plan to sublease or abandon as a part of our facilities consolidation restructuring efforts. For additional information, see Note 3 — Restructuring. The table above does not include lease payments that were not fixed at commencement or "
META,2023-10-26,2023-09-30,8740.0,dos importes sumados,META_2023-10-26_meta-20230930.htm,") Lease liabilities include those operating leases that we plan to sublease or abandon as a part of our facilities consolidation restructuring efforts. For additional information, see Note 3 — Restructuring. The table above does not include lease payments that were not fixed at commencement or lease"
META,2024-02-02,2023-12-31,8440.0,dos importes sumados,META_2024-02-02_meta-20231231.htm," $ 18,849 $ 690 _________________ (1) Lease liabilities include operating leases under restructuring as a part of our facilities consolidation efforts. For additional information, see Note 3 — Restructuring . The table above does not include lease payments that were not fixed at commencement or leas"
META,2024-04-25,2024-03-31,6170.0,un importe,META_2024-04-25_meta-20240331.htm,"ring efforts of $ 242 million and $ 673 million for the three months ended March 31, 2024 and 2023, respectively. For additional information, see Note 3 — Restructuring. As of March 31, 2024, future undiscounted lease payments under operating leases was $ 24.19 billion, with a weighted average remai"
META,2024-08-01,2024-06-30,6200.0,un importe,META_2024-08-01_meta-20240630.htm,"3, respectively, and $ 282 million and $ 811 million for the six months ended June 30, 2024 and 2023, respectively. For additional information, see Note 3 — Restructuring. As of June 30, 2024, future undiscounted lease payments under operating leases was $ 24.53 billion, with a weighted average rema"
META,2024-10-31,2024-09-30,18490.0,un importe,META_2024-10-31_meta-20240930.htm,"and $ 291 million and $ 990 million for the nine months ended September 30, 2024 and 2023, respectively. For additional information, see Note 3 — Restructuring. As of September 30, 2024, future undiscounted lease payments under operating leases were $ 25.59 billion, with a weighted average remaining"
META,2025-01-30,2024-12-31,34120.0,un importe,META_2025-01-30_meta-20241231.htm," $ 20,234 $ 709 _________________ (1) Lease liabilities include operating leases under restructuring as a part of our facilities consolidation efforts. For additional information, see Note 3 — Restructuring . The table above does not include lease payments that were not fixed at commencement or leas"
META,2025-05-01,2025-03-31,35270.0,un importe,META_2025-05-01_meta-20250331.htm," December 31, 2024, respectively. The fair value was determined based on the quoted prices for the Notes as of each reporting date, and is categorized accordingly as Level 2 in the fair value hierarchy. Note 8. Commitments and Contingencies Leases and Contractual Commitments In addition to the lease"
META,2025-07-31,2025-06-30,52560.0,un importe,META_2025-07-31_meta-20250630.htm," December 31, 2024, respectively. The fair value was determined based on the quoted prices for the Notes as of each reporting date, and is categorized accordingly as Level 2 in the fair value hierarchy. Note 8. Commitments and Contingencies Leases and Contractual Commitments In addition to the lease"
META,2025-10-30,2025-09-30,58140.0,un importe,META_2025-10-30_meta-20250930.htm,"espectively. The fair value was determined based on the quoted prices for the Notes as of each reporting date, and is categorized accordingly as Level 2 in the fair value hierarchy. 19 Table of Contents Note 9. Commitments and Contingencies Leases and Contractual Commitments In addition to the lease"
META,2026-01-29,2025-12-31,103770.0,un importe,META_2026-01-29_meta-20251231.htm,"We continuously evaluate our liquidity and capital resources, including our access to external capital, to ensure we can finance our future capital requirements. Leases and Contractual Commitments Our operating and finance leases include data centers, offices, and certain network infrastructure. In "
META,2026-04-30,2026-03-31,182880.0,un importe,META_2026-04-30_meta-20260331.htm,"f March 31, 2026 and December 31, 2025, respectively. The fair value was determined based on the quoted prices at the end of the reporting periods and categorized as Level 2 in the fair value hierarchy. Note 8. Commitments and Contingencies Leases and Contractual Commitments In addition to the lease"
META,2026-07-30,2026-06-30,278990.0,un importe,META_2026-07-30_meta-20260630.htm,"ts As of June 30, 2026, future principal payments for the Notes, by year, are as follows (in millions): Remainder of 2026 $ — 2027 2,750 2028 1,500 2029 1,000 2030 5,000 Thereafter 73,750 Total $ 84,000 Note 9. Commitments and Contingencies Leases and Contractual Commitments In addition to the lease"
MSFT,2018-01-31,2017-12-31,1837.0,dos importes sumados,MSFT_2018-01-31_msft-10q_20171231.htm,"nding June 30, Operating Leases Finance Leases 2018 (excluding the six months ended December 31, 2017) $ 750 $ 167 2019 1,413 340 2020 1,287 347 2021 1,025 353 2022 839 360 Thereafter 2,634 3,857 Total lease payments 7,948 5,424 Less imputed interest (965 ) (1,522 ) Total $ 6,983 $ 3,902 As of Decem"
MSFT,2018-04-26,2018-03-31,2345.0,dos importes sumados,MSFT_2018-04-26_msft-10q_20180331.htm,"ear Ending June 30, Operating Leases Finance Leases 2018 (excluding the nine months ended March 31, 2018) $ 388 $ 104 2019 1,472 384 2020 1,340 391 2021 1,076 399 2022 887 406 Thereafter 2,790 4,442 Total lease payments 7,953 6,126 Less imputed interest (820 ) (1,795 ) Total $ 7,133 $ 4,331 As of Ma"
MSFT,2018-08-03,2018-06-30,2994.0,dos importes sumados,MSFT_2018-08-03_msft-10k_20180630.htm,"ere as follows: (In millions) Year Ending June 30, Operating Leases Finance Leases 2019 $ 1,492 $ 386 2020 1,347 393 2021 1,086 401 2022 902 408 2023 721 410 Thereafter 2,157 4,036 Total lease payments 7,705 6,034 Less imputed interest (738 ) (1,733 ) Total $ 6,967 $ 4,301 87 PART II Item 8 As of Ju"
MSFT,2018-10-24,2018-09-30,7400.0,dos importes sumados,MSFT_2018-10-24_msft-10q_20180930.htm,"g June 30, Operating Leases Finance Leases 2019 (excluding the three months ended September 30, 2018) $ 1,170 $ 314 2020 1,422 426 2021 1,154 434 2022 958 442 2023 786 444 Thereafter 2,290 4,434 Total lease payments 7,780 6,494 Less imputed interest (756 ) (1,820 ) Total $ 7,024 $ 4,674 As of Septem"
MSFT,2019-01-30,2018-12-31,9100.0,dos importes sumados,MSFT_2019-01-30_msft-10q_20181231.htm,"nding June 30, Operating Leases Finance Leases 2019 (excluding the six months ended December 31, 2018) $ 799 $ 241 2020 1,503 479 2021 1,244 487 2022 1,048 495 2023 861 498 Thereafter 2,439 4,934 Total lease payments 7,894 7,134 Less imputed interest (790 ) (1,924 ) Total $ 7,104 $ 5,210 As of Decem"
MSFT,2019-04-24,2019-03-31,8300.0,dos importes sumados,MSFT_2019-04-24_msft-10q_20190331.htm,"ear Ending June 30, Operating Leases Finance Leases 2019 (excluding the nine months ended March 31, 2019) $ 422 $ 138 2020 1,586 534 2021 1,335 543 2022 1,135 552 2023 942 556 Thereafter 2,904 5,552 Total lease payments 8,324 7,875 Less imputed interest (891 ) (2,065 ) Total $ 7,433 $ 5,810 As of Ma"
MSFT,2019-08-01,2019-06-30,8400.0,dos importes sumados,MSFT_2019-08-01_msft-10k_20190630.htm,"as follows: (In millions) Year Ending June 30, Operating Leases Finance Leases 2020 $ 1,678 $ 591 2021 1,438 616 2022 1,235 626 2023 1,036 631 2024 839 641 Thereafter 2,438 5,671 Total lease payments 8,664 8,776 Less imputed interest (961 ) (2,202 ) Total $ 7,703 $ 6,574 83 PART II Item 8 As of June"
MSFT,2019-10-23,2019-09-30,7000.0,dos importes sumados,MSFT_2019-10-23_msft-10q_20190930.htm,"e 30, Operating Leases Finance Leases 2020 (excluding the three months ended September 30, 2019) $ 1,303 $ 532 2021 1,536 727 2022 1,335 740 2023 1,139 746 2024 940 756 Thereafter 2,918 6,779 Total lease payments 9,171 10,280 Less imputed interest ( 961 ) ( 2,415 ) Total $ 8,210 $ 7,865 As of Septem"
MSFT,2020-01-29,2019-12-31,6600.0,dos importes sumados,MSFT_2020-01-29_msft-10q_20191231.htm,"une 30, Operating Leases Finance Leases 2020 (excluding the six months ended December 31, 2019) $ 966 $ 393 2021 1,705 804 2022 1,507 819 2023 1,306 827 2024 1,084 838 Thereafter 3,394 7,619 Total lease payments 9,962 11,300 Less imputed interest ( 1,174 ) ( 2,549 ) Total $ 8,788 $ 8,751 As of Decem"
MSFT,2020-04-29,2020-03-31,6200.0,dos importes sumados,MSFT_2020-04-29_msft-10q_20200331.htm,"ng June 30, Operating Leases Finance Leases 2020 (excluding the nine months ended March 31, 2020) $ 483 $ 196 2021 1,810 796 2022 1,627 811 2023 1,445 818 2024 1,226 830 Thereafter 3,764 7,601 Total lease payments 10,355 11,052 Less imputed interest ( 1,550 ) ( 2,442 ) Total $ 8,805 $ 8,610 As of Ma"
MSFT,2020-07-30,2020-06-30,6900.0,dos importes sumados,MSFT_2020-07-30_msft-10k_20200630.htm,"ities were as follows: (In millions) Year Ending June 30, Operating Leases Finance Leases 2021 $ 1,807 $ 880 2022 1,652 894 2023 1,474 903 2024 1,262 916 2025 1,000 1,236 Thereafter 3,122 7,194 Total lease payments 10,317 12,023 Less imputed interest ( 1,030 ) ( 2,527 ) Total $ 9,287 $ 9,496 As of J"
MSFT,2020-10-27,2020-09-30,8900.0,dos importes sumados,MSFT_2020-10-27_msft-10q_20200930.htm,"erating Leases Finance Leases 2021 (excluding the three months ended September 30, 2020) $ 1,522 $ 709 2022 1,738 958 2023 1,566 968 2024 1,362 982 2025 1,090 1,304 Thereafter 3,513 7,805 Total lease payments 10,791 12,726 Less imputed interest ( 1,294 ) ( 2,559 ) Total $ 9,497 $ 10,167 As of Septem"
MSFT,2021-01-26,2020-12-31,10900.0,dos importes sumados,MSFT_2021-01-26_msft-10q_20201231.htm,"ting Leases Finance Leases 2021 (excluding the six months ended December 31, 2020) $ 1,099 $ 533 2022 1,997 1,080 2023 1,811 1,092 2024 1,579 1,107 2025 1,280 1,431 Thereafter 4,309 8,943 Total lease payments 12,075 14,186 Less imputed interest ( 1,334 ) ( 2,668 ) Total $ 10,741 $ 11,518 As of Decem"
MSFT,2021-04-27,2021-03-31,12100.0,dos importes sumados,MSFT_2021-04-27_msft-10q_20210331.htm,"30, Operating Leases Finance Leases 2021 (excluding the nine months ended March 31, 2021) $ 603 $ 278 2022 1,981 1,128 2023 1,803 1,140 2024 1,607 1,156 2025 1,320 1,481 Thereafter 4,716 9,510 Total lease payments 12,030 14,693 Less imputed interest ( 882 ) ( 2,639 ) Total $ 11,148 $ 12,054 As of Ma"
MSFT,2021-07-29,2021-06-30,12700.0,dos importes sumados,MSFT_2021-07-29_msft-10k_20210630.htm,"June 30, 2021: (In millions) Year Ending June 30, Operating Leases Finance Leases 2022 $ 2,125 $ 1,179 2023 1,954 1,198 2024 1,751 1,211 2025 1,463 1,537 2026 1,133 1,220 Thereafter 4,111 8,856 Total lease payments 12,537 15,201 Less imputed interest ( 946 ) ( 2,660 ) Total $ 11,591 $ 12,541 As of J"
MSFT,2021-10-26,2021-09-30,11000.0,dos importes sumados,MSFT_2021-10-26_msft-10q_20210930.htm," Leases Finance Leases 2022 (excluding the three months ended September 30, 2021) $ 1,667 $ 962 2023 2,072 1,295 2024 1,871 1,312 2025 1,588 1,638 2026 1,256 1,324 Thereafter 4,647 9,743 Total lease payments 13,101 16,274 Less imputed interest ( 1,002 ) ( 2,726 ) Total $ 12,099 $ 13,548 As of Septem"
MSFT,2022-01-25,2021-12-31,12300.0,dos importes sumados,MSFT_2022-01-25_msft-10q_20211231.htm,"ing Leases Finance Leases 2022 (excluding the six months ended December 31, 2021) $ 1,149 $ 674 2023 2,206 1,360 2024 2,018 1,374 2025 1,751 1,702 2026 1,422 1,389 Thereafter 5,452 10,459 Total lease payments 13,998 16,958 Less imputed interest ( 1,098 ) ( 2,763 ) Total $ 12,900 $ 14,195 As of Decem"
MSFT,2022-04-26,2022-03-31,11600.0,dos importes sumados,MSFT_2022-04-26_msft-10q_20220331.htm," Operating Leases Finance Leases 2022 (excluding the nine months ended March 31, 2022) $ 601 $ 346 2023 2,335 1,404 2024 2,160 1,420 2025 1,885 1,749 2026 1,531 1,435 Thereafter 6,074 10,928 Total lease payments 14,586 17,282 Less imputed interest ( 1,070 ) ( 2,743 ) Total $ 13,516 $ 14,539 As of Ma"
MSFT,2022-07-28,2022-06-30,16000.0,dos importes sumados,MSFT_2022-07-28_msft-10k_20220630.htm,"ne 30, 2022: (In millions) Year Ending June 30, Operating Leases Finance Leases 2023 $ 2,456 $ 1,477 2024 2,278 1,487 2025 1,985 1,801 2026 1,625 1,483 2027 1,328 1,489 Thereafter 5,332 9,931 Total lease payments 15,004 17,668 Less imputed interest ( 1,287 ) ( 2,766 ) Total $ 13,717 $ 14,902 As of J"
MSFT,2022-10-25,2022-09-30,17000.0,dos importes sumados,MSFT_2022-10-25_msft-10q_20220930.htm,"ases Finance Leases 2023 (excluding the three months ended September 30, 2022) $ 1,913 $ 1,107 2024 2,327 1,480 2025 2,060 1,796 2026 1,706 1,477 2027 1,409 1,482 Thereafter 5,960 10,028 Total lease payments 15,375 17,370 Less imputed interest ( 1,491 ) ( 2,740 ) Total $ 13,884 $ 14,630 As of Septem"
MSFT,2023-01-24,2022-12-31,26000.0,dos importes sumados,MSFT_2023-01-24_msft-10q_20221231.htm,"ing Leases Finance Leases 2023 (excluding the six months ended December 31, 2022) $ 1,320 $ 790 2024 2,498 1,598 2025 2,217 1,912 2026 1,847 1,595 2027 1,533 1,603 Thereafter 6,528 11,196 Total lease payments 15,943 18,694 Less imputed interest ( 1,658 ) ( 3,110 ) Total $ 14,285 $ 15,584 As of Decem"
MSFT,2023-04-25,2023-03-31,26900.0,dos importes sumados,MSFT_2023-04-25_msft-20230331.htm," Finance Leases 2023 (excluding the nine months ended March 31, 2023) $ 683 $ 413 2024 2,625 1,706 2025 2,334 2,025 2026 1,964 1,710 2027 1,646 1,720 Thereafter 7,175 12,395 Total lease payments 16,427 19,969 Less imputed interest ( 1,788 ) ( 3,506 ) Total $ 14,639 $ 16,463 24 PART I Item 1 As of Ma"
MSFT,2023-07-27,2023-06-30,42100.0,dos importes sumados,MSFT_2023-07-27_msft-20230630.htm,"e 30, 2023: (In millions) Year Ending June 30, Operating Leases Finance Leases 2024 $ 2,784 $ 1,747 2025 2,508 2,087 2026 2,142 1,771 2027 1,757 1,780 2028 1,582 1,787 Thereafter 6,327 11,462 Total lease payments 17,100 20,634 Less imputed interest ( 1,963 ) ( 3,567 ) Total $ 15,137 $ 17,067 As of J"
MSFT,2023-10-24,2023-09-30,82600.0,dos importes sumados,MSFT_2023-10-24_msft-20230930.htm,"Leases Finance Leases 2024 (excluding the three months ended September 30, 2023) $ 2,287 $ 1,378 2025 2,834 2,196 2026 2,365 1,883 2027 1,961 1,890 2028 1,767 1,900 Thereafter 6,803 12,934 Total lease payments 18,017 22,181 Less imputed interest ( 1,992 ) ( 4,027 ) Total $ 16,025 $ 18,154 As of Sept"
MSFT,2024-01-30,2023-12-31,92600.0,dos importes sumados,MSFT_2024-01-30_msft-20231231.htm,"ing Leases Finance Leases 2024 (excluding the six months ended December 31, 2023) $ 1,614 $ 1,021 2025 3,091 2,411 2026 2,633 2,101 2027 2,179 2,109 2028 1,933 2,121 Thereafter 7,615 15,326 Total lease payments 19,065 25,089 Less imputed interest ( 2,123 ) ( 4,892 ) Total $ 16,942 $ 20,197 As of Dec"
MSFT,2024-04-25,2024-03-31,96200.0,dos importes sumados,MSFT_2024-04-25_msft-20240331.htm,"es Finance Leases 2024 (excluding the nine months ended March 31, 2024) $ 956 $ 560 2025 3,566 2,694 2026 3,076 2,398 2027 2,608 2,409 2028 2,100 2,409 Thereafter 7,812 18,058 Total lease payments 20,118 28,528 Less imputed interest ( 2,236 ) ( 5,623 ) Total $ 17,882 $ 22,905 24 PART I Item 1 As of "
MSFT,2024-07-30,2024-06-30,117000.0,dos importes sumados,MSFT_2024-07-30_msft-20240630.htm,"une 30, 2024: (In millions) Year Ending June 30, Operating Leases Finance Leases 2025 $ 4,124 $ 3,311 2026 3,549 3,021 2027 2,981 3,037 2028 2,405 3,026 2029 1,924 2,638 Thereafter 6,587 19,116 Total lease payments 21,570 34,149 Less imputed interest ( 2,493 ) ( 7,004 ) Total $ 19,077 $ 27,145 As of"
MSFT,2024-10-30,2024-09-30,116100.0,dos importes sumados,MSFT_2024-10-30_msft-20240930.htm,"Leases Finance Leases 2025 (excluding the three months ended September 30, 2024) $ 3,386 $ 2,742 2026 4,122 3,697 2027 3,411 3,720 2028 2,754 3,706 2029 2,124 3,099 Thereafter 7,174 22,745 Total lease payments 22,971 39,709 Less imputed interest ( 2,601 ) ( 8,358 ) Total $ 20,370 $ 31,351 As of Sept"
MSFT,2025-01-29,2024-12-31,105400.0,dos importes sumados,MSFT_2025-01-29_msft-20241231.htm,"ng Leases Finance Leases 2025 (excluding the six months ended December 31, 2024) $ 2,726 $ 1,979 2026 4,920 4,149 2027 4,063 4,180 2028 3,025 4,175 2029 2,203 3,528 Thereafter 7,433 28,350 Total lease payments 24,370 46,361 Less imputed interest ( 2,508 ) ( 10,284 ) Total $ 21,862 $ 36,077 As of Dec"
MSFT,2025-04-30,2025-03-31,99200.0,dos importes sumados,MSFT_2025-04-30_msft-20250331.htm,"erating Leases Finance Leases 2025 (excluding the nine months ended March 31, 2025) $ 1,709 $ 1,065 2026 5,700 4,465 2027 4,823 4,507 2028 3,286 4,509 2029 2,287 3,866 Thereafter 7,728 32,307 Total lease payments 25,533 50,719 Less imputed interest ( 2,609 ) ( 11,505 ) Total $ 22,924 $ 39,214 As of "
MSFT,2025-07-30,2025-06-30,92700.0,un importe,MSFT_2025-07-30_msft-20250630.htm,"e liabilities as of June 30, 2025: (In millions) Year Ending June 30, Operating Leases Finance Leases 2026 $ 6,111 $ 5,008 2027 5,237 5,157 2028 3,495 5,187 2029 2,419 4,521 2030 2,017 4,382 Thereafter 6,202 36,251 Total lease payments 25,481 60,506 Less imputed interest ( 2,620 ) ( 14,334 ) Total $"
MSFT,2025-10-29,2025-09-30,106200.0,un importe,MSFT_2025-10-29_msft-20250930.htm,"g June 30, Operating Leases Finance Leases 2026 (excluding the three months ended September 30, 2025) $ 4,627 $ 4,218 2027 5,506 5,862 2028 3,770 5,909 2029 2,641 5,259 2030 2,162 5,136 Thereafter 6,586 46,450 Total lease payments 25,292 72,834 Less imputed interest ( 2,559 ) ( 18,400 ) Total $ 22,7"
MSFT,2026-01-28,2025-12-31,155100.0,un importe,MSFT_2026-01-28_msft-20251231.htm,"nding June 30, Operating Leases Finance Leases 2026 (excluding the six months ended December 31, 2025) $ 3,248 $ 3,059 2027 5,811 6,404 2028 4,078 6,467 2029 2,891 5,829 2030 2,361 5,718 Thereafter 7,192 53,590 Total lease payments 25,581 81,067 Less imputed interest ( 2,716 ) ( 20,916 ) Total $ 22,"
MSFT,2026-04-29,2026-03-31,196600.0,un importe,MSFT_2026-04-29_msft-20260331.htm,"ear Ending June 30, Operating Leases Finance Leases 2026 (excluding the nine months ended March 31, 2026) $ 1,735 $ 1,633 2027 5,910 6,786 2028 4,207 6,864 2029 3,011 6,232 2030 2,476 6,126 Thereafter 7,516 56,961 Total lease payments 24,855 84,602 Less imputed interest ( 2,617 ) ( 21,670 ) Total $ "
MSFT,2026-07-29,2026-06-30,329100.0,un importe,MSFT_2026-07-29_msft-20260630.htm,"e liabilities as of June 30, 2026: (In millions) Year Ending June 30, Operating Leases Finance Leases 2027 $ 6,082 $ 7,121 2028 4,334 7,294 2029 3,146 6,668 2030 2,612 6,570 2031 2,316 6,543 Thereafter 6,216 55,490 Total lease payments 24,706 89,686 Less imputed interest ( 2,781 ) ( 23,092 ) Total $"
NVDA,2021-08-20,2021-08-01,413.0,dos importes sumados,NVDA_2021-08-20_nvda-20210801.htm,"ngible assets (1) $ 3,277 $ ( 1,030 ) $ 2,247 $ 3,280 $ ( 774 ) $ 2,506 Patents and licensed technology 709 ( 478 ) 231 706 ( 475 ) 231 Total intangible assets $ 3,986 $ ( 1,508 ) $ 2,478 $ 3,986 $ ( 1,249 ) $ 2,737 (1) As of August 1, 2021, acquisition-related intangible assets include the fair val"
NVDA,2021-11-22,2021-10-31,561.0,dos importes sumados,NVDA_2021-11-22_nvda-20211031.htm,"ated intangible assets (1) $ 3,396 $ ( 1,166 ) $ 2,230 $ 3,280 $ ( 774 ) $ 2,506 Patents and licensed technology 709 ( 485 ) 224 706 ( 475 ) 231 Total intangible assets $ 4,105 $ ( 1,651 ) $ 2,454 $ 3,986 $ ( 1,249 ) $ 2,737 (1) As of October 31, 2021, acquisition-related intangible assets include t"
NVDA,2022-03-18,2022-01-30,563.0,un importe,NVDA_2022-03-18_nvda-20220130.htm,"ated intangible assets (1) $ 3,418 $ ( 1,304 ) $ 2,114 $ 3,280 $ ( 774 ) $ 2,506 Patents and licensed technology 717 ( 492 ) 225 706 ( 475 ) 231 Total intangible assets $ 4,135 $ ( 1,796 ) $ 2,339 $ 3,986 $ ( 1,249 ) $ 2,737 (1) As of January 30, 2022, acquisition-related intangible assets include t"
