trimestre,pib_musd
1947Q1,243164.0
1947Q2,245968.0
1947Q3,249585.0
1947Q4,259745.0
1948Q1,265742.0
1948Q2,272567.0
1948Q3,279196.0
1948Q4,280366.0
1949Q1,275034.0
1949Q2,271351.0
1949Q3,272889.0
1949Q4,270627.0
1950Q1,280828.0
1950Q2,290383.0
1950Q3,308153.0
1950Q4,319945.0
1951Q1,336000.0
1951Q2,344090.0
1951Q3,351385.0
1951Q4,356178.0
1952Q1,359820.0
1952Q2,361030.0
1952Q3,367701.0
1952Q4,380812.0
1953Q1,387980.0
1953Q2,391749.0
1953Q3,391171.0
1953Q4,385970.0
1954Q1,385345.0
1954Q2,386121.0
1954Q3,390996.0
1954Q4,399734.0
1955Q1,413073.0
1955Q2,421532.0
1955Q3,430221.0
1955Q4,437092.0
1956Q1,439746.0
1956Q2,446010.0
1956Q3,451191.0
1956Q4,460463.0
1957Q1,469779.0
1957Q2,472025.0
1957Q3,479490.0
1957Q4,474864.0
1958Q1,467540.0
1958Q2,471978.0
1958Q3,485841.0
1958Q4,499555.0
1959Q1,510330.0
1959Q2,522653.0
1959Q3,525034.0
1959Q4,528600.0
1960Q1,542648.0
1960Q2,541080.0
1960Q3,545604.0
1960Q4,540197.0
1961Q1,545018.0
1961Q2,555545.0
1961Q3,567664.0
1961Q4,580612.0
1962Q1,594013.0
1962Q2,600366.0
1962Q3,609027.0
1962Q4,612280.0
1963Q1,621672.0
1963Q2,629752.0
1963Q3,644444.0
1963Q4,653938.0
1964Q1,669822.0
1964Q2,678674.0
1964Q3,692031.0
1964Q4,697319.0
1965Q1,717790.0
1965Q2,730191.0
1965Q3,749323.0
1965Q4,771857.0
1966Q1,795734.0
1966Q2,804981.0
1966Q3,819638.0
1966Q4,833302.0
1967Q1,844170.0
1967Q2,848983.0
1967Q3,865233.0
1967Q4,881439.0
1968Q1,909387.0
1968Q2,934344.0
1968Q3,950825.0
1968Q4,968030.0
1969Q1,993337.0
1969Q2,1009020.0
1969Q3,1029955.9999999999
1969Q4,1038146.9999999999
1970Q1,1051200.0
1970Q2,1067375.0
1970Q3,1086059.0
1970Q4,1088608.0
1971Q1,1135156.0
1971Q2,1156271.0
1971Q3,1177675.0
1971Q4,1190297.0
1972Q1,1230609.0
1972Q2,1266369.0
1972Q3,1290566.0
1972Q4,1328904.0
1973Q1,1377490.0
1973Q2,1413887.0
1973Q3,1433838.0
1973Q4,1476289.0
1974Q1,1491209.0
1974Q2,1530056.0
1974Q3,1560026.0
1974Q4,1599679.0
1975Q1,1616116.0
1975Q2,1651853.0
1975Q3,1709820.0
1975Q4,1761831.0
1976Q1,1820487.0
1976Q2,1852332.0
1976Q3,1886558.0
1976Q4,1934273.0
1977Q1,1988648.0
1977Q2,2055909.0
1977Q3,2118473.0
1977Q4,2164270.0
1978Q1,2202760.0
1978Q2,2331633.0
1978Q3,2395053.0
1978Q4,2476949.0
1979Q1,2526610.0
1979Q2,2591247.0
1979Q3,2667565.0
1979Q4,2723883.0
1980Q1,2789842.0
1980Q2,2797352.0
1980Q3,2856483.0
1980Q4,2985557.0
1981Q1,3124206.0
1981Q2,3162532.0
1981Q3,3260609.0
1981Q4,3280818.0
1982Q1,3274302.0
1982Q2,3331972.0
1982Q3,3366322.0
1982Q4,3402561.0
1983Q1,3473413.0
1983Q2,3578848.0
1983Q3,3689179.0
1983Q4,3794706.0
1984Q1,3908054.0
1984Q2,4009601.0
1984Q3,4084250.0
1984Q4,4148551.0000000005
1985Q1,4230168.0
1985Q2,4294887.0
1985Q3,4386773.0
1985Q4,4444094.0
1986Q1,4507894.0
1986Q2,4545340.0
1986Q3,4607669.0
1986Q4,4657627.0
1987Q1,4722156.0
1987Q2,4806160.0
1987Q3,4884555.0
1987Q4,5007994.0
1988Q1,5073372.0
1988Q2,5190036.0
1988Q3,5282835.0
1988Q4,5399509.0
1989Q1,5511253.0
1989Q2,5612463.0
1989Q3,5695365.0
1989Q4,5747237.0
1990Q1,5872701.0
1990Q2,5960028.0
1990Q3,6015116.0
1990Q4,6004733.0
1991Q1,6035178.0
1991Q2,6126862.0
1991Q3,6205937.0
1991Q4,6264540.0
1992Q1,6363102.0
1992Q2,6470763.0
1992Q3,6566641.0
1992Q4,6680803.0
1993Q1,6729459.0
1993Q2,6808939.0
1993Q3,6882098.0
1993Q4,7013738.0
1994Q1,7115652.0
1994Q2,7246931.0
1994Q3,7331075.0
1994Q4,7455288.0
1995Q1,7522289.0
1995Q2,7580997.0
1995Q3,7683125.0
1995Q4,7772586.0
1996Q1,7868468.0
1996Q2,8032840.0
1996Q3,8131408.0
1996Q4,8259771.000000001
1997Q1,8362655.000000001
1997Q2,8518825.0
1997Q3,8662823.0
1997Q4,8765907.0
1998Q1,8866480.0
1998Q2,8969699.0
1998Q3,9121097.0
1998Q4,9293991.0
1999Q1,9411682.0
1999Q2,9526210.0
1999Q3,9686626.0
1999Q4,9900169.0
2000Q1,10002179.0
2000Q2,10247720.0
2000Q3,10318165.0
2000Q4,10435744.0
2001Q1,10470231.0
2001Q2,10599000.0
2001Q3,10598020.0
2001Q4,10660465.0
2002Q1,10783500.0
2002Q2,10887460.0
2002Q3,10984040.0
2002Q4,11061433.0
2003Q1,11174129.0
2003Q2,11312766.0
2003Q3,11566669.0
2003Q4,11772234.0
2004Q1,11923447.0
2004Q2,12112815.0
2004Q3,12305307.0
2004Q4,12527214.0
2005Q1,12767286.0
2005Q2,12922656.0
2005Q3,13142642.0
2005Q4,13324204.0
2006Q1,13599160.0
2006Q2,13753424.0
2006Q3,13870188.0
2006Q4,14039560.0
2007Q1,14215651.0
2007Q2,14402082.0
2007Q3,14564117.0
2007Q4,14715058.0
2008Q1,14706538.0
2008Q2,14865701.0
2008Q3,14898999.0
2008Q4,14608209.0
2009Q1,14430902.0
2009Q2,14381236.0
2009Q3,14448882.0
2009Q4,14651249.0
2010Q1,14764610.0
2010Q2,14980193.0
2010Q3,15141607.0
2010Q4,15309474.0
2011Q1,15351448.0
2011Q2,15557539.0
2011Q3,15647680.0
2011Q4,15842259.0
2012Q1,16068805.0
2012Q2,16207115.0
2012Q3,16319541.0
2012Q4,16420419.000000002
2013Q1,16648188.999999998
2013Q2,16728687.000000002
2013Q3,16953838.0
2013Q4,17192019.0
2014Q1,17197738.0
2014Q2,17518508.0
2014Q3,17804228.0
2014Q4,17912079.0
2015Q1,18063529.0
2015Q2,18279784.0
2015Q3,18401626.0
2015Q4,18435137.0
2016Q1,18525933.0
2016Q2,18711702.0
2016Q3,18892639.0
2016Q4,19089379.0
2017Q1,19280084.0
2017Q2,19438643.0
2017Q3,19692595.0
2017Q4,20037088.0
2018Q1,20328553.0
2018Q2,20580912.0
2018Q3,20798730.0
2018Q4,20917867.0
2019Q1,21111600.0
2019Q2,21397938.0
2019Q3,21717171.0
2019Q4,21933217.0
2020Q1,21751238.0
2020Q2,19958291.0
2020Q3,21704437.0
2020Q4,22087160.0
2021Q1,22704650.0
2021Q2,23456708.0
2021Q3,23998844.0
2021Q4,24823190.0
2022Q1,25259992.0
2022Q2,25869353.0
2022Q3,26335374.0
2022Q4,26774117.0
2023Q1,27241282.0
2023Q2,27533925.0
2023Q3,28064032.0
2023Q4,28464306.0
2024Q1,28793191.0
2024Q2,29232964.0
2024Q3,29568256.0
2024Q4,29929552.0
2025Q1,30171979.0
2025Q2,30630174.0
2025Q3,31180493.0
2025Q4,31462523.0
2026Q1,31906274.0
2026Q2,32563030.0
