empresa,presentado,a_fecha,inicio_desde,inicio_hasta,plazo_min,plazo_max,plazo_medio,fichero,frase
CRWV,2025-05-15,2025-03-31,2025,2028,4,16,,CRWV_2025-05-15_crwv-20250331.htm,"not yet commenced. The aggregate amount of estimated future undiscounted lease payments associated with such leases is $ 19.9 billion. These leases will commence between 2025 and 2028 with estimated lease terms of four to 16 years. During the three months ended March 31, 2025, the Company modified certain agreements resulting in the termination of the related escrow agreements."
CRWV,2025-08-13,2025-06-30,2025,2028,4,16,,CRWV_2025-08-13_crwv-20250630.htm,"not yet commenced. The aggregate amount of estimated future undiscounted lease payments associated with such leases is $ 34.0 billion. These leases will commence between 2025 and 2028 with estimated lease terms of four to 16 years. During the six months ended June 30, 2025, the Company modified certain agreements resulting in the termination of the related escrow agreements. As"
CRWV,2025-11-13,2025-09-30,2025,2029,2,16,,CRWV_2025-11-13_crwv-20250930.htm,"not yet commenced. The aggregate amount of estimated future undiscounted lease payments associated with such leases is $ 39.1 billion. These leases will commence between 2025 and 2029 with estimated lease terms of two to 16 years. During the nine months ended September 30, 2025, the Company modified certain agreements resulting in the termination of the related escrow agreement"
CRWV,2026-03-02,2025-12-31,2026,2029,5,17,,CRWV_2026-03-02_crwv-20251231.htm,"Not Yet Commenced As of December 31, 2025, the Company executed additional lease agreements, primarily for data centers and office buildings, that had not yet commenced. The aggregate amount of estimated future undiscounted lease payments associated with such leases is $ 38.5 billion. These leases will commence between 2026 and 2029 with estimated lease terms of five to sevente"
CRWV,2026-05-08,2026-03-31,2026,2029,5,16,,CRWV_2026-05-08_crwv-20260331.htm,"Not Yet Commenced As of March 31, 2026, the Company executed additional lease agreements, primarily for data centers and office buildings, that had not yet commenced. The aggregate amount of estimated future undiscounted lease payments associated with such leases is $ 40.7 billion. These leases will commence between 2026 and 2029 with estimated lease terms of five to sixteen ye"
CRWV,2026-08-12,2026-06-30,2026,2029,7,16,,CRWV_2026-08-12_crwv-20260630.htm,"Not Yet Commenced As of June 30, 2026, the Company executed additional lease agreements, primarily for data centers, equipment, and office buildings, that had not yet commenced. The aggregate amount of estimated future undiscounted lease payments associated with such leases is $ 35.5 billion. These leases will commence between 2026 and 2029 with estimated lease terms of seven t"
EQIX,2019-05-03,,,,5,29,,EQIX_2019-05-03_eqix-33119x10q.htm,"not yet commenced as of March 31, 2019 . These leases will commence between fiscal years 2019 and 2020 , with lease terms of 5 to 29 years and a total lease commitment of approximately $273.7 million . 21 Table of Contents EQUINIX, INC. NOTES TO CONDENSED CONSOLIDATED FINANCIAL STATEMENTS – (Continued) (Unaudited) 8. Debt Facilities Mortgage and Loans Payable As of March 31, 20"
EQIX,2019-08-02,,,,5,29,,EQIX_2019-08-02_eqix-63019x10q.htm,"not yet commenced as of June 30, 2019 . These leases will commence between fiscal years 2019 and 2020 , with lease terms of 5 to 29 years and a total lease commitment of approximately $ 260.3 million . 23 Table of Contents EQUINIX, INC. NOTES TO CONDENSED CONSOLIDATED FINANCIAL STATEMENTS – (Continued) (Unaudited) 9. Debt Facilities Mortgage and Loans Payable As of June 30, 201"
EQIX,2019-11-01,,,,10,25,,EQIX_2019-11-01_eqix-93019x10q.htm,"not yet commenced as of September 30, 2019 . These leases will commence between fiscal years 2019 and 2020 , with lease terms of 10 to 25 years and a total lease commitment of approximately $ 41.8 million . 25 Table of Contents EQUINIX, INC. NOTES TO CONDENSED CONSOLIDATED FINANCIAL STATEMENTS – (Continued) (Unaudited) 9. Debt Facilities Mortgage and Loans Payable As of Septemb"
EQIX,2020-02-21,2019-12-31,,,10,49,,EQIX_2020-02-21_eqix2019123110k.htm,"not yet commenced as of December 31, 2019 . These leases will commence between fiscal years 2020 and 2022 , with lease terms of 10 to 49 years and total lease commitments of approximately $608.1 million , which are not reflected in the table above. Other Off-Balance-Sheet Arrangements We have various guarantor arrangements with both our directors and officers and third parties,"
EQIX,2020-05-07,,,,2,49,,EQIX_2020-05-07_eqix-33120x10q.htm,"not yet commenced as of March 31, 2020 . These leases will commence between fiscal years 2020 and 2022 , with lease terms of 2 to 49 years and a total lease commitment of approximately $ 680.8 million . 21 Table of Contents EQUINIX, INC. NOTES TO CONDENSED CONSOLIDATED FINANCIAL STATEMENTS – (Continued) (Unaudited) 9. Debt Facilities Mortgage and Loans Payable As of March 31, 2"
EQIX,2020-07-31,,,,1,49,,EQIX_2020-07-31_eqix-63020x10q.htm,"not yet commenced as of June 30, 2020 . These leases will commence between fiscal years 2020 and 2022 , with lease terms of 1 to 49 years and a total lease commitment of approximately $ 705.6 million . 10. Debt Facilities Mortgage and Loans Payable As of June 30, 2020 and December 31, 2019 , the Company's mortgage and loans payable consisted of the following (in thousands): Jun"
EQIX,2020-10-30,2020-09-30,2020,2022,10,49,,EQIX_2020-10-30_eqix-20200930.htm,"not yet commenced as of September 30, 2020. These leases will commence between 2020 and 2022, with lease terms of 10 to 49 years and a total lease commitment of approximately $ 682.0 million. 24 Table of Contents EQUINIX, INC. NOTES TO CONDENSED CONSOLIDATED FINANCIAL STATEMENTS - (Continued) (Unaudited) 10. Debt Facilities Mortgage and Loans Payable As of September 30, 2020 an"
EQIX,2021-02-19,2020-12-31,2021,2022,10,49,,EQIX_2021-02-19_eqix-20201231.htm,"not yet commenced as of December 31, 2020. These leases will commence between 2021 and 2022, with lease terms of 10 to 49 years and a total lease commitment of approximately $ 684.1 million. F-44 Table of Contents EQUINIX, INC. NOTES TO CONSOLIDATED FINANCIAL STATEMENTS - (Continued) 11. Debt Facilities Mortgage and Loans Payable The Company's mortgage and loans payable consist"
EQIX,2021-04-30,2021-03-31,2021,2023,10,47,,EQIX_2021-04-30_eqix-20210331.htm,"not yet commenced as of March 31, 2021. These lease agreements will commence between 2021 and 2023 with lease terms of 10 to 47 years and a total lease commitment of approximately $566.6 million, which are not reflected in the table above. In connection with certain of our leases and other contracts requiring deposits, we entered into 37 irrevocable letters of credit totaling $"
EQIX,2021-07-30,2021-06-30,2021,2023,12,20,,EQIX_2021-07-30_eqix-20210630.htm,"not yet commenced as of June 30, 2021. These lease agreements will commence between 2021 and 2023 with lease terms of 12 to 20 years and a total lease commitment of approximately $360.5 million, which are not reflected in the table above. In connection with certain of our leases and other contracts requiring deposits, we entered into 39 irrevocable letters of credit totaling $7"
EQIX,2021-11-04,2021-09-30,2021,2023,8,30,,EQIX_2021-11-04_eqix-20210930.htm,"not yet commenced as of September 30, 2021. These lease agreements will commence between 2021 and 2023 with lease terms of 8 to 30 years and a total lease commitment of approximately $387.1 million, which are not reflected in the table above. In connection with certain of our leases and other contracts requiring deposits, we entered into 38 irrevocable letters of credit totalin"
EQIX,2022-02-18,2021-12-31,,,3,27,,EQIX_2022-02-18_eqix-20211231.htm,"not yet commenced as of December 31, 2021. These leases will commence between year 2022 and 2024, with lease terms of 3 to 27 years and total lease commitments of approximately $ 915.6 million. F-43 Table of Contents EQUINIX, INC. NOTES TO CONSOLIDATED FINANCIAL STATEMENTS - (Continued) 11. Debt Facilities Mortgage and Loans Payable As of December 31, 2021 and 2020, our mortgag"
EQIX,2022-04-29,2022-03-31,,,5,27,,EQIX_2022-04-29_eqix-20220331.htm,"not yet commenced as of March 31, 2022. These leases will commence between year 2022 and 2024, with lease terms of 5 to 27 years and total lease commitments of approximately $ 888.0 million. 26 Table of Contents EQUINIX, INC. NOTES TO CONDENSED CONSOLIDATED FINANCIAL STATEMENTS - (Continued) (Unaudited) 10. Debt Facilities Mortgage and Loans Payable As of March 31, 2022 and Dec"
EQIX,2022-07-29,2022-06-30,,,3,27,,EQIX_2022-07-29_eqix-20220630.htm,"not yet commenced as of June 30, 2022. These leases will commence between year 2022 and 2024, with lease terms of 3 to 27 years and total lease commitments of approximately $ 557.9 million. 26 Table of Contents EQUINIX, INC. NOTES TO CONDENSED CONSOLIDATED FINANCIAL STATEMENTS - (Continued) (Unaudited) 10. Debt Facilities Mortgage and Loans Payable As of June 30, 2022 and Decem"
EQIX,2022-11-04,2022-09-30,,,2,26,,EQIX_2022-11-04_eqix-20220930.htm,"not yet commenced as of September 30, 2022. These leases will commence between year 2022 and 2025, with lease terms of 2 to 26 years and total lease commitments of approximately $ 551.5 million. 27 Table of Contents EQUINIX, INC. NOTES TO CONDENSED CONSOLIDATED FINANCIAL STATEMENTS - (Continued) (Unaudited) 10. Debt Facilities Mortgage and Loans Payable As of September 30, 2022"
EQIX,2023-02-17,2022-12-31,,,2,26,,EQIX_2023-02-17_eqix-20221231.htm,"not yet commenced as of December 31, 2022. These leases will commence between year 2023 and 2025, with lease terms of 2 to 26 years and total lease commitments of approximately $ 424.7 million. 11. Debt Facilities Mortgage and Loans Payable As of December 31, 2022 and 2021, our mortgage and loans payable consisted of the following (in thousands): 2022 2021 Term loans $ 619,090"
EQIX,2023-05-05,2023-03-31,,,2,20,,EQIX_2023-05-05_eqix-20230331.htm,"not yet commenced as of March 31, 2023. These leases will commence between year 2023 and 2025, with lease terms of 2 to 20 years and total lease commitments of approximately $ 468.1 million. 24 Table of Contents EQUINIX, INC. NOTES TO CONDENSED CONSOLIDATED FINANCIAL STATEMENTS - (Continued) (Unaudited) 10. Debt Facilities Mortgage and Loans Payable As of March 31, 2023 and Dec"
EQIX,2023-08-04,2023-06-30,,,3,20,,EQIX_2023-08-04_eqix-20230630.htm,"not yet commenced as of June 30, 2023. These leases will commence between year 2023 and 2026, with lease terms of 3 to 20 years and total lease commitments of approximately $ 567.4 million. 10. Debt Facilities Mortgage and Loans Payable As of June 30, 2023 and December 31, 2022, our mortgage and loans payable consisted of the following (in thousands): June 30, 2023 December 31,"
EQIX,2023-10-27,2023-09-30,,,5,20,,EQIX_2023-10-27_eqix-20230930.htm,"not yet commenced as of September 30, 2023. These leases will commence between year 2023 and 2026, with lease terms of 5 to 20 years and total lease commitments of approximately $ 509.4 million. 25 Table of Contents EQUINIX, INC. NOTES TO CONDENSED CONSOLIDATED FINANCIAL STATEMENTS - (Continued) (Unaudited) 10. Debt Facilities Mortgage and Loans Payable As of September 30, 2023"
EQIX,2024-02-16,2023-12-31,,,3,33,,EQIX_2024-02-16_eqix-20231231.htm,"not yet commenced as of December 31, 2023. These leases will commence between year 2024 and 2026, with lease terms of 3 to 33 years and total lease commitments of approximately $ 524.6 million. F-40 Table of Contents EQUINIX, INC. NOTES TO CONSOLIDATED FINANCIAL STATEMENTS - (Continued) 11. Debt Facilities Mortgage and Loans Payable As of December 31, 2023 and 2022, our mortgag"
EQIX,2024-05-08,2024-03-31,,,3,33,,EQIX_2024-05-08_eqix-20240331.htm,"not yet commenced as of March 31, 2024. These leases will commence between year 2024 and 2026, with lease terms of 3 to 33 years and total lease commitments of approximately $ 533 million. 8. Debt Facilities Mortgage and Loans Payable As of March 31, 2024 and December 31, 2023, our mortgage and loans payable consisted of the following (in millions): March 31, 2024 December 31,"
EQIX,2024-08-07,2024-06-30,,,2,33,,EQIX_2024-08-07_eqix-20240630.htm,"not yet commenced as of June 30, 2024. These leases will commence between year 2024 and 2026, with lease terms of 2 to 33 years and total lease commitments of approximately $ 509 million. 8. Debt Facilities Mortgage and Loans Payable As of June 30, 2024 and December 31, 2023, our mortgage and loans payable consisted of the following (in millions): June 30, 2024 December 31, 202"
EQIX,2024-10-30,2024-09-30,,,2,30,,EQIX_2024-10-30_eqix-20240930.htm,"not yet commenced as of September 30, 2024. These leases will commence between year 2024 and 2026, with lease terms of 2 to 30 years and total lease commitments of approximately $ 246 million. 24 Table of Contents EQUINIX, INC. NOTES TO CONDENSED CONSOLIDATED FINANCIAL STATEMENTS - (Continued) (Unaudited) 9. Debt Facilities Mortgage and Loans Payable As of September 30, 2024 an"
EQIX,2025-02-12,2024-12-31,2025,2026,2,30,,EQIX_2025-02-12_eqix-20241231.htm,"not yet commenced as of December 31, 2024. These leases will commence between 2025 and 2026, with lease terms of 2 to 30 years and total lease commitments of approximately $ 210 million. F-38 Table of Contents EQUINIX, INC. NOTES TO CONSOLIDATED FINANCIAL STATEMENTS - (Continued) 10. Debt Facilities Mortgage and Loans Payable As of December 31, 2024 and 2023, our mortgage and l"
EQIX,2025-04-30,2025-03-31,2025,2026,2,15,,EQIX_2025-04-30_eqix-20250331.htm,"not yet commenced as of March 31, 2025. These leases are expected to commence between 2025 and 2026, with lease terms of 2 to 15 years and total lease commitments of approximately $ 90 million. 21 Table of Contents EQUINIX, INC. NOTES TO CONDENSED CONSOLIDATED FINANCIAL STATEMENTS - (Continued) (Unaudited) 9. Debt Facilities Mortgage and Loans Payable Our mortgage and loans pay"
EQIX,2025-07-30,2025-06-30,2025,2027,1,15,,EQIX_2025-07-30_eqix-20250630.htm,"not yet commenced as of June 30, 2025. These leases are expected to commence between 2025 and 2027, with lease terms of 1 to 15 years and total lease commitments of approximately $ 103 million. 9. Debt Facilities Mortgage and Loans Payable Our mortgage and loans payable balance consisted of the following (in millions): June 30, 2025 December 31, 2024 Term loans $ 687 $ 628 Mort"
EQIX,2025-10-29,2025-09-30,2025,2027,2,99,,EQIX_2025-10-29_eqix-20250930.htm,"not yet commenced as of September 30, 2025. These leases are expected to commence between 2025 and 2027, with lease terms of 2 to 99 years and total lease commitments of approximately $ 94 million. 9. Debt Facilities Mortgage and Loans Payable Our mortgage and loans payable balance consisted of the following (in millions): September 30, 2025 December 31, 2024 Term loans $ 674 $"
EQIX,2026-02-11,2025-12-31,2026,2029,2,99,,EQIX_2026-02-11_eqix-20251231.htm,"not yet commenced as of December 31, 2025. These leases are expected to commence between 2026 and 2029, with lease terms of 2 to 99 years and total lease commitments of approximately $ 600 million. F-36 Table of Contents EQUINIX, INC. NOTES TO CONSOLIDATED FINANCIAL STATEMENTS - (Continued) 10. Debt Facilities Mortgage and Loans Payable As of December 31, 2025 and 2024, our mor"
EQIX,2026-04-29,2026-03-31,2026,2029,2,99,,EQIX_2026-04-29_eqix-20260331.htm,"not yet commenced as of March 31, 2026. These leases are expected to commence between 2026 and 2029, with lease terms of 2 to 99 years and total lease commitments of approximately $ 716 million. 8. Debt Facilities Mortgage and Loans Payable Our mortgage and loans payable balance consisted of the following (in millions): March 31, 2026 December 31, 2025 Term loans $ 1 $ 673 Mort"
EQIX,2026-07-29,2026-06-30,2026,2029,2,99,,EQIX_2026-07-29_eqix-20260630.htm,"not yet commenced as of June 30, 2026. These leases are expected to commence between 2026 and 2029, with lease terms of 2 to 99 years and total lease commitments of approximately $ 708 million. 8. Debt Facilities Mortgage and Loans Payable Our mortgage and loans payable balance consisted of the following (in millions): June 30, 2026 December 31, 2025 Term loans $ 1 $ 673 Mortga"
GOOGL,2019-04-30,,2019,2022,1,20,,GOOGL_2019-04-30_goog10-qq12019.htm,not yet commenced with future lease payments of $ 4.4 billion that are not reflected in the table above. These leases will commence between 2019 and 2022 with non-cancelable lease terms of 1 to 20 years. 18 Table of Contents Alphabet Inc. Note 5. Variable Interest Entities (VIEs) Consolidated VIEs We consolidate VIEs in which we hold a variable interest and are the primary bene
GOOGL,2019-07-26,,2019,2022,1,25,,GOOGL_2019-07-26_goog10-qq22019.htm,not yet commenced with future lease payments of $ 5.7 billion that are not reflected in the table above. These leases will commence between 2019 and 2022 with non-cancelable lease terms of 1 to 25 years. Note 5. Variable Interest Entities (VIEs) Consolidated VIEs We consolidate VIEs in which we hold a variable interest and are the primary beneficiary. We are the primary benefic
GOOGL,2019-10-29,,2019,2026,1,25,,GOOGL_2019-10-29_goog10-qq32019.htm,"not yet commenced with future lease payments of $ 7.7 billion , excluding purchase options, that are not yet recorded on our Consolidated Balance Sheets. These leases will commence between 2019 and 2026 with non-cancelable lease terms of 1 to 25 years. Note 5. Variable Interest Entities (VIEs) Consolidated VIEs We consolidate VIEs in which we hold a variable interest and are th"
GOOGL,2020-02-04,,2020,2026,1,25,,GOOGL_2020-02-04_goog10-k2019.htm,"not yet commenced with future lease payments of $ 7.4 billion , excluding purchase options, that are not yet recorded on our Consolidated Balance Sheets. These leases will commence between 2020 and 2026 with non-cancelable lease terms of 1 to 25 years. Supplemental Information for Comparative Periods As of December 31, 2018, prior to the adoption of Topic 842, future minimum pa"
GOOGL,2020-04-29,2020-03-31,2020,2026,1,25,,GOOGL_2020-04-29_goog-20200331.htm,"not yet commenced with future lease payments of $ 7.0 billion, excluding purchase options, that are not yet recorded on our Consolidated Balance Sheets. These leases will commence between 2020 and 2026 with non-cancelable lease terms of 1 to 25 years. Note 5. Variable Interest Entities (VIEs) Consolidated VIEs We consolidate VIEs in which we hold a variable interest and are the"
GOOGL,2020-07-31,2020-06-30,2020,2026,1,25,,GOOGL_2020-07-31_goog-20200630.htm,"not yet commenced with future lease payments of $ 7.3 billion, excluding purchase options, that are not yet recorded on our Consolidated Balance Sheets. These leases will commence between 2020 and 2026 with non-cancelable lease terms of 1 to 25 years. Note 5. Variable Interest Entities (VIEs) Consolidated VIEs We consolidate VIEs in which we hold a variable interest and are the"
GOOGL,2020-10-30,2020-09-30,2020,2026,1,25,,GOOGL_2020-10-30_goog-20200930.htm,"not yet commenced with future lease payments of $ 7.5 billion, excluding purchase options, that are not yet recorded on our Consolidated Balance Sheets. These leases will commence between 2020 and 2026 with non-cancelable lease terms of 1 to 25 years. Note 5. Variable Interest Entities (VIEs) Consolidated VIEs We consolidate VIEs in which we hold a variable interest and are the"
GOOGL,2021-02-03,2020-12-31,2021,2026,1,25,,GOOGL_2021-02-03_goog-20201231.htm,"not yet commenced with future lease payments of $8.0 billion, excluding purchase options, that are not yet recorded on our Consolidated Balance Sheets. These leases will commence between 2021 and 2026 with non-cancelable lease terms of 1 to 25 years. Depreciation of our property and equipment commences when the deployment of such assets are completed and are ready for our inten"
GOOGL,2021-04-28,2021-03-31,2021,2026,1,25,,GOOGL_2021-04-28_goog-20210331.htm,"not yet commenced with future lease payments of $8.0 billion, excluding purchase options, that are not yet recorded on our Consolidated Balance Sheets. These leases will commence between 2021 and 2026 with non-cancelable lease terms of 1 to 25 years. For the three months ended March 31, 2020 and 2021, our depreciation and impairment expenses on property and equipment were $2.9"
GOOGL,2021-07-28,2021-06-30,2021,2026,1,25,,GOOGL_2021-07-28_goog-20210630.htm,"not yet commenced with future lease payments of $7.4 billion, excluding purchase options, that are not yet recorded on our Consolidated Balance Sheets. These leases will commence between 2021 and 2026 with non-cancelable lease terms of 1 to 25 years. For the six months ended June 30, 2020 and 2021, our depreciation and impairment expenses on property and equipment were $6.1 bil"
GOOGL,2021-10-27,2021-09-30,2021,2026,1,25,,GOOGL_2021-10-27_goog-20210930.htm,"not yet commenced with future lease payments of $6.3 billion, excluding purchase options, that are not yet recorded on our Consolidated Balance Sheets. These leases will commence between 2021 and 2026 with non-cancelable lease terms of 1 to 25 years. For the nine months ended September 30, 2020 and 2021, our depreciation and impairment expenses on property and equipment were $9"
GOOGL,2022-02-02,2021-12-31,2022,2026,1,25,,GOOGL_2022-02-02_goog-20211231.htm,"not yet commenced with future short-term and long-term lease payments of $606 million and $5.2 billion, excluding purchase options, that are not yet recorded on our Consolidated Balance Sheets. These leases will commence between 2022 and 2026 with non-cancelable lease terms of 1 to 25 years. For the years ended December 31, 2020 and 2021, our operating lease expenses (including"
GOOGL,2022-04-27,2022-03-31,,,1,25,,GOOGL_2022-04-27_goog-20220331.htm,"not yet commenced with future lease paym ents of $5.8 billion , excluding purchase options, that are not yet recorded on our Consolidated Balance Sheets. These leases will commence betwee n 2022 and 2026 with non-cancelable lease terms of 1 to 25 years. For the three months ended March 31, 2021 and 2022, our operating lease expenses (including variable lease costs) were $794 mi"
GOOGL,2022-07-27,2022-06-30,2022,2026,1,25,,GOOGL_2022-07-27_goog-20220630.htm,"not yet commenced with future lease payments of $4.9 billion, excluding purchase options, that are not yet recorded on our Consolidated Balance Sheets. These leases will commence between 2022 and 2026 with non-cancelable lease terms of 1 to 25 years. 44 Table of Contents Alphabet Inc. For the six months ended June 30, 2021 and 2022, our operating lease expenses (including varia"
GOOGL,2023-02-03,2022-12-31,2023,2026,1,25,,GOOGL_2023-02-03_goog-20221231.htm,"not yet commenced with future short-term and long-term lease payments of $630 million and $3.1 billion that are not yet recorded on our Consolidated Balance Sheets. These leases will commence between 2023 and 2026 with non-cancelable lease terms of 1 to 25 years. For the years ended December 31, 2021 and 2022, our operating lease expenses (including variable lease costs) were $"
GOOGL,2023-04-26,2023-03-31,2023,2026,1,25,,GOOGL_2023-04-26_goog-20230331.htm,"not yet commenced with future lease payments of $3.0 billion, that are not yet recorded on our Consolidated Balance Sheets. These leases will commence between 2023 and 2026 with non-cancelable lease terms of 1 to 25 years. As of March 31, 2023 our actions to optimize our office space did not affect our operating lease obligations. For the three months ended March 31, 2022 and 2"
GOOGL,2023-07-26,2023-06-30,2023,2027,,,,GOOGL_2023-07-26_goog-20230630.htm,"not yet commenced with future lease payments of $2.9 billion , that are not yet recorded on our Consolidated Balance Sheets. These leases will commence between 2023 and 2027 w ith non-cancelable lease terms o f 1 to 34 ye ars. As of June 30, 2023 our actions to optimize our office space did not affect our operating lease obligations. 46 Table of Contents Alphabet Inc. For the s"
GOOGL,2023-10-25,2023-09-30,2023,2026,,,,GOOGL_2023-10-25_goog-20230930.htm,"not yet commenced with future lease payments of $3.5 billion , that are not yet recorded on our Consolidated Balance Sheets. These leases will commence between 2023 and 2026 w ith non-cancelable lease terms o f 1 to 25 years . As of September 30, 2023, our actions to optimize our office space did not affect our operating lease obligations. For the nine months ended September 30"
GOOGL,2024-01-31,2023-12-31,2024,2026,1,25,,GOOGL_2024-01-31_goog-20231231.htm,"not yet commenced with future short-term and long-term lease payments of $657 million and $3.3 billion, that are not yet recorded on our Consolidated Balance Sheets. These leases will commence between 2024 and 2026 with non-cancelable lease terms of one to 25 years. For the years ended December 31, 2022 and 2023, our operating lease expenses (including variable lease costs) wer"
GOOGL,2024-04-26,2024-03-31,2024,2026,,,,GOOGL_2024-04-26_goog-20240331.htm,"not yet commenced with future lease payments of $3.6 billion, that are not yet recorded on our Consolidated Balance Sheets. These leases will commence between 2024 and 2026 w ith non-cancelable lease terms o f one to 25 years. For the three months ended March 31, 2023 and 2024, our operating lease expenses (including variable lease costs) were $1.1 billion and $1.1 billion, res"
GOOGL,2024-07-24,2024-06-30,2024,2027,1,25,,GOOGL_2024-07-24_goog-20240630.htm,"not yet commenced with future lease payments of $5.2 billion, that are not yet recorded on our Consolidated Balance Sheets. These leases will commence between 2024 and 2027 with non-cancelable lease terms of one to 25 years. For the six months ended June 30, 2023 and 2024, our operating lease expenses (including variable lease costs) were $2.2 billion and $2.3 billion, respecti"
GOOGL,2024-10-30,2024-09-30,2024,2027,1,25,,GOOGL_2024-10-30_goog-20240930.htm,"not yet commenced with future lease payments of $6.1 billion, that are not yet recorded on our Consolidated Balance Sheets. These leases will commence between 2024 and 2027 with non-cancelable lease terms of one to 25 years. For the nine months ended September 30, 2023 and 2024, our operating lease expenses (including variable lease costs) were $3.4 billion and $3.5 billion, re"
GOOGL,2025-02-05,2024-12-31,2025,2028,1,25,,GOOGL_2025-02-05_goog-20241231.htm,"not yet commenced with future short-term and long-term lease payments of $773 million and $6.5 billion, respectively, that are not yet recorded on our Consolidated Balance Sheets. These leases will commence between 2025 and 2028 with non-cancelable lease terms of one to 25 years. For the years ended December 31, 2023 and 2024, our operating lease expenses (including variable le"
GOOGL,2025-04-25,2025-03-31,2025,2031,,,,GOOGL_2025-04-25_goog-20250331.htm,"not yet commenced with future lease payments of $ 17.3 billion, that are not yet recorded on our Consolidated Balance Sheets. These leases will commence between 2025 and 2031 with non-cancelable lease terms between one and 25 years. 20 Note 5. Variable Interest Entities Consolidated VIEs We consolidate VIEs in which we hold a variable interest and are the primary beneficiary. T"
GOOGL,2025-07-24,2025-06-30,2025,2031,,,,GOOGL_2025-07-24_goog-20250630.htm,"not yet commenced with future lease payments of $ 23.9 billion, that are not yet recorded on our Consolidated Balance Sheets. These leases will commence between 2025 and 2031 with non-cancelable lease terms between one and 25 years. 22 Note 5. Variable Interest Entities Consolidated VIEs We consolidate VIEs in which we hold a variable interest and are the primary beneficiary. T"
GOOGL,2025-10-30,2025-09-30,2025,2031,,,,GOOGL_2025-10-30_goog-20250930.htm,"not yet commenced with future lease payments of $ 42.6 billion, including a purchase option considered reasonably certain to be exercised, that are not yet recorded on our Consolidated Balance Sheet. These leases will commence between 2025 and 2031 with non-cancelable lease terms between one and 25 years. 22 Note 5. Variable Interest Entities Consolidated VIEs We consolidate VI"
GOOGL,2026-02-05,2025-12-31,2026,2031,,,,GOOGL_2026-02-05_goog-20251231.htm,"not yet commenced with short-term and long-term future lease payments of $5.8 billion and $52.7 billion, respectively. These leases will commence between 2026 and 2031 with non-cancelable lease terms primarily between one and 25 years. In January 2026, we executed a power purchase agreement which we expect to be accounted for as a lease resulting in future payments depending on"
GOOGL,2026-04-30,2026-03-31,2026,2031,,,,GOOGL_2026-04-30_goog-20260331.htm,"not yet commenced, which are expected to be accounted for as finance leases. Future lease payments as of March 31, 2026 were as follows (in millions): Operating Leases Finance Leases Remainder of 2026 $ 2,485 $ 144 2027 3,229 349 2028 2,643 339 2029 2,186 319 2030 1,797 247 Thereafter 6,467 1,237 Total undiscounted lease payments 18,807 2,635 Less: imputed interest ( 2,646 ) ("
GOOGL,2026-07-23,2026-06-30,2026,2031,,,,GOOGL_2026-07-23_goog-20260630.htm,"not yet commenced, respectively, which are expected to be accounted for as finance leases. Future lease payments as of June 30, 2026 were as follows (in millions): Operating Leases Finance Leases Remainder of 2026 $ 1,836 $ 206 2027 3,498 387 2028 2,979 377 2029 2,576 356 2030 2,046 285 Thereafter 8,398 1,309 Total undiscounted lease payments 21,333 2,920 Less: imputed interest"
META,2019-04-25,,2019,2022,,,,META_2019-04-25_fb-03312019x10q.htm,"not yet commenced with lease obligations of $5.77 billion and $429 million , respectively. These operating and finance leases will commence between 2019 and 2022 with lease terms of greater than one year to 25 years. This table does not include lease payments that were not fixed at commencement or modification. Supplemental cash flow information related to leases are as follows"
META,2019-07-25,,2019,2022,,,,META_2019-07-25_fb-06302019x10q.htm,"not yet commenced with lease obligations of $ 4.82 billion and $ 471 million , respectively. These operating and finance leases will commence between 2019 and 2022 with lease terms of greater than one year to 25 years. This table does not include lease payments that were not fixed at commencement or modification. Supplemental cash flow information related to leases are as follo"
META,2020-01-30,,2020,2023,,,,META_2020-01-30_fb-12312019x10k.htm,"not yet commenced with lease obligations of approximately $ 5.04 billion and $ 317 million , respectively. These operating and finance leases will commence between 2020 and 2023 with lease terms of greater than one year to 25 years. The table above does not include lease payments that were not fixed at commencement or lease modification. Supplemental cash flow information relat"
META,2021-01-28,2020-12-31,2021,2025,,,,META_2021-01-28_fb-20201231.htm,"not yet commenced, with lease obligations of approximately $ 7.41 billion and $ 443 million, respectively, mostly for offices, data centers and network equipment. These operating and finance leases will commence between 2021 and 2025 with lease terms of greater than one year to 30 years. Supplemental cash flow information related to leases for the years ended December 31, 2020"
META,2022-02-03,2021-12-31,2022,2028,,,,META_2022-02-03_fb-20211231.htm,"not yet commenced, with lease obligations of approximately $ 8.34 billion and $ 1.62 billion, respectively, mostly for offices, data centers, and network infrastructure. These operating and finance leases will commence between 2022 and 2028 with lease terms of greater than one year to 30 years. Supplemental cash flow information related to leases is as follows (in millions): Ye"
META,2023-02-02,2022-12-31,2023,2028,,,,META_2023-02-02_meta-20221231.htm,"not yet commenced, with lease obligations of approximately $ 8.36 billion and $ 1.43 billion, respectively, mostly for data centers, offices, network infrastructure, and colocations. These operating and finance leases will commence between 2023 and 2028 with lease terms of greater than one year to 30 years. Supplemental cash flow information related to leases is as follows (in"
META,2024-02-02,2023-12-31,2024,2028,,,,META_2024-02-02_meta-20231231.htm,"not yet commenced, with lease obligations of approximately $ 7.07 billion and $ 1.37 billion, respectively, mostly for data centers, colocations, and network infrastructure. These operating and finance leases will commence between 2024 and 2028 with lease terms of greater than one year to 30 years. 111 Table of Contents Supplemental cash flow information related to leases is as"
META,2025-01-30,2024-12-31,2025,2030,,,,META_2025-01-30_meta-20241231.htm,"not yet commenced, with total lease obligations of approximately $ 34.12 billion, mostly for data centers, network infrastructure, and colocations. These operating and finance leases will commence between 2025 and 2030 with lease terms of greater than one year to 30 years. Supplemental cash flow information related to leases is as follows (in millions): Year Ended December 31,"
META,2026-01-29,2025-12-31,2026,2030,,,,META_2026-01-29_meta-20251231.htm,"not yet commenced, with total lease obligations of approximately $103.77 billion, mostly for data centers, colocations, and network infrastructure, as of December 31, 2025. These operating and finance leases will commence between 2026 and 2030 with lease terms of greater than one year to 30 years. We also have $131.05 billion of contractual commitments as of December 31, 2025,"
META,2026-07-30,2026-06-30,2027,2027,18,20,,META_2026-07-30_meta-20260630.htm,"not yet commenced as of June 30, 2026. These lease obligations were approximately $ 278.99 billion, consisting of data centers, colocations, and certain network infrastructure, which will commence during the remainder of 2026 through 2036 with lease terms ranging from greater than one year to 30 years. In July 2026, we entered into additional data center leases with lease oblig"
