empresa,trimestre,deuda_declarada,largo_no_corriente,largo_corriente,corto_plazo,precio,fuera_balance,deuda_ajustada,g3_precio,pct_g3_precio
AMZN,2008Q4,409.0,409.0,,,,0.0,409.0,,
AMZN,2009Q2,109.0,109.0,,,,0.0,109.0,,
AMZN,2009Q3,116.0,116.0,,,,0.0,116.0,,
AMZN,2009Q4,109.0,109.0,,,,0.0,109.0,,
AMZN,2010Q1,131.0,131.0,,,,0.0,131.0,,
AMZN,2010Q2,132.0,132.0,,,,0.0,132.0,,
AMZN,2010Q3,164.0,164.0,,,,0.0,164.0,,
AMZN,2010Q4,184.0,184.0,,,,0.0,184.0,,
AMZN,2011Q4,384.0,255.0,129.0,,,0.0,384.0,,
AMZN,2012Q4,3663.0,3084.0,579.0,,,0.0,3663.0,,
AMZN,2013Q1,3692.0,3040.0,652.0,,,0.0,3692.0,,
AMZN,2013Q2,3733.0,3042.0,691.0,,,0.0,3733.0,,
AMZN,2013Q3,3723.0,3043.0,680.0,,,0.0,3723.0,,
AMZN,2013Q4,3944.0,3191.0,753.0,,,0.0,3944.0,,
AMZN,2014Q1,3931.0,3147.0,784.0,,,0.0,3931.0,,
AMZN,2014Q2,3979.0,3119.0,860.0,,,0.0,3979.0,,
AMZN,2014Q3,3963.0,3099.0,864.0,,,0.0,3963.0,,
AMZN,2014Q4,9785.0,8265.0,1520.0,,,0.0,9785.0,,
AMZN,2015Q1,9634.0,8257.0,1377.0,,18.604999542236328,0.0,9634.0,,
AMZN,2015Q2,9509.0,8250.0,1259.0,,21.704500198364254,0.0,9509.0,,
AMZN,2015Q3,9360.0,8243.0,1117.0,,25.594499588012695,0.0,9360.0,,
AMZN,2015Q4,8465.0,8227.0,238.0,,33.794498443603516,0.0,8465.0,,
AMZN,2016Q1,8309.0,8219.0,90.0,,29.68199920654297,0.0,8309.0,,
AMZN,2016Q2,8253.0,8212.0,41.0,,35.78099822998047,0.0,8253.0,,
AMZN,2016Q3,8253.0,8205.0,48.0,,41.865501403808594,0.0,8253.0,,
AMZN,2016Q4,8750.0,7694.0,1056.0,,37.493499755859375,0.0,8750.0,,
AMZN,2017Q1,8740.0,7691.0,1049.0,,44.32699966430664,0.0,8740.0,,
AMZN,2017Q2,8746.0,7683.0,1063.0,,48.400001525878906,0.0,8746.0,,
AMZN,2017Q3,25747.0,24710.0,1037.0,,48.067501068115234,0.0,25747.0,,
AMZN,2017Q4,24843.0,24743.0,100.0,,58.4734992980957,0.0,24843.0,,
AMZN,2018Q1,24693.0,24640.0,53.0,,72.36699676513672,0.0,24693.0,1.3583200124827417,0.9411764705882353
AMZN,2018Q2,24669.0,24638.0,31.0,,84.98999786376953,0.0,24669.0,1.3650139559167012,1.0
AMZN,2018Q3,24728.0,24684.0,44.0,,100.1500015258789,0.0,24728.0,1.3642916087911825,0.9705882352941176
AMZN,2018Q4,24866.0,23495.0,1371.0,,75.09850311279297,0.0,24866.0,0.7985026053511358,0.7058823529411765
AMZN,2019Q1,24930.0,23322.0,1608.0,,89.0374984741211,0.0,24930.0,1.098516837425286,0.8823529411764706
AMZN,2019Q2,24965.0,23329.0,1636.0,,94.68150329589844,0.0,24965.0,0.973101685373197,0.7647058823529411
AMZN,2019Q3,25313.0,22472.0,2841.0,,86.79550170898438,0.0,25313.0,0.7290926644271282,0.5882352941176471
AMZN,2019Q4,24719.0,23414.0,1305.0,,92.39199829101562,0.0,24719.0,0.9018727982081548,0.7352941176470589
AMZN,2020Q1,24748.0,23437.0,1311.0,,97.48600006103516,0.0,24748.0,0.7881148139436882,0.6470588235294118
AMZN,2020Q2,34282.0,33128.0,1154.0,,137.9409942626953,0.0,34282.0,1.047326170664184,0.8529411764705882
AMZN,2020Q3,33084.0,32929.0,155.0,,157.43649291992188,0.0,33084.0,1.1864158621092653,0.9117647058823529
AMZN,2020Q4,32971.0,31816.0,1155.0,,162.84649658203125,0.0,32971.0,1.02423437018228,0.8235294117647058
AMZN,2021Q1,33024.0,31868.0,1156.0,,154.70399475097656,0.0,33024.0,0.7597632301347383,0.6176470588235294
AMZN,2021Q2,51437.0,50279.0,1158.0,,172.00799560546875,0.0,51437.0,0.7050073844358611,0.5294117647058824
AMZN,2021Q3,51055.0,50055.0,1000.0,,164.2519989013672,0.0,51055.0,0.49473274981424287,0.38235294117647056
AMZN,2021Q4,50553.0,48744.0,1491.0,318.0,166.7169952392578,0.0,50553.0,0.7974971089541859,0.6764705882352942
AMZN,2022Q1,50237.0,47556.0,2681.0,,162.99749755859375,0.0,50237.0,0.6046772361206616,0.4411764705882353
AMZN,2022Q2,63286.0,58053.0,4998.0,235.0,106.20999908447266,0.0,63286.0,0.11489959554377804,0.17647058823529413
AMZN,2022Q3,64266.0,58919.0,4247.0,1100.0,113.0,0.0,64266.0,0.26383302201813896,0.3235294117647059
AMZN,2022Q4,71349.0,67150.0,2999.0,1200.0,84.0,0.0,71349.0,-0.09522357747236923,0.058823529411764705
AMZN,2023Q1,70184.0,67084.0,2000.0,1100.0,103.29000091552734,0.0,70184.0,0.057831796305892046,0.14705882352941177
AMZN,2023Q2,68189.0,63092.0,3997.0,1100.0,130.36000061035156,0.0,68189.0,-0.05652615726178617,0.11764705882352941
AMZN,2023Q3,67259.0,61098.0,5995.0,166.0,127.12000274658205,0.0,67259.0,-0.21389061356009653,0.029411764705882353
AMZN,2023Q4,66955.0,58314.0,8494.0,147.0,151.94000244140625,0.0,66955.0,-0.06932229618837263,0.08823529411764706
AMZN,2024Q1,66532.0,57634.0,8848.0,50.0,180.3800048828125,0.0,66532.0,0.15355218399542148,0.2647058823529412
AMZN,2024Q2,62394.0,54889.0,7429.0,76.0,193.25,0.0,62394.0,0.11644372565621594,0.20588235294117646
AMZN,2024Q3,60226.0,54890.0,5248.0,88.0,186.3300018310547,0.0,60226.0,0.12611747790426128,0.23529411764705882
AMZN,2024Q4,57791.0,52623.0,5017.0,151.0,219.38999938964844,0.0,57791.0,0.2745532295634989,0.35294117647058826
AMZN,2025Q1,58464.0,53374.0,5014.0,76.0,190.2599945068359,0.0,58464.0,0.15465668061878174,0.29411764705882354
AMZN,2025Q2,55896.0,50718.0,5005.0,173.0,219.38999938964844,0.0,55896.0,0.7254327074554553,0.5588235294117647
AMZN,2025Q3,54959.0,50742.0,3997.0,220.0,219.57000732421875,0.0,54959.0,0.6642833029260057,0.47058823529411764
AMZN,2025Q4,68851.0,65648.0,2748.0,455.0,230.82000732421875,0.0,68851.0,1.010821418880245,0.7941176470588235
AMZN,2026Q1,122058.0,119074.0,2832.0,152.0,208.27000427246097,0.0,122058.0,0.7012947604827725,0.5
AMZN,2026Q2,132549.0,128894.0,3330.0,325.0,238.33999633789065,0.0,132549.0,0.6033983516461888,0.4117647058823529
CRWV,2024Q4,7926.0,5458.0,2468.0,,,0.0,7926.0,,
CRWV,2025Q1,8711.666,4935.071,3776.595,,37.08000183105469,0.0,8711.666,,
CRWV,2025Q2,11051.501,7423.837,3627.664,,163.05999755859375,0.0,11051.501,,
CRWV,2025Q3,14034.934,10322.757,3712.177,,136.85000610351562,0.0,14034.934,,
CRWV,2025Q4,21373.0,14665.0,6708.0,,71.61000061035156,0.0,21373.0,,
CRWV,2026Q1,24859.0,17312.0,7547.0,,77.47000122070312,0.0,24859.0,,
GOOGL,2014Q4,5002.0,2992.0,10.0,2000.0,,0.0,5002.0,,
GOOGL,2015Q3,3231.0,1994.0,1237.0,,31.617639541625977,0.0,3231.0,,
GOOGL,2015Q4,5220.0,1995.0,1225.0,2000.0,38.5338249206543,0.0,5220.0,,
GOOGL,2016Q1,3210.0,1987.0,1223.0,,37.78544235229492,0.0,3210.0,,
GOOGL,2016Q2,2204.0,1984.0,220.0,,34.84492492675781,0.0,2204.0,,
GOOGL,2016Q3,3938.0,3938.0,0.0,,39.82404327392578,0.0,3938.0,,
GOOGL,2016Q4,3935.0,3935.0,0.0,0.0,39.249019622802734,0.0,3935.0,,
GOOGL,2017Q1,3937.0,3937.0,,,41.99043655395508,0.0,3937.0,,
GOOGL,2017Q2,3939.0,3939.0,,,46.04583740234375,0.0,3939.0,,
GOOGL,2017Q3,3941.0,3941.0,,,48.22708511352539,0.0,3941.0,,
GOOGL,2017Q4,3943.0,3943.0,,0.0,52.17353057861328,0.0,3943.0,,
GOOGL,2018Q1,5244.0,3944.0,,1300.0,51.368194580078125,0.0,5244.0,,
GOOGL,2018Q2,3947.0,3947.0,,0.0,55.92731475830078,0.0,3947.0,,
GOOGL,2018Q3,3948.0,3948.0,,0.0,59.78510665893555,0.0,3948.0,0.6370413992193454,0.6875
GOOGL,2018Q4,3950.0,3950.0,,0.0,51.75551986694336,0.0,3950.0,0.2949946656075741,0.15625
GOOGL,2019Q1,3952.0,3952.0,,0.0,58.28982925415039,0.0,3952.0,0.43350371731395804,0.40625
GOOGL,2019Q2,3954.0,3954.0,,0.0,53.629676818847656,0.0,3954.0,0.4311950864533308,0.375
GOOGL,2019Q3,3956.0,3956.0,,0.0,60.481475830078125,0.0,3956.0,0.4178663012719454,0.3125
GOOGL,2019Q4,3958.0,3958.0,0.0,0.0,66.33824920654297,0.0,3958.0,0.524840175798344,0.59375
GOOGL,2020Q1,3960.0,3960.0,,0.0,57.54986953735352,0.0,3960.0,0.31520997696175707,0.1875
GOOGL,2020Q2,4099.0,2963.0,1136.0,0.0,70.23416900634766,0.0,4099.0,0.42219756497993177,0.34375
GOOGL,2020Q3,14901.0,13902.0,999.0,0.0,72.58926391601562,0.0,14901.0,0.40889623590287194,0.28125
GOOGL,2020Q4,14931.0,13932.0,999.0,0.0,86.80598449707031,0.0,14931.0,0.5091002758649388,0.53125
GOOGL,2021Q1,14887.0,13887.0,1000.0,0.0,102.15393829345705,0.0,14887.0,0.6874616760960476,0.71875
GOOGL,2021Q2,14328.0,14328.0,0.0,0.0,120.93868255615234,0.0,14328.0,0.771230764495514,0.78125
GOOGL,2021Q3,14288.0,14288.0,0.0,0.0,132.4159698486328,0.0,14288.0,0.7951916770095153,0.8125
GOOGL,2021Q4,14817.0,14817.0,0.0,0.0,143.4866180419922,0.0,14817.0,1.019710686235681,0.90625
GOOGL,2022Q1,14791.0,14791.0,,0.0,137.7566375732422,0.0,14791.0,0.8600610097163559,0.84375
GOOGL,2022Q2,14734.0,14734.0,,0.0,107.9359130859375,0.0,14734.0,0.6994350667915025,0.75
GOOGL,2022Q3,14653.0,14653.0,,0.0,94.74840545654295,0.0,14653.0,0.44888788134033086,0.4375
GOOGL,2022Q4,14701.0,14701.0,0.0,0.0,87.39835357666016,0.0,14701.0,0.27570980273658163,0.125
GOOGL,2023Q1,14696.0,13697.0,999.0,0.0,102.75223541259766,0.0,14696.0,0.5796687407590685,0.625
GOOGL,2023Q2,14704.0,13705.0,999.0,0.0,118.57169342041016,0.0,14704.0,0.523682854803527,0.5625
GOOGL,2023Q3,14781.0,13781.0,1000.0,0.0,129.6265106201172,0.0,14781.0,0.5798402893024377,0.65625
GOOGL,2023Q4,12870.0,11870.0,1000.0,0.0,138.37326049804688,0.0,12870.0,0.46627925491486244,0.46875
GOOGL,2024Q1,13228.0,13228.0,0.0,0.0,149.50732421875,0.0,13228.0,0.380864508516948,0.21875
GOOGL,2024Q2,13238.0,13238.0,0.0,0.0,180.64012145996097,0.0,13238.0,0.4012231113695971,0.25
GOOGL,2024Q3,14296.0,12297.0,999.0,1000.0,164.69349670410156,0.0,14296.0,0.2181378962760742,0.0625
GOOGL,2024Q4,14182.0,10883.0,999.0,2300.0,188.19541931152344,0.0,14182.0,0.27123911059541383,0.09375
GOOGL,2025Q1,14386.0,10886.0,1000.0,2500.0,153.9147186279297,0.0,14386.0,0.1109100413584252,0.03125
GOOGL,2025Q2,27607.0,23607.0,1000.0,3000.0,175.6157989501953,0.0,27607.0,0.4867609947545169,0.5
GOOGL,2025Q3,26602.0,21607.0,1995.0,3000.0,242.4694366455078,0.0,26602.0,0.9396506531167792,0.875
GOOGL,2025Q4,48543.0,46547.0,1996.0,0.0,312.3923034667969,0.0,48543.0,1.2737833361836115,1.0
GOOGL,2026Q1,79499.0,77501.0,1998.0,,287.2037353515625,0.0,79499.0,1.0278712342081902,0.9375
GOOGL,2026Q2,100164.0,98165.0,1999.0,0.0,357.14044189453125,0.0,100164.0,1.1026113136838538,0.96875
META,2011Q4,0.0,0.0,,,,0.0,0.0,,
META,2012Q4,1500.0,1500.0,,,,0.0,1500.0,,
META,2013Q1,1500.0,1500.0,,,,0.0,1500.0,,
META,2013Q2,1500.0,1500.0,,,,0.0,1500.0,,
META,2013Q3,0.0,0.0,,,,0.0,0.0,,
META,2013Q4,0.0,0.0,,,,0.0,0.0,,
META,2014Q4,0.0,,,0.0,,0.0,0.0,,
META,2015Q4,201.0,,,201.0,,0.0,201.0,,
META,2016Q4,0.0,,,0.0,,0.0,0.0,,
META,2021Q4,0.0,0.0,,,333.15911865234375,0.0,0.0,,
META,2022Q3,9922.0,9922.0,,,134.39279174804688,0.0,9922.0,,
META,2022Q4,9923.0,9923.0,,,119.19834899902344,0.0,9923.0,,
META,2023Q1,9925.0,9925.0,,,209.92938232421875,0.0,9925.0,,
META,2023Q2,18382.0,18382.0,,,284.25750732421875,0.0,18382.0,,
META,2023Q3,18383.0,18383.0,,,297.3619384765625,0.0,18383.0,,
META,2023Q4,18385.0,18385.0,,,350.60205078125,0.0,18385.0,,
META,2024Q1,18387.0,18387.0,,,481.4837341308594,0.0,18387.0,,
META,2024Q2,18389.0,18389.0,,,500.4628601074219,0.0,18389.0,,
META,2024Q3,28823.0,28823.0,,,568.7166137695312,0.0,28823.0,,
META,2024Q4,28826.0,28826.0,,,582.1707763671875,0.0,28826.0,,
META,2025Q1,28829.0,28829.0,,,573.582763671875,0.0,28829.0,,
META,2025Q2,28832.0,28832.0,,,735.0987548828125,0.0,28832.0,0.7913846409270134,0.4
META,2025Q3,28834.0,28834.0,,,731.8973388671875,0.0,28834.0,1.6948734628527955,0.8
META,2025Q4,58744.0,58744.0,,,658.39501953125,0.0,58744.0,1.709016180975293,1.0
META,2026Q1,58748.0,58748.0,,,571.1494750976562,0.0,58748.0,1.0008797536345126,0.6
META,2026Q2,83664.0,83664.0,,,562.8457641601562,0.0,83664.0,0.6831250938002313,0.2
MSFT,2009Q2,5746.0,3746.0,,2000.0,,0.0,5746.0,,
MSFT,2009Q3,5996.0,3746.0,,2250.0,,0.0,5996.0,,
MSFT,2009Q4,5995.0,3746.0,,2249.0,,0.0,5995.0,,
MSFT,2010Q1,5995.0,3746.0,,2249.0,,0.0,5995.0,,
MSFT,2010Q2,5939.0,4939.0,,1000.0,,0.0,5939.0,,
MSFT,2010Q3,10665.0,9665.0,,1000.0,,0.0,10665.0,,
MSFT,2010Q4,9671.0,9671.0,,0.0,,0.0,9671.0,,
MSFT,2011Q1,11915.0,11915.0,,0.0,,0.0,11915.0,,
MSFT,2011Q2,11921.0,11921.0,0.0,0.0,,0.0,11921.0,,
MSFT,2011Q3,11927.0,11927.0,,,,0.0,11927.0,,
MSFT,2012Q1,11938.0,11938.0,,,,0.0,11938.0,,
MSFT,2012Q2,11944.0,10713.0,1231.0,,,0.0,11944.0,,
MSFT,2012Q3,11950.0,9714.0,2236.0,,,0.0,11950.0,,
MSFT,2012Q4,14188.0,11947.0,2241.0,,,0.0,14188.0,,
MSFT,2013Q1,14195.0,11949.0,2246.0,,,0.0,14195.0,,
MSFT,2013Q2,15600.0,12601.0,2999.0,0.0,,0.0,15600.0,,
MSFT,2013Q3,15932.0,12632.0,2000.0,1300.0,,0.0,15932.0,,
MSFT,2013Q4,22976.0,20676.0,2000.0,300.0,,0.0,22976.0,,
MSFT,2014Q1,22679.0,20679.0,2000.0,0.0,,0.0,22679.0,,
MSFT,2014Q2,22645.0,20645.0,0.0,2000.0,,0.0,22645.0,,
MSFT,2014Q3,23720.0,18472.0,1748.0,3500.0,,0.0,23720.0,,
MSFT,2014Q4,28309.0,18260.0,1749.0,8300.0,,0.0,28309.0,,
MSFT,2015Q1,31843.0,27644.0,2499.0,1700.0,34.685386657714844,0.0,31843.0,,
MSFT,2015Q2,35307.0,27808.0,2499.0,5000.0,37.90734100341797,0.0,35307.0,,
MSFT,2015Q3,38569.0,27819.0,750.0,10000.0,38.252384185791016,0.0,38569.0,,
MSFT,2015Q4,44429.0,40679.0,750.0,3000.0,48.27262115478515,0.0,44429.0,,
MSFT,2016Q1,46396.0,40896.0,0.0,5500.0,48.40013122558594,0.0,46396.0,,
MSFT,2016Q2,53457.0,40557.0,0.0,12900.0,45.15583801269531,0.0,53457.0,,
MSFT,2016Q3,74654.0,60154.0,,14500.0,51.14691925048828,0.0,74654.0,,
MSFT,2016Q4,85005.0,59306.0,599.0,25100.0,55.55105209350586,0.0,85005.0,,
MSFT,2017Q1,84021.0,76222.0,599.0,7200.0,59.23355484008789,0.0,84021.0,,
MSFT,2017Q2,86222.0,76073.0,1049.0,9100.0,62.349998474121094,0.0,86222.0,,
MSFT,2017Q3,85505.0,76255.0,1050.0,8200.0,67.73822021484375,0.0,85505.0,,
MSFT,2017Q4,89294.0,73348.0,3446.0,12500.0,78.17733001708984,0.0,89294.0,,
MSFT,2018Q1,77158.0,73480.0,3447.0,231.0,83.80597686767578,0.0,77158.0,0.8821858634803205,0.6176470588235294
MSFT,2018Q2,76240.0,72242.0,3998.0,0.0,90.93816375732422,0.0,76240.0,0.8750349690350893,0.5882352941176471
MSFT,2018Q3,76230.0,69733.0,6497.0,0.0,105.87791442871094,0.0,76230.0,1.0180807896803306,0.8529411764705882
MSFT,2018Q4,73169.0,69653.0,3516.0,0.0,94.43453216552734,0.0,73169.0,0.6710422629576265,0.4117647058823529
MSFT,2019Q1,73100.0,66585.0,6515.0,0.0,110.1228256225586,0.0,73100.0,0.8220938144394995,0.5294117647058824
MSFT,2019Q2,72178.0,66662.0,5516.0,0.0,125.54400634765624,0.0,72178.0,1.0225367711867308,0.8823529411764706
MSFT,2019Q3,69495.0,66478.0,3017.0,,130.72935485839844,0.0,69495.0,0.9384269317685606,0.7058823529411765
MSFT,2019Q4,69608.0,63361.0,6247.0,,148.78924560546875,0.0,69608.0,0.9852283901469421,0.7352941176470589
MSFT,2020Q1,66610.0,62862.0,3748.0,,149.2051544189453,0.0,66610.0,0.9238340481687489,0.6470588235294118
MSFT,2020Q2,63327.0,59578.0,3749.0,,193.07144165039065,0.0,63327.0,1.1302966367495109,0.9705882352941176
MSFT,2020Q3,63552.0,57055.0,6497.0,,200.0240020751953,0.0,63552.0,1.0827867964485325,0.9411764705882353
MSFT,2020Q4,60523.0,55136.0,5387.0,,212.0753936767578,0.0,60523.0,0.9979621339580024,0.8235294117647058
MSFT,2021Q1,58058.0,50007.0,8051.0,,225.32228088378903,0.0,58058.0,0.9890274088916357,0.7647058823529411
MSFT,2021Q2,58146.0,50074.0,8072.0,,259.49334716796875,0.0,58146.0,1.0485513087708656,0.9117647058823529
MSFT,2021Q3,53288.0,50039.0,3249.0,,270.5662536621094,0.0,53288.0,0.9382303189899868,0.6764705882352942
MSFT,2021Q4,53258.0,48260.0,4998.0,,323.3660583496094,0.0,53258.0,1.2308781759996767,1.0
MSFT,2022Q1,49926.0,48177.0,1749.0,,297.0477294921875,0.0,49926.0,0.9922964918210302,0.7941176470588235
MSFT,2022Q2,49781.0,47032.0,2749.0,,248.0246124267578,0.0,49781.0,0.680871639599312,0.4411764705882353
MSFT,2022Q3,48622.0,45374.0,3248.0,,225.3924560546875,0.0,48622.0,0.5447139392551004,0.29411764705882354
MSFT,2022Q4,48116.0,44119.0,3997.0,,232.7434844970703,0.0,48116.0,0.44740607656715237,0.17647058823529413
MSFT,2023Q1,48210.0,41965.0,6245.0,,280.49371337890625,0.0,48210.0,0.6312290782983868,0.38235294117647056
MSFT,2023Q2,47237.0,41990.0,5247.0,0.0,332.0436096191406,0.0,47237.0,0.5422060301620324,0.2647058823529412
MSFT,2023Q3,71502.0,41946.0,3748.0,25808.0,308.5238952636719,0.0,71502.0,0.4333619269067029,0.14705882352941177
MSFT,2023Q4,74219.0,44928.0,2250.0,27041.0,368.1799011230469,0.0,74219.0,0.5516298384611651,0.3235294117647059
MSFT,2024Q1,65442.0,42658.0,2249.0,20535.0,412.6877136230469,0.0,65442.0,0.6051594287538195,0.35294117647058826
MSFT,2024Q2,51630.0,42688.0,2249.0,6693.0,439.2077026367187,0.0,51630.0,0.5262413627614777,0.23529411764705882
MSFT,2024Q3,45117.0,42868.0,2249.0,0.0,423.6082458496094,0.0,45117.0,0.44829208100557605,0.20588235294117646
MSFT,2024Q4,44970.0,39722.0,5248.0,0.0,415.7756958007813,0.0,44970.0,0.2513609329596392,0.08823529411764706
MSFT,2025Q1,42881.0,39882.0,2999.0,0.0,371.034423828125,0.0,42881.0,0.22240201364986756,0.058823529411764705
MSFT,2025Q2,43151.0,40152.0,2999.0,0.0,492.5411987304687,0.0,43151.0,0.6860501244611584,0.47058823529411764
MSFT,2025Q3,43208.0,35376.0,7832.0,,513.7232666015625,0.0,43208.0,0.82384159674405,0.5588235294117647
MSFT,2025Q4,40262.0,35425.0,4837.0,,480.5711364746094,0.0,40262.0,0.7250383420284405,0.5
MSFT,2026Q1,40262.0,31423.0,8839.0,,368.6759643554687,0.0,40262.0,0.2733668003516867,0.11764705882352941
MSFT,2026Q2,40294.0,31067.0,9227.0,,372.319091796875,0.0,40294.0,0.11448494567829469,0.029411764705882353
