trimestre,deuda_declarada,fuera_balance,deuda_ajustada,empresas,lp,n_precio,pib_gm,pct_pib_deuda_declarada,d3_deuda_declarada,pct_pib_deuda_ajustada,d3_deuda_ajustada,g3_precio_pct
2015Q1,41477.0,0.0,41477.0,4,3.2348744008309467,2,18063529.0,0.2296173687876826,,0.2296173687876826,,
2015Q2,44816.0,0.0,44816.0,4,3.3563322044062254,2,18279784.0,0.24516701072616615,,0.24516701072616615,,
2015Q3,51160.0,0.0,51160.0,4,3.446766178911201,3,18401626.0,0.27801890985068384,,0.27801890985068384,,
2015Q4,58315.0,0.0,58315.0,4,3.68289966546212,3,18435137.0,0.31632528686930833,,0.31632528686930833,,
2016Q1,57915.0,0.0,57915.0,4,3.633989068408179,3,18525933.0,0.3126158342470525,,0.3126158342470525,,
2016Q2,63914.0,0.0,63914.0,4,3.646148017101487,3,18711702.0,0.34157234868319303,,0.34157234868319303,,
2016Q3,86845.0,0.0,86845.0,4,3.784545075132604,3,18892639.0,0.45967638507251424,,0.45967638507251424,,
2016Q4,97690.0,0.0,97690.0,4,3.770465499914786,3,19089379.0,0.5117505393968028,,0.5117505393968028,,
2017Q1,96698.0,0.0,96698.0,4,3.8701746806466324,3,19280084.0,0.5015434580056809,,0.5015434580056809,,
2017Q2,98907.0,0.0,98907.0,4,3.947300286172581,3,19438643.0,0.5088163818842705,,0.5088163818842705,,
2017Q3,115193.0,0.0,115193.0,4,3.9880592212027306,3,19692595.0,0.5849559187095453,,0.5849559187095453,,
2017Q4,118080.0,1837.0,119917.0,4,4.127376215145362,3,20037088.0,0.5893071887491835,,0.5984751876120922,,
2018Q1,107095.0,2345.0,109440.0,4,4.216424625357475,3,20328553.0,0.5268205759652446,0.297203207177562,0.5383560748273623,0.3087387060396797,98.15502245265284
2018Q2,104856.0,2994.0,107850.0,4,4.32558874356237,3,20580912.0,0.5094817955589139,0.2643147848327478,0.5240292558463882,0.278862245120222,96.92565391561443
2018Q3,104906.0,7400.0,112306.0,4,4.4532374448081535,3,20798730.0,0.5043865659105147,0.22636765605983084,0.5399656613649007,0.2619467515142168,100.64712658969523
2018Q4,101985.0,9100.0,111085.0,4,4.2710795101009,3,20917867.0,0.48754971049390455,0.17122442362459622,0.531053190079084,0.2147279032097757,58.81798446387796
2019Q1,101982.0,18899.0,120881.0,4,4.418693858134427,3,21111600.0,0.4830614448928551,0.17044561064580255,0.5725809507569298,0.2599651165098773,78.4704789726248
2019Q2,101097.0,19391.0,120488.0,4,4.455092531439241,3,21397938.0,0.4724614119360473,0.13088906325285427,0.5630822932564811,0.22150994457328804,80.89445143377536
2019Q3,98764.0,18216.0,116980.0,4,4.479673707621815,3,21717171.0,0.45477378245997147,-0.004902602612542772,0.5386521108113023,0.07897572573878803,69.51286324892112
2019Q4,98285.0,19357.0,117642.0,4,4.5744459546326,3,21933217.0,0.44811027949069215,-0.06364025990611066,0.5363645469791322,0.024614007582329345,80.39804547178142
2020Q1,95318.0,18602.0,113920.0,4,4.545894293671364,3,21751238.0,0.438218734952006,-0.06332472305367493,0.5237403038852317,0.02219684587955084,67.57196130247318
2020Q2,101708.0,19474.0,121182.0,4,4.813907076970456,3,19958291.0,0.5096027510571922,0.0007863691729217415,0.6071762356807003,0.09835985379642986,86.66067907978751
2020Q3,111537.0,24108.0,135645.0,4,4.88075885268962,3,21704437.0,0.513890316528367,-0.0710656021811783,0.6249643794031607,0.04000846069361541,89.26996314868899
2020Q4,108425.0,55622.0,164047.0,4,4.971141808480436,3,22087160.0,0.49089606812283704,-0.0984111206263465,0.7427256378819187,0.14425045026982652,84.37655933350739
2021Q1,105969.0,65190.0,171159.0,4,5.028508730398283,3,22704650.0,0.46672818123159787,-0.06009239473364669,0.7538499822723539,0.21549390744499164,81.20841050408076
2021Q2,123911.0,66649.0,190560.0,4,5.167185229463116,3,23456708.0,0.5282540073398193,0.01877221178090538,0.8123902126419444,0.2883609567955563,84.15964859007462
2021Q3,118631.0,56401.0,175032.0,4,5.195955693412736,3,23998844.0,0.4943196430628075,-0.01006692284770716,0.7293351296420778,0.18936946827717716,74.27182486045822
2021Q4,118628.0,59221.0,177849.0,4,5.4174861777843235,4,24823190.0,0.4778918422652366,-0.009657868228667932,0.7164631137255123,0.18540992364642828,114.64066676834238
2022Q1,114954.0,62580.0,177534.0,4,5.2377054373537755,3,25259992.0,0.45508327951964517,-0.027978165373209907,0.7028268259150675,0.13024587515813768,81.90115792193487
2022Q2,127801.0,62933.0,190734.0,4,4.953494632084104,3,25869353.0,0.49402472493223937,0.021563312996192074,0.7372971407518387,0.17421484749535765,49.84021006448636
2022Q3,137463.0,58969.0,196432.0,4,4.8993056898256855,4,26335374.0,0.5219709429605974,0.06719716050062596,0.7458865023143396,0.20723439150303735,41.963198220387014
2022Q4,144089.0,66549.0,210638.0,4,4.78300476739629,4,26774117.0,0.5381652735737279,0.09005499408303574,0.7867224902318908,0.2503579432527586,20.855881276368926
2023Q1,143015.0,67859.0,210874.0,4,5.063295923973833,4,27241282.0,0.5249936475089535,0.08677491255694753,0.7740971955725138,0.25035689168728203,51.74016303024685
2023Q2,148512.0,79859.0,228371.0,4,5.27524112547203,4,27533925.0,0.5393782397533224,0.029775488696130226,0.8294168012733383,0.22224056559263794,46.13340485015742
2023Q3,171925.0,120750.0,292675.0,4,5.284134551410251,4,28064032.0,0.6126168898325087,0.0987265733041417,1.0428829328586855,0.41791855345552475,40.33756987206303
2023Q4,172429.0,143178.0,315607.0,4,5.430416011111634,4,28464306.0,0.6057727175923417,0.11487664946950471,1.1087816439297693,0.3660560060478506,45.92742026311987
2024Q1,163589.0,142792.0,306381.0,4,5.600493690367228,4,28793191.0,0.5681516855842758,0.10142350435267788,1.064074488999847,0.31022450672749313,57.19849599689457
2024Q2,145651.0,168247.0,313898.0,4,5.690249319649742,4,29232964.0,0.49824232671035346,-0.030011680629465853,1.0737809549520876,0.26139074231014314,52.30640901866259
2024Q3,148462.0,191025.0,339487.0,4,5.680949200725436,4,29568256.0,0.5020992783612263,0.007779635298418741,1.1481468504601693,0.4188117208180915,48.499350731270056
2024Q4,153695.0,208420.0,362115.0,5,5.756310402371046,4,29929552.0,0.5135225545641311,0.035630712298894474,1.2098911470509148,0.4934280333254025,33.88242245867224
2025Q1,153271.666,238871.0,392142.66599999997,5,5.2332130154429235,5,30171979.0,0.5079934133587989,0.05291013383915372,1.2996915648125036,0.5968647388974361,-0.44924219108519736
2025Q2,166537.501,272044.0,438581.501,5,5.690570157951567,5,30630174.0,0.5437040644953568,0.04967933956311743,1.4318609518835903,0.6945638111317516,73.70755258674623
2025Q3,167637.934,321061.0,488698.934,5,5.727751451005821,5,31180493.0,0.5376372143955518,0.01566627143495436,1.5673226654883232,0.8214361631739836,82.84457611801352
2025Q4,237773.0,452243.0,690016.0,5,5.6243826170389735,5,31462523.0,0.7557340522246102,0.2175687786508823,2.193136259288551,1.4064137690566603,84.13778496426838
2026Q1,325426.0,602127.0,927553.0,5,5.521297404994682,5,31906274.0,1.0199436010610328,0.49494995355207927,2.9071178916096567,2.1330206960371427,45.800148102084925
2026Q2,356671.0,830504.0,1187175.0,4,5.901146051674172,4,32563030.0,1.0953249743651006,0.5559467346117781,3.645775592750429,2.816358791477091,62.59049262021419
