date,Omega,Omega_memory,AbsorptionRatio,Culprit_asset
2021-01-21,37.07263002140601,37.07263002140601,0.6115059790907426,BNB-USD
2021-01-24,54.01473789092304,47.23789474311623,0.6776676095717244,BNB-USD
2021-01-27,528.7644094004092,336.1538035374921,0.7453025864996968,ADA-USD
2021-01-30,47.499033183134166,313.06142190914346,0.840175286760974,ADA-USD
2021-02-02,12.7150892266977,289.0337152945478,0.8151679382646925,ADA-USD
2021-02-05,17.34471683632067,267.2985954178896,0.8456385560454098,BTC-USD
2021-02-08,13.849595062105141,247.02267538942687,0.8190310952402073,BTC-USD
2021-02-11,7.314823129122837,227.84604720860256,0.7919203767603087,SOL-USD
2021-02-14,7.718005992061339,210.23580391127928,0.7942620222458069,SOL-USD
2021-02-17,11.051406976468527,194.30105215649445,0.6499541430899433,AVAX-USD
2021-02-20,16.516127019011858,180.07825814549585,0.6352247818682055,SOL-USD
2021-02-23,30.04704614186282,168.0757611852052,0.6595608004559168,ETH-USD
2021-02-26,40.567762342659286,157.87512127780155,0.6955594274693079,ETH-USD
2021-03-01,64.40705497121272,150.39767597327443,0.7156777243358821,ETH-USD
2021-03-04,67.72024203399805,143.78348125813233,0.698497151795912,ETH-USD
2021-03-07,50.6292118059173,136.33113970195512,0.6956234445475911,BTC-USD
2021-03-10,54.29347353894701,129.76812640891447,0.7017018460446095,BTC-USD
2021-03-13,100.06169245128397,127.39161169230404,0.7161410552264593,BNB-USD
2021-03-16,68.64896651458658,122.69220007808664,0.7685010895947563,BNB-USD
2021-03-19,90.66258117925702,120.12983056618029,0.7717202793904467,BNB-USD
2021-03-22,28.006859073721486,112.75999284678359,0.7575844511832841,BNB-USD
2021-03-25,65.87031264758447,109.00881843084765,0.7590996561514152,BTC-USD
2021-03-28,166.6463023149499,143.591308761309,0.7846762206109869,ETH-USD
2021-03-31,252.53085598019487,208.9550370926405,0.6883648780473159,BTC-USD
2021-04-03,29.840174413711377,194.6258480783262,0.6061328808855467,BTC-USD
2021-04-06,41.39154765424787,182.36710404439992,0.6775699437031465,BTC-USD
2021-04-09,50.94386310506059,171.8532447692528,0.743913298142273,AVAX-USD
2021-04-12,37.80370146902225,161.12928130523434,0.7250593289033893,BTC-USD
2021-04-15,27.199186323845705,150.41487370672326,0.7448303700621758,ETH-USD
2021-04-18,50.613107917114384,142.43073244355455,0.8138735522228857,BTC-USD
2021-04-21,42.36965160449797,134.42584597643003,0.8188122428148902,ADA-USD
2021-04-24,32.444132360936415,126.26730888719054,0.8261490264746411,ADA-USD
2021-04-27,44.40108545517064,119.71801101262895,0.803208529034276,ADA-USD
2021-04-30,42.17559984743318,113.51461811941329,0.8059478483098371,ADA-USD
2021-05-03,45.431564601459385,108.06797383797698,0.7984572771313723,ADA-USD
2021-05-06,21.496990388172115,101.14229516199259,0.7355913476410609,DOT-USD
2021-05-09,24.42745861730742,95.00510823841778,0.7297822979216368,XRP-USD
2021-05-12,29.896439732347474,89.79641475793215,0.792337972549806,BTC-USD
2021-05-15,60.16545566406768,87.425938030423,0.7742265657929032,BTC-USD
2021-05-18,156.63930148820873,128.95395610509445,0.7412922658166958,AVAX-USD
2021-05-21,5213.513333126092,3179.6895823176933,0.8804751119556721,DOT-USD
2021-05-24,14499.416859067755,9971.52594836773,0.9133382261157549,DOT-USD
2021-05-27,20456.66863240654,16262.611558791017,0.9194115166819226,AVAX-USD
2021-05-30,28373.29554646829,23529.02195139738,0.9312625414254209,AVAX-USD
2021-06-02,22139.143796004326,23417.831698965936,0.9387058229663406,BNB-USD
2021-06-05,23101.355053219722,23392.51356730624,0.9487520295324207,BNB-USD
2021-06-08,16087.219969514388,22808.090079482892,0.9303007796774696,BNB-USD
2021-06-11,8401.482684191586,21655.561487859588,0.9147290409752117,BNB-USD
2021-06-14,2219.752243182324,20100.696748285405,0.8770657452253885,BNB-USD
2021-06-17,1428.168854185077,18606.89451675738,0.8325695287356211,BNB-USD
2021-06-20,1223.5235343657448,17216.224838166047,0.8285917261366365,AVAX-USD
2021-06-23,14435.448502335683,16993.76273129962,0.9156604547853449,ADA-USD
2021-06-26,20719.210951957895,19229.031663694586,0.9233480456974392,BNB-USD
2021-06-29,29710.653194972823,25518.004582461526,0.9308536673113356,BNB-USD
2021-07-02,51063.865403392,40845.52107501981,0.9420062144835986,BNB-USD
2021-07-05,71638.34918369907,59321.21794022736,0.95217951315386,BNB-USD
2021-07-08,68264.41485332062,64687.136088083316,0.9479956263582685,MATIC-USD
2021-07-11,11723.723713970136,60450.06309815426,0.8907158935922378,MATIC-USD
2021-07-14,22085.405974446643,57380.89052825765,0.9045018239215885,MATIC-USD
2021-07-17,5613.328586254124,53239.48557289737,0.8541080163780375,MATIC-USD
2021-07-20,6477.318113756871,49498.512176166136,0.8545796732161246,MATIC-USD
2021-07-23,25864.4048236879,47607.783587967875,0.8789904152572519,ADA-USD
2021-07-26,31033.99828849851,46281.880764010326,0.896075890700226,ADA-USD
2021-07-29,7054.620697097163,43143.69995865728,0.8709794612793715,ADA-USD
2021-08-01,3281.684154874865,39954.73869435469,0.8363613886678534,ADA-USD
2021-08-04,2420.5815347846733,36952.00612158909,0.8133519683457068,BNB-USD
2021-08-07,1182.6669637897503,34090.45898896515,0.7963363234259337,BNB-USD
2021-08-10,64.72268316809739,31368.400084501387,0.706475072941888,AVAX-USD
2021-08-13,324.7177177711796,28884.905495162973,0.7061677544804182,BNB-USD
2021-08-16,87.01335868724271,26581.074124244915,0.6964286471522423,BNB-USD
2021-08-19,31.327665150478794,24457.094407517357,0.6711719723161735,BNB-USD
2021-08-22,33.70403498195663,22503.223177714528,0.6798474535621397,BNB-USD
2021-08-25,24.421739853562325,20704.91906268565,0.7069096188604111,ETH-USD
2021-08-28,29.848929824291286,19050.913452056746,0.7507523633041099,ETH-USD
2021-08-31,29.499988484474294,17529.200374970966,0.7435093420427721,MATIC-USD
2021-09-03,19.783830188128633,16128.44705138834,0.7361795298433205,XRP-USD
2021-09-06,37.08007307930288,14841.137693123617,0.7112067262202074,DOGE-USD
2021-09-09,53.42884708351263,13658.12098544041,0.7708277906774734,DOGE-USD
2021-09-12,49.90077437924071,12569.463368555516,0.7903907441471705,DOGE-USD
2021-09-15,47.73945352624884,11567.725455353175,0.7517040272097458,BNB-USD
2021-09-18,55.40353841901834,10646.739701998444,0.7629771073175601,BNB-USD
2021-09-21,146.92866700692494,9806.754819199123,0.7949293114914966,BTC-USD
2021-09-24,735.9628163045521,9081.091458967558,0.8729614202863627,BNB-USD
2021-09-27,2186.6658353585754,8529.53740907884,0.8690834604233053,XRP-USD
2021-09-30,6189.63422319261,8342.345154207942,0.8803924889261844,XRP-USD
2021-10-03,4484.690043374146,8033.732745341238,0.9042251843751945,XRP-USD
2021-10-06,9424.793523580904,8868.369212285037,0.899959480735774,XRP-USD
2021-10-09,14850.532146578485,12457.666972861107,0.9073807057695442,XRP-USD
2021-10-12,1484.6548645978316,11579.826004200046,0.7920703605987787,MATIC-USD
2021-10-15,580.8603879015689,10699.908754896167,0.718705857340353,ADA-USD
2021-10-18,247.0217044766432,9863.677790862606,0.692309082825038,ADA-USD
2021-10-21,65.1144427122302,9079.792723010576,0.6516352327329303,ADA-USD
2021-10-24,35.45071345355805,8356.245362246016,0.6263698135282715,ADA-USD
2021-10-27,117.83754230759689,7697.172736650943,0.666109462948314,ADA-USD
2021-10-30,282.17450255950695,7103.972877923628,0.6826495355554849,ADA-USD
2021-11-02,337.2884081072964,6562.638120338322,0.7000162568361513,ADA-USD
2021-11-05,277.19809691896995,6059.802918464774,0.7224939333729583,ADA-USD
2021-11-08,202.15961627909778,5591.19145428992,0.692281686411321,ADA-USD
2021-11-11,472.3164561924393,5181.681454442122,0.714995000278782,ETH-USD
2021-11-14,606.845454593319,4815.694574454218,0.7391348828668751,ETH-USD
2021-11-17,262.64250696686474,4451.45040905523,0.6756587666389426,ETH-USD
2021-11-20,1658.8201460088196,4228.039988011517,0.765889213894975,ETH-USD
2021-11-23,410.62280505851436,3922.646613375277,0.8067075010620598,DOGE-USD
2021-11-26,1332.1161422949328,3715.4041756888496,0.8522807084057379,DOT-USD
2021-11-29,1702.759684197072,3554.3926163695073,0.8941868499985194,DOT-USD
2021-12-02,593.4791215113557,3317.519536780855,0.8398888132607711,XRP-USD
2021-12-05,922.933503976726,3125.9526541565247,0.82491458691445,XRP-USD
2021-12-08,1248.38181515932,2975.7469870367486,0.7758013043808213,DOGE-USD
2021-12-11,1742.122191058601,2877.057003358497,0.7702227801827677,DOGE-USD
2021-12-14,4731.5206411445215,3989.7351860301114,0.7894528946503736,BTC-USD
2021-12-17,3809.9450655250466,3975.351976389706,0.7784616586544889,BNB-USD
2021-12-20,3037.759357051236,3900.344566842629,0.7802962876725923,BTC-USD
2021-12-23,6311.78150908555,5347.2067321883815,0.8327871074279913,BTC-USD
2021-12-26,1601.9773747228517,5047.58838359114,0.8176069943581249,ETH-USD
2021-12-29,2582.3841769201294,4850.372047057459,0.8202444871838688,ETH-USD
2022-01-01,1830.0282705142165,4608.744544934,0.8402240662618989,ETH-USD
2022-01-04,747.2623264827737,4299.825967457902,0.8270680768971824,SOL-USD
2022-01-07,3819.1963970955912,4261.375601828918,0.8405651767675119,BTC-USD
2022-01-10,5920.577952039729,5256.897011955405,0.8238179983812013,BNB-USD
2022-01-13,7435.0538694155675,6563.791126431503,0.8435288633023494,XRP-USD
2022-01-16,5676.079650236996,6492.774208335943,0.843321934004694,BNB-USD
2022-01-19,928.4320952715934,6047.626839290795,0.8272138675084879,BNB-USD
2022-01-22,2467.4229027604742,5761.210524368369,0.879918308095884,BNB-USD
2022-01-25,2457.1562306287465,5496.886180869199,0.8912685705661778,BNB-USD
2022-01-28,2224.438512685559,5235.090367414508,0.8921516294545858,XRP-USD
2022-01-31,1994.09330158669,4975.810602148284,0.8907645294526599,XRP-USD
2022-02-03,1758.6832747059232,4718.440415952895,0.9065072678733681,XRP-USD
2022-02-06,37279.66137151972,24255.17298929299,0.9212324155833147,XRP-USD
2022-02-09,24820.114918573498,24594.138146861296,0.9004899143498551,ETH-USD
2022-02-12,5173.039901329616,23040.450287218766,0.854303028050238,ETH-USD
2022-02-15,5255.991673587073,21617.69359812823,0.872554908528018,ADA-USD
2022-02-18,10048.874113344596,20692.188039345543,0.8977104258708335,ADA-USD
2022-02-21,17980.019240737813,20475.214535456926,0.9082892157764519,ADA-USD
2022-02-24,11723.416804017585,19775.07071694178,0.8882724107405158,ADA-USD
2022-02-27,16253.291586535475,19493.328386509278,0.8818996208004676,MATIC-USD
2022-03-02,44902.31339969034,34738.719394417916,0.9180307944325017,ADA-USD
2022-03-05,72683.79697166562,57505.765940766534,0.9257185486079081,ADA-USD
2022-03-08,74122.92930678728,67476.06396037899,0.9211910021515021,ADA-USD
2022-03-11,31039.45036137285,64561.1348724585,0.9221773319764694,ADA-USD
2022-03-14,18691.440016032844,60891.55928394444,0.9241577550993767,ETH-USD
2022-03-17,13024.045012942008,57062.158142264256,0.9245351024788753,DOGE-USD
2022-03-20,6651.888269952222,53029.33655247929,0.8976019703558011,DOGE-USD
2022-03-23,3032.8219543425516,49029.615384628356,0.8621521744480162,SOL-USD
2022-03-26,1257.583971149272,45207.85287155003,0.8099412890319792,MATIC-USD
2022-03-29,681.0906788875047,41645.71189613703,0.8098107566586568,MATIC-USD
2022-04-01,939.2404796701309,38389.19418281968,0.8001170665560863,MATIC-USD
2022-04-04,788.4215986910027,35381.13237608939,0.7855414583818264,MATIC-USD
2022-04-07,2917.3733739154604,32784.031655915474,0.8480092970334107,MATIC-USD
2022-04-10,2396.4565911201657,30353.02565073185,0.8649085431256326,MATIC-USD
2022-04-13,4376.3738862096325,28274.893509570076,0.9196177284896644,MATIC-USD
2022-04-16,2443.156185799126,26208.3545236684,0.9074227563197091,ADA-USD
2022-04-19,2701.9081205108687,24327.8388114158,0.9145745544957126,ADA-USD
2022-04-22,2798.8785966266246,22605.52199423267,0.938158864197934,ADA-USD
2022-04-25,6787.547356125561,21340.084023184103,0.9355394284628318,ADA-USD
2022-04-28,4865.502506992967,20022.117501888813,0.9107384933274097,ADA-USD
2022-05-01,3669.1994093643116,18713.884054486854,0.9001744640037513,ADA-USD
2022-05-04,5234.769854335096,17635.554918474714,0.906234589698926,ETH-USD
2022-05-07,5277.182947749366,16646.885160816688,0.9266934282750436,ETH-USD
2022-05-10,18144.206213402824,17545.277792368368,0.953541075817143,SOL-USD
2022-05-13,41991.092452889956,32212.76658868132,0.94747096712139,XRP-USD
2022-05-16,95503.6233922088,70187.2806707978,0.9564921564001297,XRP-USD
2022-05-19,118287.08506179057,99047.16330539346,0.960480951700906,MATIC-USD
2022-05-22,107658.08859159866,104213.71847711658,0.9620397731249525,MATIC-USD
2022-05-25,92898.28197852499,103308.48355722925,0.9619911366764509,MATIC-USD
2022-05-28,82495.54265006383,101643.44828465603,0.9567620664496778,MATIC-USD
2022-05-31,40167.93139797283,96725.40693372137,0.9215413374318397,MATIC-USD
2022-06-03,101098.36841985844,99349.1838254036,0.951336823047011,MATIC-USD
2022-06-06,48333.160323441545,95267.90194524663,0.9399984954322317,MATIC-USD
2022-06-09,25335.10901075897,89673.27851048762,0.9201007764056678,MATIC-USD
2022-06-12,41797.09215331026,85843.18360191344,0.926115918132483,MATIC-USD
2022-06-15,29591.82349844828,81343.07479363623,0.9006722120120844,XRP-USD
2022-06-18,27290.985317479826,77018.90763554373,0.9198476990191593,XRP-USD
2022-06-21,39758.60368903423,74038.08331982298,0.9281641898254694,XRP-USD
2022-06-24,39205.04666114265,71251.44038712856,0.9113975181883145,ETH-USD
2022-06-27,31692.82318907122,68086.75101128397,0.9016562869178808,XRP-USD
2022-06-30,24993.924196954762,64639.324866137635,0.8966379222107899,BNB-USD
2022-07-03,8467.6311122815,60145.589365829146,0.8861712670409406,BNB-USD
2022-07-06,2475.6006459679916,55531.99026824026,0.8545921731050692,ETH-USD
2022-07-09,565.6794253218872,51134.6854008068,0.8670434621156173,SOL-USD
2022-07-12,1880.1017422875748,47194.31870812526,0.8987249136945181,ETH-USD
2022-07-15,1259.9602740588418,43519.57003339995,0.8826134632156978,ETH-USD
2022-07-18,6853.934103110865,40586.319158976825,0.9272189815175524,AVAX-USD
2022-07-21,7699.968198518666,37955.41108214018,0.9354035169069982,AVAX-USD
2022-07-24,11586.973602695089,35845.93608378457,0.9266368109027162,AVAX-USD
2022-07-27,30504.067134622994,35418.58656785164,0.9497583184836877,AVAX-USD
2022-07-30,40082.29642376899,38216.81248140205,0.9340642892379819,AVAX-USD
2022-08-02,42112.3562413432,40554.13873736674,0.9180265981577617,AVAX-USD
2022-08-05,18133.004519662332,38760.44799995039,0.9118911942105121,AVAX-USD
2022-08-08,13372.739755983714,36729.43134043306,0.8728890284827476,SOL-USD
2022-08-11,5928.4952015089975,34265.35644931914,0.8849621814585987,MATIC-USD
2022-08-14,468.70480051479547,31561.62431741479,0.7957521552583959,BTC-USD
2022-08-17,69.73785472676101,29042.27340039975,0.7395266425665004,BTC-USD
2022-08-20,1029.7385654603734,26801.2706136046,0.8384581619841491,ADA-USD
2022-08-23,1013.3711934881762,24738.238659995288,0.8501958581719948,ADA-USD
2022-08-26,2044.7201074504717,22922.757175791703,0.884899762453235,BTC-USD
2022-08-29,2372.880354909264,21278.76703012111,0.8874575486420885,BTC-USD
2022-09-01,2163.414671030078,19749.538841393827,0.8777541672275683,SOL-USD
2022-09-04,7082.00552250407,18736.136175882646,0.8875878529200271,DOT-USD
2022-09-07,54087.26376546166,39946.81272963005,0.920340602709065,DOT-USD
2022-09-10,30596.02804363589,39198.749954750514,0.905289233044881,DOGE-USD
2022-09-13,50597.58089222513,46038.048517235286,0.9031199748493423,DOGE-USD
2022-09-16,19274.941762566465,43896.999976861785,0.8591922704843241,DOGE-USD
2022-09-19,16895.750528474917,41736.90002099084,0.8748648060686842,DOGE-USD
2022-09-22,6757.764156454135,38938.569151827905,0.9007029659194332,AVAX-USD
2022-09-25,8639.629548413408,36514.65398355475,0.9056341392305782,AVAX-USD
2022-09-28,4378.635030201702,33943.77246728651,0.8994421766503534,AVAX-USD
2022-10-01,5546.751852688907,31672.0108181187,0.9007459300174544,AVAX-USD
2022-10-04,3215.684922032785,29395.504746431827,0.9009615696875781,AVAX-USD
2022-10-07,2205.903244256539,27220.336626257802,0.89609389204948,AVAX-USD
2022-10-10,5116.002362141365,25451.98988512849,0.8741661904254584,AVAX-USD
2022-10-13,753.4223896396777,23476.104485489384,0.811684901719451,AVAX-USD
2022-10-16,1940.7153236283864,21753.273352540502,0.817699239865481,AVAX-USD
2022-10-19,2136.916807942155,20183.964828972632,0.8125994486759678,AVAX-USD
2022-10-22,2163.587857776891,18742.334671276974,0.7841275925424949,SOL-USD
2022-10-25,707.0752217665536,17299.51391531614,0.834842698453202,SOL-USD
2022-10-28,1085.8845759100118,16002.423568163651,0.8425620602199336,BNB-USD
2022-10-31,205.72483943071023,14738.687669865018,0.8841048835967654,SOL-USD
2022-11-03,266.39692667913306,13580.904410410147,0.8942912397805154,SOL-USD
2022-11-06,338.5663443211321,12521.517365123027,0.886290849491956,BTC-USD
2022-11-09,2835.1064038687164,11746.604488222682,0.9253088463661643,BTC-USD
2022-11-12,4646.721524679228,11178.613851139206,0.9315254446075618,BTC-USD
2022-11-15,4537.900119583338,10647.356752614736,0.9319299950258388,BTC-USD
2022-11-18,22885.044166695945,17989.96920106346,0.9262692479313367,BTC-USD
2022-11-21,53803.81750592875,39478.278183982635,0.9459146041867055,ADA-USD
2022-11-24,62110.35947994125,53057.52696155781,0.94928073163022,BTC-USD
2022-11-27,36984.82500836804,51771.71080530263,0.9501218811494251,BTC-USD
2022-11-30,1531.3814770088306,47752.48445903913,0.8178268227602035,ADA-USD
2022-12-03,1199.328797425178,44028.23200611002,0.8087116930806861,ETH-USD
2022-12-06,1588.1858320022066,40633.02831218139,0.8410889955807764,ETH-USD
2022-12-09,2616.9982987073668,37591.74591110348,0.854425977935598,ADA-USD
2022-12-12,886.2247529469112,34655.30421845095,0.813108158171479,BTC-USD
2022-12-15,2249.12522366393,32062.80989886799,0.8382040186846799,ETH-USD
2022-12-18,31782.044062957404,32040.348631995144,0.890189055145671,ETH-USD
2022-12-21,58719.16508242625,48047.63850225381,0.9114819232873524,MATIC-USD
2022-12-24,30990.457789936227,46683.0640452684,0.9180849518483223,MATIC-USD
2022-12-27,24141.99758647051,44879.778728564575,0.9024847109103483,MATIC-USD
2022-12-30,8347.065247403038,41957.161650071655,0.8905649522877863,ADA-USD
2023-01-02,6731.3727835925865,39139.09854075333,0.9099599301620472,MATIC-USD
2023-01-05,553.8182496373759,36052.276117464055,0.8783614120000605,MATIC-USD
2023-01-08,513.942449855446,33209.20942405536,0.873359680643554,MATIC-USD
2023-01-11,306.45119151562216,30576.988765452188,0.8397467804798762,ETH-USD
2023-01-14,441.13040719945195,28166.12009679197,0.851660473314324,ETH-USD
2023-01-17,301.1839975384302,25936.925208851684,0.8377327781906009,ETH-USD
2023-01-20,1448.9297759004678,23977.88557421559,0.8697360704947422,ETH-USD
2023-01-23,1650.0526548823118,22191.658940668927,0.8760043830345132,ETH-USD
2023-01-26,1969.7253484291382,20573.904253289744,0.8591477347939139,ETH-USD
2023-01-29,1504.0092930893302,19048.312656473714,0.8707547296241193,ETH-USD
2023-02-01,3314.909401967801,17789.640396113242,0.8609763656298125,ETH-USD
2023-02-04,2078.9534337170276,16532.785439121544,0.823700306755509,ETH-USD
2023-02-07,2728.5478845515067,15428.446434755942,0.8341235634670158,ETH-USD
2023-02-10,4125.900686154216,14524.242774867804,0.8438065675986615,ADA-USD
2023-02-13,3709.8414600869355,13659.090669685334,0.8403019411176198,ADA-USD
2023-02-16,9222.50205851954,13304.16358079207,0.9009348580150073,ETH-USD
2023-02-19,7491.158834084452,12839.123201055461,0.8733426283216793,ETH-USD
2023-02-22,7882.576499482478,12442.599464929623,0.8971876349299117,ETH-USD
2023-02-25,8490.505508664786,12126.431948428437,0.9047367946397569,ETH-USD
2023-02-28,9039.604762366076,11879.485773543449,0.8987668762715306,ETH-USD
2023-03-03,7999.889712187603,11569.118088634983,0.8766559448372283,BTC-USD
2023-03-06,6349.528751578826,11151.550941670492,0.898143905053943,BTC-USD
2023-03-09,960.3939112632612,10336.258379237914,0.8393797282142973,DOGE-USD
2023-03-12,1122.8793342874062,9599.188055641873,0.9088806867373046,DOT-USD
2023-03-15,1424.2906888780353,8945.196266300767,0.9249086996813639,DOT-USD
2023-03-18,2689.99806939718,8444.780410548481,0.9236414839188013,DOT-USD
2023-03-21,943.5889967191974,7844.685097442139,0.8972505693160255,DOGE-USD
2023-03-24,1814.016042334985,7362.231573033567,0.9007103299253327,DOT-USD
2023-03-27,1033.0516101157866,6855.897176000144,0.9048923073702487,DOT-USD
2023-03-30,1076.7908935991886,6393.568673408067,0.9134789130867829,DOT-USD
2023-04-02,1291.8228824204189,5985.429010129056,0.8891622379988683,DOT-USD
2023-04-05,461.1640801162587,5543.487815728033,0.8264108652842487,ETH-USD
2023-04-08,394.0767682311141,5131.53493192828,0.8370629233984292,ETH-USD
2023-04-11,122.07077961773928,4730.777799743437,0.8120825289613939,MATIC-USD
2023-04-14,45.957364090656895,4355.992164891215,0.7821759519446956,MATIC-USD
2023-04-17,105.73615995092305,4015.971684495992,0.792799942917867,MATIC-USD
2023-04-20,325.37666294607766,3720.724082771999,0.8574462142838152,MATIC-USD
2023-04-23,6972.286947286159,5671.661801480495,0.846750916880771,DOT-USD
2023-04-26,7841.679165990761,6973.672220186655,0.8697364402841393,MATIC-USD
2023-04-29,5158.670241329763,6828.472061878104,0.8658012726448938,MATIC-USD
2023-05-02,2479.013978188521,6480.515415182937,0.8603968836306511,DOT-USD
2023-05-05,2259.921631331231,6142.867912474801,0.8716336804621853,DOT-USD
2023-05-08,2245.30034660134,5831.062507204925,0.8930791092723782,AVAX-USD
2023-05-11,1137.277424066798,5455.559700553875,0.8401362589513465,AVAX-USD
2023-05-14,674.7848202389716,5073.097710128683,0.8400375440139514,AVAX-USD
2023-05-17,466.22325424109897,4704.5477536576755,0.8195882421637641,AVAX-USD
2023-05-20,2515.4788984948686,4529.422245244651,0.8629422670886094,AVAX-USD
2023-05-23,4066.086480864622,4492.3553840942495,0.8750151217707877,AVAX-USD
2023-05-26,6666.803376460287,5797.024179513872,0.8664750020278369,AVAX-USD
2023-05-29,1554.940995785716,5457.65752481562,0.820926948880576,AVAX-USD
2023-06-01,584.6883469056824,5067.819990582825,0.808718303522883,DOT-USD
2023-06-04,760.689627884858,4723.249561566988,0.8231381559100037,BNB-USD
2023-06-07,11412.781747776284,8736.968873292564,0.8830858551347924,DOT-USD
2023-06-10,10677.232505613318,9901.127052685017,0.8875704683673291,DOT-USD
2023-06-13,9807.362970933737,9893.625926144916,0.8674558134200292,DOT-USD
2023-06-16,7011.851567100783,9663.083977421385,0.8358494557327802,AVAX-USD
2023-06-19,9067.297723893618,9615.421077139164,0.8512666636082675,AVAX-USD
2023-06-22,6093.023229860724,9333.62924935689,0.8556027614593836,AVAX-USD
2023-06-25,3795.883821653298,8890.609615140604,0.855423044904297,AVAX-USD
2023-06-28,3779.8078624310097,8481.745474923837,0.8659422339975552,AVAX-USD
2023-07-01,2015.5159201304593,7964.447110540367,0.8264491902472976,ADA-USD
2023-07-04,2137.333944262937,7498.278057238173,0.8305911241405421,ADA-USD
2023-07-07,2213.016396704454,7075.457124395475,0.8687353658113017,ADA-USD
2023-07-10,1850.8998988405801,6657.492546351084,0.8369185085748574,ADA-USD
2023-07-13,7484.331257579787,7153.595773088306,0.9312649647478269,ADA-USD
2023-07-16,2874.4499978306235,6811.2641110676905,0.9194557074542664,ADA-USD
2023-07-19,2212.0343101067956,6443.325726990819,0.9197510503983528,ADA-USD
2023-07-22,2536.621608477092,6130.789397509721,0.9188815694738558,ETH-USD
2023-07-25,1147.6376974325037,5732.137261503544,0.9026203265127004,ETH-USD
2023-07-28,840.0908209639404,5340.773546260376,0.9046535402394063,ETH-USD
2023-07-31,1157.5289871323084,5006.113981530131,0.916408870821597,MATIC-USD
2023-08-03,66.61948584134782,4610.954421875029,0.70007477244444,ETH-USD
2023-08-06,85.22960221829815,4248.896436302491,0.7207295784744664,ETH-USD
2023-08-09,158.82494010479994,3921.690716606676,0.8572357994330371,ETH-USD
2023-08-12,83.55425565918813,3614.639799730877,0.8559889678393033,ETH-USD
2023-08-15,7295.251099286761,5823.006579464407,0.839648200462441,DOT-USD
2023-08-18,13773.031560874115,10593.021568310232,0.891051444613712,MATIC-USD
2023-08-21,16557.57935080072,14171.756237804524,0.8980163976354393,MATIC-USD
2023-08-24,16517.941315341468,15579.46728432669,0.8949639405252501,MATIC-USD
2023-08-27,16151.81302732859,15922.87473012783,0.9018697845576606,MATIC-USD
2023-08-30,19009.915332459794,17775.09909152701,0.8914554549278851,MATIC-USD
2023-09-02,24613.41526170854,21878.088793635925,0.8911401126445887,MATIC-USD
2023-09-05,16183.37050987856,21422.511330935336,0.8971821323141368,MATIC-USD
2023-09-08,13556.400067388657,20793.222429851605,0.8725694317905672,ETH-USD
2023-09-11,26976.50623380777,24503.192712225304,0.8987386035661367,ETH-USD
2023-09-14,39282.7883545891,33370.95009764358,0.9052943133322434,MATIC-USD
2023-09-17,47305.639493021845,41731.76373487054,0.9079742099758089,ETH-USD
2023-09-20,4960.659377813251,38790.07538630596,0.8530118301619963,ADA-USD
2023-09-23,7841.387208230226,36314.1803320599,0.8758777391237391,ADA-USD
2023-09-26,8655.035348328045,34101.44873336135,0.8758340648175448,ADA-USD
2023-09-29,9536.116069168154,32136.222120225895,0.8837080109402246,MATIC-USD
2023-10-02,5347.813496582925,29993.14943033446,0.9113824016793238,MATIC-USD
2023-10-05,1496.563931429489,27713.422590422062,0.8637210471306349,MATIC-USD
2023-10-08,1651.542263961076,25628.472164305185,0.8692366611534506,MATIC-USD
2023-10-11,2706.7824555142747,23794.73698760191,0.8720690085553999,ETH-USD
2023-10-14,2771.398554379822,22112.869912944145,0.8702163510370252,ETH-USD
2023-10-17,3896.006176673371,20655.520814042484,0.8750167044109056,ETH-USD
2023-10-20,1724.3057681920363,19141.023610374446,0.8626897637766945,ETH-USD
2023-10-23,4573.446334811236,17975.61742832939,0.8455217589130609,ETH-USD
2023-10-26,3080.3963155944957,16783.999739310602,0.8238734172410028,ADA-USD
2023-10-29,1777.6241800973164,15583.48969457354,0.7967003303762757,ADA-USD
2023-11-01,387.7523634292078,14367.830708081994,0.781474858605714,ETH-USD
2023-11-04,303.9712599794895,13242.721952233795,0.7766241465952786,DOT-USD
2023-11-07,151.25333203565242,12195.404462617944,0.7435490733516238,DOT-USD
2023-11-10,39.60566331490523,11222.940558673701,0.7068264846058756,DOT-USD
2023-11-13,25.434999936735498,10327.140113974745,0.6838671235483851,DOT-USD
2023-11-16,67.3090233572423,9506.353626725344,0.6881744107451544,DOT-USD
2023-11-19,57.79713961761047,8750.469107756726,0.6730407008912564,DOT-USD
2023-11-22,309.97592031550926,8075.229652761429,0.7367637617746511,DOT-USD
2023-11-25,321.67209469722206,7454.945048116293,0.7507772538539631,DOT-USD
2023-11-28,300.3330895164886,6882.576091428309,0.7838038212815105,BTC-USD
2023-12-01,830.2283495935425,6398.388272081528,0.7936853767600559,BTC-USD
2023-12-04,1213.8211039659118,5983.622898632279,0.8423215013903959,XRP-USD
2023-12-07,5503.572969692378,5945.218904317087,0.8153586605404762,MATIC-USD
2023-12-10,2442.5988833905635,5665.009302642966,0.8334727220898713,BNB-USD
2023-12-13,33.81962757565021,5214.514128637581,0.750908756386721,XRP-USD
2023-12-16,84.72450276709861,4804.130958567943,0.7572241634905881,XRP-USD
2023-12-19,23.526815296721097,4421.6826271062455,0.7662699280455608,DOGE-USD
2023-12-22,78.1827275017179,4074.2026351378836,0.7494313922703879,DOGE-USD
2023-12-25,106.37937197466559,3756.7767740848267,0.7587102757355063,DOGE-USD
2023-12-28,48.64948303957755,3460.126590801207,0.7297651155188802,DOGE-USD
